,core,total
0,0.0078135337680578,0.0078135337680578
1,0.007813167758286,0.007813167758286
2,0.007812887430191,0.007812887430191
3,0.0078119309619069,0.0078119309619069
4,0.0078113940544426,0.0078113940544426
5,0.0078107225708663,0.0078107225708663
6,0.0078100855462253,0.0078100855462253
7,0.0078096557408571,0.0078096557408571
8,0.0078091714531183,0.0078091714531183
9,0.007808391470462,0.007808391470462
10,0.0078078447841107,0.0078078447841107
11,0.0078069297596812,0.0078069297596812
12,0.0078060603700578,0.0078060603700578
13,0.0078055229969322,0.0078055229969322
14,0.007804752793163,0.007804752793163
15,0.0078042531386017,0.0078042531386017
16,0.0078036868944764,0.0078036868944764
17,0.007803177461028,0.007803177461028
18,0.0078021055087447,0.0078021055087447
19,0.007801339495927,0.007801339495927
20,0.0078007034026086,0.0078007034026086
21,0.0077999285422265,0.0077999285422265
22,0.0077993054874241,0.0077993054874241
23,0.0077982787042856,0.0077982787042856
24,0.0077975220046937,0.0077975220046937
25,0.0077962265349924,0.0077962265349924
26,0.0077958670444786,0.0077958670444786
27,0.0077944486401975,0.0077944486401975
28,0.0077939666807651,0.0077939666807651
29,0.0077926940284669,0.0077926940284669
30,0.00779185956344,0.00779185956344
31,0.0077902283519506,0.0077902283519506
32,0.0077894432470202,0.0077894432470202
33,0.0077887750230729,0.0077887750230729
34,0.0077880080789327,0.0077880080789327
35,0.0077869640663266,0.0077869640663266
36,0.0077844648621976,0.0077844648621976
37,0.0077838883735239,0.0077838883735239
38,0.007782912813127,0.007782912813127
39,0.0077817472629249,0.0077817472629249
40,0.007780207786709,0.007780207786709
41,0.0077789523638784,0.0077789523638784
42,0.007777611259371,0.007777611259371
43,0.0077763935551047,0.0077763935551047
44,0.0077744373120367,0.0077744373120367
45,0.0077739502303302,0.0077739502303302
46,0.0077717858366668,0.0077717858366668
47,0.007770128082484,0.007770128082484
48,0.0077679199166595,0.0077679199166595
49,0.0077663054689764,0.0077663054689764
50,0.007764799054712,0.007764799054712
51,0.0077635375782847,0.0077635375782847
52,0.0077602840028703,0.0077602840028703
53,0.0077591971494257,0.0077591971494257
54,0.0077574397437274,0.0077574397437274
55,0.0077554313465952,0.0077554313465952
56,0.0077533437870442,0.0077533437870442
57,0.0077511123381555,0.0077511123381555
58,0.0077488468959927,0.0077488468959927
59,0.0077466154471039,0.0077466154471039
60,0.0077437073923647,0.0077437073923647
61,0.0077424859628081,0.0077424859628081
62,0.0077391532249748,0.0077391532249748
63,0.0077362176962196,0.0077362176962196
64,0.0077340551652014,0.0077340551652014
65,0.0077302511781454,0.0077302511781454
66,0.0077278134413063,0.0077278134413063
67,0.0077242851257324,0.0077242851257324
68,0.0077210636809468,0.0077210636809468
69,0.0077179064974188,0.0077179064974188
70,0.0077143986709415,0.0077143986709415
71,0.0077102924697101,0.0077102924697101
72,0.0077067194506525,0.0077067194506525
73,0.0077036637812852,0.0077036637812852
74,0.0076992232352495,0.0076992232352495
75,0.0076944297179579,0.0076944297179579
76,0.00769156916067,0.00769156916067
77,0.0076857348904013,0.0076857348904013
78,0.0076801260001957,0.0076801260001957
79,0.0076754293404519,0.0076754293404519
80,0.0076716979965567,0.0076716979965567
81,0.0076655740849673,0.0076655740849673
82,0.0076572154648602,0.0076572154648602
83,0.0076525146141648,0.0076525146141648
84,0.0076439501717686,0.0076439501717686
85,0.0076387273147702,0.0076387273147702
86,0.0076302560046315,0.0076302560046315
87,0.007625191938132,0.007625191938132
88,0.0076153776608407,0.0076153776608407
89,0.0076081100851297,0.0076081100851297
90,0.0075968271121382,0.0075968271121382
91,0.0075882161036133,0.0075882161036133
92,0.007579933386296,0.007579933386296
93,0.0075674527324736,0.0075674527324736
94,0.0075593427754938,0.0075593427754938
95,0.0075493780896067,0.0075493780896067
96,0.0075364648364484,0.0075364648364484
97,0.007523049134761,0.007523049134761
98,0.0075093139894306,0.0075093139894306
99,0.0074967499822378,0.0074967499822378
100,0.0074788611382246,0.0074788611382246
101,0.0074665327556431,0.0074665327556431
102,0.0074534560553729,0.0074534560553729
103,0.0074324402958154,0.0074324402958154
104,0.0074160867370665,0.0074160867370665
105,0.0074066752567887,0.0074066752567887
106,0.0073808305896818,0.0073808305896818
107,0.0073682907968759,0.0073682907968759
108,0.0073386500589549,0.0073386500589549
109,0.007318983785808,0.007318983785808
110,0.007302121259272,0.007302121259272
111,0.0072753159329295,0.0072753159329295
112,0.0072553274221718,0.0072553274221718
113,0.0072361901402473,0.0072361901402473
114,0.0072148996405303,0.0072148996405303
115,0.0071780714206397,0.0071780714206397
116,0.007158173713833,0.007158173713833
117,0.0071268072351813,0.0071268072351813
118,0.0071229403838515,0.0071229403838515
119,0.0070804725401103,0.0070804725401103
120,0.0070681986398994,0.0070681986398994
121,0.0070440866984426,0.0070440866984426
122,0.0070145148783922,0.0070145148783922
123,0.0070013748481869,0.0070013748481869
124,0.0069607822224497,0.0069607822224497
125,0.0069421967491507,0.0069421967491507
126,0.0069236787967383,0.0069236787967383
127,0.0069126542657613,0.0069126542657613
128,0.0068875378929078,0.0068875378929078
129,0.006875667721033,0.006875667721033
130,0.0068564950488507,0.0068564950488507
131,0.0068483664654195,0.0068483664654195
132,0.0068195201456546,0.0068195201456546
133,0.0068280240520834,0.0068280240520834
134,0.0067849718034267,0.0067849718034267
135,0.0067696413025259,0.0067696413025259
136,0.0067498418502509,0.0067498418502509
137,0.0067431549541652,0.0067431549541652
138,0.0067451484501361,0.0067451484501361
139,0.0067080426961183,0.0067080426961183
140,0.0067273168824613,0.0067273168824613
141,0.0067047756165266,0.0067047756165266
142,0.0066737788729369,0.0066737788729369
143,0.0066614677198231,0.0066614677198231
144,0.0066542127169668,0.0066542127169668
145,0.0066363867372274,0.0066363867372274
146,0.0066370801068842,0.0066370801068842
147,0.0065919701009988,0.0065919701009988
148,0.0065771117806434,0.0065771117806434
149,0.0065889041870832,0.0065889041870832
150,0.0065471804700791,0.0065471804700791
151,0.0065647820010781,0.0065647820010781
152,0.0065587344579398,0.0065587344579398
153,0.006541745737195,0.006541745737195
154,0.0065097343176603,0.0065097343176603
155,0.0065162889659404,0.0065162889659404
156,0.0065197623334825,0.0065197623334825
157,0.0064833601936697,0.0064833601936697
158,0.0064560156315565,0.0064560156315565
159,0.0064804516732692,0.0064804516732692
160,0.0064609870314598,0.0064609870314598
161,0.006402070634067,0.006402070634067
162,0.0064021931029856,0.0064021931029856
163,0.0064044739119708,0.0064044739119708
164,0.0063858572393655,0.0063858572393655
165,0.006342215463519,0.006342215463519
166,0.0063363374210894,0.0063363374210894
167,0.0063674794510006,0.0063674794510006
168,0.0063500385731458,0.0063500385731458
169,0.0062822252511978,0.0062822252511978
170,0.0062859198078513,0.0062859198078513
171,0.0062971375882625,0.0062971375882625
172,0.0062886262312531,0.0062886262312531
173,0.0062715173698961,0.0062715173698961
174,0.0062936935573816,0.0062936935573816
175,0.0062672900967299,0.0062672900967299
176,0.0062515405006706,0.0062515405006706
177,0.0062435278668999,0.0062435278668999
178,0.0062111588194966,0.0062111588194966
179,0.0062175057828426,0.0062175057828426
180,0.0061854994855821,0.0061854994855821
181,0.0061967466026544,0.0061967466026544
182,0.0061765732243657,0.0061765732243657
183,0.006156223360449,0.006156223360449
184,0.0061790128238499,0.0061790128238499
185,0.0061441911384463,0.0061441911384463
186,0.0061569879762828,0.0061569879762828
187,0.0061479420401155,0.0061479420401155
188,0.0061093899421393,0.0061093899421393
189,0.0061230263672769,0.0061230263672769
190,0.0060644843615591,0.0060644843615591
191,0.0061201388016343,0.0061201388016343
192,0.0060997395776212,0.0060997395776212
193,0.0060814432799816,0.0060814432799816
194,0.0060404064133763,0.0060404064133763
195,0.0060496823862195,0.0060496823862195
196,0.0060185575857758,0.0060185575857758
197,0.0059789926744997,0.0059789926744997
198,0.0060369479469954,0.0060369479469954
199,0.0059482702054083,0.0059482702054083
200,0.0060042482800781,0.0060042482800781
201,0.005990071222186,0.005990071222186
202,0.0059286546893417,0.0059286546893417
203,0.0059520173817873,0.0059520173817873
204,0.0059752487577497,0.0059752487577497
205,0.0059561249800026,0.0059561249800026
206,0.0059867645613849,0.0059867645613849
207,0.0058969720266759,0.0058969720266759
208,0.0059384396299719,0.0059384396299719
209,0.0060056829825043,0.0060056829825043
210,0.005913074593991,0.005913074593991
211,0.0059281210415065,0.0059281210415065
212,0.0058775437064468,0.0058775437064468
213,0.0059223449788987,0.0059223449788987
214,0.0059141973033547,0.0059141973033547
215,0.0059559168294072,0.0059559168294072
216,0.0059156832285225,0.0059156832285225
217,0.0058587612584233,0.0058587612584233
218,0.0059747537598013,0.0059747537598013
219,0.0059510162100195,0.0059510162100195
220,0.0058871302753686,0.0058871302753686
221,0.0059451977722346,0.0059451977722346
222,0.0060350415296852,0.0060350415296852
223,0.005961031652987,0.005961031652987
224,0.0058905696496367,0.0058905696496367
225,0.0058517227880656,0.0058517227880656
226,0.0058945789933204,0.0058945789933204
227,0.0059021334163844,0.0059021334163844
228,0.0059325499460101,0.0059325499460101
229,0.0058711520396173,0.0058711520396173
230,0.0058763893321156,0.0058763893321156
231,0.0058558541350066,0.0058558541350066
232,0.0058504031039774,0.0058504031039774
233,0.0058375294320285,0.0058375294320285
234,0.0058378144167363,0.0058378144167363
235,0.0059254886582493,0.0059254886582493
236,0.0058708335272967,0.0058708335272967
237,0.0058611761778593,0.0058611761778593
238,0.0058485944755375,0.0058485944755375
239,0.005837510805577,0.005837510805577
240,0.0058464417234063,0.0058464417234063
241,0.0058293831534683,0.0058293831534683
242,0.0058480026200413,0.0058480026200413
243,0.0058342730626463,0.0058342730626463
244,0.0058430372737348,0.0058430372737348
245,0.0058377683162689,0.0058377683162689
246,0.0058766938745975,0.0058766938745975
247,0.0057582980953156,0.0057582980953156
248,0.0058525423519313,0.0058525423519313
249,0.0058077257126569,0.0058077257126569
250,0.0058441348373889,0.0058441348373889
251,0.0058166477829217,0.0058166477829217
252,0.0058307470753788,0.0058307470753788
253,0.0057911532931029,0.0057911532931029
254,0.0058142500929534,0.0058142500929534
255,0.0057772654108703,0.0057772654108703
256,0.0057701538316905,0.0057701538316905
257,0.0057772868312895,0.0057772868312895
258,0.0057365195825695,0.0057365195825695
259,0.0056506507098674,0.0056506507098674
260,0.0057935388758778,0.0057935388758778
261,0.0057248473167419,0.0057248473167419
262,0.0057065254077315,0.0057065254077315
263,0.0057253832928836,0.0057253832928836
264,0.0057085733860731,0.0057085733860731
265,0.0058074700646102,0.0058074700646102
266,0.005721865221858,0.005721865221858
267,0.0056938393972814,0.0056938393972814
268,0.0056691905483603,0.0056691905483603
269,0.0057063405402004,0.0057063405402004
270,0.0057354443706572,0.0057354443706572
271,0.0056977584026753,0.0056977584026753
272,0.0057064667344093,0.0057064667344093
273,0.0057681472972035,0.0057681472972035
274,0.0057412646710872,0.0057412646710872
275,0.0057410416193306,0.0057410416193306
276,0.0057578049600124,0.0057578049600124
277,0.0057686669752001,0.0057686669752001
278,0.0056913048028945,0.0056913048028945
279,0.005720161832869,0.005720161832869
280,0.0056640855036675,0.0056640855036675
281,0.0056968131102621,0.0056968131102621
282,0.00570585206151,0.00570585206151
283,0.0057627838104963,0.0057627838104963
284,0.0057487715966999,0.0057487715966999
285,0.0057138367556035,0.0057138367556035
286,0.0056360196322202,0.0056360196322202
287,0.0056602880358695,0.0056602880358695
288,0.0056465296074748,0.0056465296074748
289,0.0056786406785249,0.0056786406785249
290,0.0056973444297909,0.0056973444297909
291,0.0056134299375116,0.0056134299375116
292,0.0056815510615706,0.0056815510615706
293,0.0056066899560391,0.0056066899560391
294,0.0056820600293576,0.0056820600293576
295,0.0056509776040911,0.0056509776040911
296,0.0056620500981807,0.0056620500981807
297,0.0056858067400753,0.0056858067400753
298,0.0056712981313467,0.0056712981313467
299,0.0056052235886454,0.0056052235886454
300,0.0056090056896209,0.0056090056896209
301,0.0056679411791265,0.0056679411791265
302,0.0056351837702095,0.0056351837702095
303,0.0056255431845784,0.0056255431845784
304,0.0056655863299965,0.0056655863299965
305,0.0056652692146599,0.0056652692146599
306,0.0056503205560147,0.0056503205560147
307,0.0056548500433564,0.0056548500433564
308,0.0057033845223486,0.0057033845223486
309,0.0056803794577717,0.0056803794577717
310,0.0057136872783303,0.0057136872783303
311,0.0055831205099821,0.0055831205099821
312,0.0056223189458251,0.0056223189458251
313,0.0057217413559556,0.0057217413559556
314,0.0056439386680722,0.0056439386680722
315,0.0057457443326711,0.0057457443326711
316,0.0056262547150254,0.0056262547150254
317,0.0056554907932877,0.0056554907932877
318,0.0056481156498193,0.0056481156498193
319,0.0055999322794377,0.0055999322794377
320,0.0057225474156439,0.0057225474156439
321,0.0056812423281371,0.0056812423281371
322,0.0055925520136952,0.0055925520136952
323,0.0056546870619058,0.0056546870619058
324,0.0056795803830027,0.0056795803830027
325,0.0056436341255903,0.0056436341255903
326,0.0056027485989034,0.0056027485989034
327,0.0055748187005519,0.0055748187005519
328,0.0055266767740249,0.0055266767740249
329,0.0056903576478362,0.0056903576478362
330,0.0057227611541748,0.0057227611541748
331,0.0056840917095541,0.0056840917095541
332,0.0056230393238365,0.0056230393238365
333,0.0056173619814217,0.0056173619814217
334,0.0057496298104524,0.0057496298104524
335,0.00576031813398,0.00576031813398
336,0.0056918133050203,0.0056918133050203
337,0.0056875543668866,0.0056875543668866
338,0.0056254472583532,0.0056254472583532
339,0.0056043285876512,0.0056043285876512
340,0.0056342096067965,0.0056342096067965
341,0.0056964736431837,0.0056964736431837
342,0.0057242815382778,0.0057242815382778
343,0.0057690246030688,0.0057690246030688
344,0.0057751140557229,0.0057751140557229
345,0.0057099997065961,0.0057099997065961
346,0.0056194523349404,0.0056194523349404
347,0.0055343857966363,0.0055343857966363
348,0.0056051574647426,0.0056051574647426
349,0.0056749498471617,0.0056749498471617
350,0.005654355045408,0.005654355045408
351,0.0055653857998549,0.0055653857998549
352,0.005557598080486,0.005557598080486
353,0.0055829030461609,0.0055829030461609
354,0.0056328545324504,0.0056328545324504
355,0.0056403037160634,0.0056403037160634
356,0.0056902864016592,0.0056902864016592
357,0.0057470160536468,0.0057470160536468
358,0.0056650210171937,0.0056650210171937
359,0.0056174974888563,0.0056174974888563
360,0.0055695897899568,0.0055695897899568
361,0.0055670733563601,0.0055670733563601
362,0.0056574773043394,0.0056574773043394
363,0.0057414225302636,0.0057414225302636
364,0.0056732827797532,0.0056732827797532
365,0.0056256535463035,0.0056256535463035
366,0.0056332536041736,0.0056332536041736
367,0.0056152390316128,0.0056152390316128
368,0.0055906670168042,0.0055906670168042
369,0.0055881286971271,0.0055881286971271
370,0.0056319385766983,0.0056319385766983
371,0.0055940644815564,0.0055940644815564
372,0.0055993325076997,0.0055993325076997
373,0.0056448336690664,0.0056448336690664
374,0.0056769084185361,0.0056769084185361
375,0.0056397686712443,0.0056397686712443
376,0.0056803678162395,0.0056803678162395
377,0.0056777247227728,0.0056777247227728
378,0.0056111272424459,0.0056111272424459
379,0.0056565580889582,0.0056565580889582
380,0.0056249611079692,0.0056249611079692
381,0.005599255207926,0.005599255207926
382,0.0055899494327604,0.0055899494327604
383,0.0055790925398468,0.0055790925398468
384,0.0055682659149169,0.0055682659149169
385,0.0054970444180071,0.0054970444180071
386,0.0055266246199607,0.0055266246199607
387,0.005524359177798,0.005524359177798
388,0.0056444890797138,0.0056444890797138
389,0.0056023821234703,0.0056023821234703
390,0.0054604625329375,0.0054604625329375
391,0.0055817393586039,0.0055817393586039
392,0.0055179256014525,0.0055179256014525
393,0.0054546082392334,0.0054546082392334
394,0.0055229752324521,0.0055229752324521
395,0.0056318440474569,0.0056318440474569
396,0.0055916113778948,0.0055916113778948
397,0.0055140135809779,0.0055140135809779
398,0.0055310847237706,0.0055310847237706
399,0.0055374163202941,0.0055374163202941
400,0.005591572728008,0.005591572728008
401,0.0055413343943655,0.0055413343943655
402,0.0055557172745466,0.0055557172745466
403,0.0054705389775335,0.0054705389775335
404,0.0054933694191277,0.0054933694191277
405,0.0055851028300821,0.0055851028300821
406,0.0054540978744626,0.0054540978744626
407,0.0055908146314322,0.0055908146314322
408,0.0054854843765497,0.0054854843765497
409,0.0054924353025853,0.0054924353025853
410,0.0054673049598932,0.0054673049598932
411,0.0054663340561091,0.0054663340561091
412,0.005468163639307,0.005468163639307
413,0.0055009559728205,0.0055009559728205
414,0.0055180443450808,0.0055180443450808
415,0.0054846862331032,0.0054846862331032
416,0.0054671084508299,0.0054671084508299
417,0.0054611200466752,0.0054611200466752
418,0.005376499146223,0.005376499146223
419,0.0054877763614058,0.0054877763614058
420,0.0055295825004577,0.0055295825004577
421,0.0055041699670255,0.0055041699670255
422,0.0055550215765833,0.0055550215765833
423,0.0054594175890088,0.0054594175890088
424,0.0054936185479164,0.0054936185479164
425,0.0054301242344081,0.0054301242344081
426,0.0054931128397583,0.0054931128397583
427,0.0054566138423979,0.0054566138423979
428,0.0055332332849502,0.0055332332849502
429,0.005543949548155,0.005543949548155
430,0.0055453283712267,0.0055453283712267
431,0.0054653333500027,0.0054653333500027
432,0.0054511078633368,0.0054511078633368
433,0.005450764670968,0.005450764670968
434,0.0054687806405127,0.0054687806405127
435,0.005496404133737,0.005496404133737
436,0.0054524904116988,0.0054524904116988
437,0.0055396445095539,0.0055396445095539
438,0.0055323899723589,0.0055323899723589
439,0.0055171344429254,0.0055171344429254
440,0.005456602666527,0.005456602666527
441,0.0054820422083139,0.0054820422083139
442,0.0055417227558791,0.0055417227558791
443,0.0054631880484521,0.0054631880484521
444,0.0054879453964531,0.0054879453964531
445,0.0054771304130554,0.0054771304130554
446,0.005525283049792,0.005525283049792
447,0.0054576746188104,0.0054576746188104
448,0.0054169283248484,0.0054169283248484
449,0.0054692081175744,0.0054692081175744
450,0.0055080195888876,0.0055080195888876
451,0.0056603462435305,0.0056603462435305
452,0.005538810044527,0.005538810044527
453,0.005538553930819,0.005538553930819
454,0.0054951473139226,0.0054951473139226
455,0.0054870601743459,0.0054870601743459
456,0.0054734423756599,0.0054734423756599
457,0.0054012038744986,0.0054012038744986
458,0.0054181762970983,0.0054181762970983
459,0.005397074855864,0.005397074855864
460,0.005299458745867,0.005299458745867
461,0.0053957211785018,0.0053957211785018
462,0.005308277439326,0.005308277439326
463,0.0054453304037451,0.0054453304037451
464,0.0054917926900088,0.0054917926900088
465,0.0053838053718209,0.0053838053718209
466,0.0055131996050477,0.0055131996050477
467,0.0054373834282159,0.0054373834282159
468,0.0054421047680079,0.0054421047680079
469,0.0053973030298948,0.0053973030298948
470,0.0053184698335826,0.0053184698335826
471,0.005367072764784,0.005367072764784
472,0.0053526563569903,0.0053526563569903
473,0.005451419390738,0.005451419390738
474,0.0054499134421348,0.0054499134421348
475,0.0054154014214873,0.0054154014214873
476,0.0054297400638461,0.0054297400638461
477,0.0054161758162081,0.0054161758162081
478,0.0053757671266794,0.0053757671266794
479,0.0053750807419419,0.0053750807419419
480,0.0052596661262214,0.0052596661262214
481,0.0053792083635926,0.0053792083635926
482,0.0054645063355565,0.0054645063355565
483,0.0055233910679817,0.0055233910679817
484,0.005420284345746,0.005420284345746
485,0.0054072979837656,0.0054072979837656
486,0.0053214407525956,0.0053214407525956
487,0.0053585758432745,0.0053585758432745
488,0.0054006823338568,0.0054006823338568
489,0.0053762947209179,0.0053762947209179
490,0.0055054300464689,0.0055054300464689
491,0.0054921195842325,0.0054921195842325
492,0.0053881937637925,0.0053881937637925
493,0.0056251259520649,0.0056251259520649
494,0.0056528379209339,0.0056528379209339
495,0.0056174858473241,0.0056174858473241
496,0.0055145160295069,0.0055145160295069
497,0.0054033817723393,0.0054033817723393
498,0.0053612468764185,0.0053612468764185
499,0.0054062171839177,0.0054062171839177
500,0.005498198326677,0.005498198326677
501,0.0056620212271809,0.0056620212271809
502,0.0055951895192265,0.0055951895192265
503,0.0055667674168944,0.0055667674168944
504,0.0054803043603897,0.0054803043603897
505,0.0053977579809725,0.0053977579809725
506,0.0054297414608299,0.0054297414608299
507,0.0053928298875689,0.0053928298875689
508,0.0054830987937748,0.0054830987937748
509,0.0054399715736508,0.0054399715736508
510,0.0054956623353064,0.0054956623353064
511,0.0054501765407621,0.0054501765407621
512,0.0054356837645173,0.0054356837645173
513,0.0053792102262377,0.0053792102262377
514,0.0053438679315149,0.0053438679315149
515,0.0052630160935223,0.0052630160935223
516,0.0053434050641953,0.0053434050641953
517,0.005347257014364,0.005347257014364
518,0.0054323514923453,0.0054323514923453
519,0.0053839343599975,0.0053839343599975
520,0.0053020231425762,0.0053020231425762
521,0.005341462790966,0.005341462790966
522,0.0053315097466111,0.0053315097466111
523,0.0053165964782238,0.0053165964782238
524,0.0052527650259435,0.0052527650259435
525,0.0052529852837324,0.0052529852837324
526,0.0054020672105252,0.0054020672105252
527,0.0053971130400896,0.0053971130400896
528,0.0052998033352196,0.0052998033352196
529,0.0053328704088926,0.0053328704088926
530,0.005423576105386,0.005423576105386
531,0.0053555988706648,0.0053555988706648
532,0.0053466432727873,0.0053466432727873
533,0.0052535450085997,0.0052535450085997
534,0.0053058885969221,0.0053058885969221
535,0.0053291409276425,0.0053291409276425
536,0.0052834600210189,0.0052834600210189
537,0.0052712862379848,0.0052712862379848
538,0.0052372263744473,0.0052372263744473
539,0.005288828164339,0.005288828164339
540,0.0052307550795376,0.0052307550795376
541,0.0053105787374079,0.0053105787374079
542,0.0052956496365368,0.0052956496365368
543,0.005273307673633,0.005273307673633
544,0.0052917078137397,0.0052917078137397
545,0.0052991355769336,0.0052991355769336
546,0.0052208360284566,0.0052208360284566
547,0.0052959453314542,0.0052959453314542
548,0.0052238530479371,0.0052238530479371
549,0.0052972920238971,0.0052972920238971
550,0.0052778082899749,0.0052778082899749
551,0.0051787220872938,0.0051787220872938
552,0.0051732365973293,0.0051732365973293
553,0.0052048326469957,0.0052048326469957
554,0.0052838437259197,0.0052838437259197
555,0.0051662819460034,0.0051662819460034
556,0.0051804292015731,0.0051804292015731
557,0.005124784540385,0.005124784540385
558,0.0052392715588212,0.0052392715588212
559,0.0052295457571744,0.0052295457571744
560,0.0052561876364052,0.0052561876364052
561,0.0051573580130934,0.0051573580130934
562,0.0052067437209188,0.0052067437209188
563,0.0052092755213379,0.0052092755213379
564,0.0052153803408145,0.0052153803408145
565,0.0051997671835124,0.0051997671835124
566,0.0051514040678739,0.0051514040678739
567,0.0053118015639483,0.0053118015639483
568,0.0052149482071399,0.0052149482071399
569,0.0052096657454967,0.0052096657454967
570,0.0051099276170134,0.0051099276170134
571,0.0050968844443559,0.0050968844443559
572,0.0052012228406965,0.0052012228406965
573,0.0051944716833531,0.0051944716833531
574,0.0051374686881899,0.0051374686881899
575,0.005173172801733,0.005173172801733
576,0.0051886979490518,0.0051886979490518
577,0.005161271430552,0.005161271430552
578,0.0051362081430852,0.0051362081430852
579,0.0051043299026787,0.0051043299026787
580,0.0052561238408088,0.0052561238408088
581,0.0051860781386494,0.0051860781386494
582,0.0051236161962151,0.0051236161962151
583,0.0050908718258142,0.0050908718258142
584,0.0050134090706706,0.0050134090706706
585,0.0050490982830524,0.0050490982830524
586,0.0050400071777403,0.0050400071777403
587,0.0051060556434094,0.0051060556434094
588,0.0051654065027832,0.0051654065027832
589,0.005247076973319,0.005247076973319
590,0.005043554585427,0.005043554585427
591,0.0051367096602916,0.0051367096602916
592,0.0052855759859085,0.0052855759859085
593,0.005160916596651,0.005160916596651
594,0.0050674672238528,0.0050674672238528
595,0.0051353643648326,0.0051353643648326
596,0.005099699832499,0.005099699832499
597,0.0049426974728703,0.0049426974728703
598,0.0050323721952736,0.0050323721952736
599,0.0050694597885012,0.0050694597885012
600,0.0050584822893142,0.0050584822893142
601,0.0050783120095729,0.0050783120095729
602,0.0050300415605306,0.0050300415605306
603,0.0051475400105118,0.0051475400105118
604,0.0051529188640415,0.0051529188640415
605,0.0051259095780551,0.0051259095780551
606,0.0049899043515324,0.0049899043515324
607,0.0050735245458781,0.0050735245458781
608,0.0050039207562804,0.0050039207562804
609,0.0049675209447741,0.0049675209447741
610,0.0051171970553696,0.0051171970553696
611,0.0050281514413654,0.0050281514413654
612,0.0050016026943922,0.0050016026943922
613,0.0049820211715996,0.0049820211715996
614,0.0049505615606904,0.0049505615606904
615,0.0050390274263918,0.0050390274263918
616,0.0050868121907114,0.0050868121907114
617,0.0050800302997231,0.0050800302997231
618,0.004950288683176,0.004950288683176
619,0.0050441036000847,0.0050441036000847
620,0.0050211306661367,0.0050211306661367
621,0.0048497412353754,0.0048497412353754
622,0.0049071013927459,0.0049071013927459
623,0.0051198955625295,0.0051198955625295
624,0.0049706054851412,0.0049706054851412
625,0.0050890799611806,0.0050890799611806
626,0.004917699843645,0.004917699843645
627,0.0050686197355389,0.0050686197355389
628,0.0050185760483145,0.0050185760483145
629,0.0050137443467974,0.0050137443467974
630,0.0050099333748221,0.0050099333748221
631,0.0049339514225721,0.0049339514225721
632,0.0050006508827209,0.0050006508827209
633,0.0050224158912897,0.0050224158912897
634,0.004930140916258,0.004930140916258
635,0.0049685989506542,0.0049685989506542
636,0.0049448246136307,0.0049448246136307
637,0.0049979854375123,0.0049979854375123
638,0.004929784219712,0.004929784219712
639,0.0049196230247616,0.0049196230247616
640,0.0049375155940651,0.0049375155940651
641,0.0049672508612275,0.0049672508612275
642,0.0049592824652791,0.0049592824652791
643,0.0049853213131427,0.0049853213131427
644,0.0049802539870142,0.0049802539870142
645,0.0049408818595111,0.0049408818595111
646,0.0049259886145591,0.0049259886145591
647,0.0049907490611076,0.0049907490611076
648,0.0049196197651326,0.0049196197651326
649,0.0048860628157854,0.0048860628157854
650,0.0049250703305006,0.0049250703305006
651,0.0049271211028099,0.0049271211028099
652,0.0050519560463726,0.0050519560463726
653,0.004788190126419,0.004788190126419
654,0.0047961212694644,0.0047961212694644
655,0.0048505114391446,0.0048505114391446
656,0.004912796895951,0.004912796895951
657,0.0048817433416843,0.0048817433416843
658,0.0048435507342219,0.0048435507342219
659,0.0049653872847557,0.0049653872847557
660,0.004851390607655,0.004851390607655
661,0.0047903349623084,0.0047903349623084
662,0.0048563317395746,0.0048563317395746
663,0.0047920402139425,0.0047920402139425
664,0.0047367676161229,0.0047367676161229
665,0.0048944754526019,0.0048944754526019
666,0.0047312849201262,0.0047312849201262
667,0.0048449053429067,0.0048449053429067
668,0.0048557203263044,0.0048557203263044
669,0.004767867270857,0.004767867270857
670,0.0048078303225338,0.0048078303225338
671,0.00472949212417,0.00472949212417
672,0.0047864560037851,0.0047864560037851
673,0.0047436254099011,0.0047436254099011
674,0.0047173965722322,0.0047173965722322
675,0.0047463863156735,0.0047463863156735
676,0.004719172604382,0.004719172604382
677,0.0047726100310683,0.0047726100310683
678,0.0048240502364933,0.0048240502364933
679,0.0047484333626925,0.0047484333626925
680,0.0046793175861239,0.0046793175861239
681,0.0047304322943091,0.0047304322943091
682,0.0047627603635191,0.0047627603635191
683,0.0047829966060817,0.0047829966060817
684,0.0047032525762915,0.0047032525762915
685,0.0047096209600567,0.0047096209600567
686,0.0047592325136065,0.0047592325136065
687,0.0046778046526014,0.0046778046526014
688,0.0046317963860929,0.0046317963860929
689,0.0047031347639858,0.0047031347639858
690,0.0046704970300197,0.0046704970300197
691,0.0046850610524415,0.0046850610524415
692,0.0046235085465013,0.0046235085465013
693,0.0045428611338138,0.0045428611338138
694,0.0046537145972251,0.0046537145972251
695,0.0046236584894359,0.0046236584894359
696,0.0047582383267581,0.0047582383267581
697,0.0046300166286528,0.0046300166286528
698,0.0046863355673849,0.0046863355673849
699,0.0046942066401243,0.0046942066401243
700,0.0045501897111535,0.0045501897111535
701,0.0045851022005081,0.0045851022005081
702,0.0045314664021134,0.0045314664021134
703,0.0046848491765558,0.0046848491765558
704,0.004653382115066,0.004653382115066
705,0.0046348413452506,0.0046348413452506
706,0.0045691239647567,0.0045691239647567
707,0.0046156286261975,0.0046156286261975
708,0.0046037482097744,0.0046037482097744
709,0.0045352028682827,0.0045352028682827
710,0.0045195640996098,0.0045195640996098
711,0.0045427624136209,0.0045427624136209
712,0.0045433524064719,0.0045433524064719
713,0.0045430185273289,0.0045430185273289
714,0.0045201512984931,0.0045201512984931
715,0.0045647821389138,0.0045647821389138
716,0.0044540585950016,0.0044540585950016
717,0.0044972877949476,0.0044972877949476
718,0.0044957157224416,0.0044957157224416
719,0.0045060231350362,0.0045060231350362
720,0.0045465053990483,0.0045465053990483
721,0.0044397171586751,0.0044397171586751
722,0.004396017640829,0.004396017640829
723,0.0045076138339936,0.0045076138339936
724,0.0044628479517996,0.0044628479517996
725,0.0043834261596202,0.0043834261596202
726,0.0043830382637679,0.0043830382637679
727,0.0043713399209082,0.0043713399209082
728,0.0044010393321514,0.0044010393321514
729,0.0044274213723838,0.0044274213723838
730,0.0044802147895097,0.0044802147895097
731,0.004325115121901,0.004325115121901
732,0.0044261259026825,0.0044261259026825
733,0.0043944902718067,0.0043944902718067
734,0.0043634534813463,0.0043634534813463
735,0.004458365496248,0.004458365496248
736,0.0043776715174317,0.0043776715174317
737,0.0043712183833122,0.0043712183833122
738,0.0043299701064825,0.0043299701064825
739,0.0043174931779503,0.0043174931779503
740,0.0042914277873933,0.0042914277873933
741,0.0043159741908311,0.0043159741908311
742,0.0042357863858342,0.0042357863858342
743,0.0043975533917546,0.0043975533917546
744,0.0043664993718266,0.0043664993718266
745,0.0042728763073682,0.0042728763073682
746,0.0044185300357639,0.0044185300357639
747,0.0042146006599068,0.0042146006599068
748,0.0042748656123876,0.0042748656123876
749,0.0041845575906336,0.0041845575906336
750,0.0042982944287359,0.0042982944287359
751,0.0042932713404297,0.0042932713404297
752,0.0043640048243105,0.0043640048243105
753,0.0042623654007911,0.0042623654007911
754,0.0042034732177853,0.0042034732177853
755,0.0042743142694234,0.0042743142694234
756,0.0041694734245538,0.0041694734245538
757,0.0043186242692172,0.0043186242692172
758,0.00429372722283,0.00429372722283
759,0.0042110807262361,0.0042110807262361
760,0.0041563343256711,0.0041563343256711
761,0.0041686231270432,0.0041686231270432
762,0.0040961634367704,0.0040961634367704
763,0.0042099636048078,0.0042099636048078
764,0.0041669560596346,0.0041669560596346
765,0.0042048199102282,0.0042048199102282
766,0.004237228538841,0.004237228538841
767,0.0041641965508461,0.0041641965508461
768,0.0040336670354008,0.0040336670354008
769,0.0041811256669461,0.0041811256669461
770,0.0042202631011605,0.0042202631011605
771,0.0040749181061983,0.0040749181061983
772,0.0041494639590382,0.0041494639590382
773,0.0041195787489414,0.0041195787489414
774,0.0041674776002764,0.0041674776002764
775,0.0042438618838787,0.0042438618838787
776,0.0041341772302985,0.0041341772302985
777,0.0040160082280635,0.0040160082280635
778,0.0040484322234988,0.0040484322234988
779,0.0041138613596558,0.0041138613596558
780,0.0042086942121386,0.0042086942121386
781,0.0040607615374028,0.0040607615374028
782,0.0040263826958835,0.0040263826958835
783,0.0041672065854072,0.0041672065854072
784,0.0041168914176523,0.0041168914176523
785,0.0041821668855845,0.0041821668855845
786,0.0041603012941777,0.0041603012941777
787,0.0041623525321483,0.0041623525321483
788,0.0039903377182781,0.0039903377182781
789,0.0040348451584577,0.0040348451584577
790,0.0039632176049053,0.0039632176049053
791,0.0040636984631419,0.0040636984631419
792,0.0041176495142281,0.0041176495142281
793,0.0041992235928773,0.0041992235928773
794,0.0039471993222832,0.0039471993222832
795,0.0040446044877171,0.0040446044877171
796,0.0041754781268537,0.0041754781268537
797,0.0041235103271901,0.0041235103271901
798,0.0039782365784049,0.0039782365784049
799,0.0038987370207905,0.0038987370207905
800,0.0040005818009376,0.0040005818009376
801,0.0041060326620936,0.0041060326620936
802,0.0039676032029092,0.0039676032029092
803,0.0041481568478047,0.0041481568478047
804,0.0039282855577766,0.0039282855577766
805,0.0039702225476503,0.0039702225476503
806,0.0038764760829508,0.0038764760829508
807,0.0039899051189422,0.0039899051189422
808,0.004042237997055,0.004042237997055
809,0.0039741089567542,0.0039741089567542
810,0.0040293391793966,0.0040293391793966
811,0.0040419977158308,0.0040419977158308
812,0.0038818549364805,0.0038818549364805
813,0.0040074959397315,0.0040074959397315
814,0.0040169735439121,0.0040169735439121
815,0.0038942729588598,0.0038942729588598
816,0.0039480328559875,0.0039480328559875
817,0.0040550958365201,0.0040550958365201
818,0.0039975526742637,0.0039975526742637
819,0.0039465385489165,0.0039465385489165
820,0.0038299178704619,0.0038299178704619
821,0.0038382725324481,0.0038382725324481
822,0.0038525913842022,0.0038525913842022
823,0.0039757289923727,0.0039757289923727
824,0.0039128018543124,0.0039128018543124
825,0.0040391245856881,0.0040391245856881
826,0.0039964960888028,0.0039964960888028
827,0.0039447820745408,0.0039447820745408
828,0.0039593703113496,0.0039593703113496
829,0.0039694607257843,0.0039694607257843
830,0.0038351323455572,0.0038351323455572
831,0.0037993500009179,0.0037993500009179
832,0.0038502633105963,0.0038502633105963
833,0.0038873057346791,0.0038873057346791
834,0.0039506899192929,0.0039506899192929
835,0.0038319933228194,0.0038319933228194
836,0.0038993121124804,0.0038993121124804
837,0.0039443671703338,0.0039443671703338
838,0.003872852306813,0.003872852306813
839,0.0037995432503521,0.0037995432503521
840,0.0039070164784789,0.0039070164784789
841,0.0038726779166609,0.0038726779166609
842,0.0039802985265851,0.0039802985265851
843,0.0037048629019409,0.0037048629019409
844,0.0038052864838391,0.0038052864838391
845,0.0038616971578449,0.0038616971578449
846,0.0038597863167524,0.0038597863167524
847,0.0038352869451045,0.0038352869451045
848,0.0038062923122197,0.0038062923122197
849,0.003979732748121,0.003979732748121
850,0.0037877217400819,0.0037877217400819
851,0.0038127044681459,0.0038127044681459
852,0.0038934585172683,0.0038934585172683
853,0.0038863073568791,0.0038863073568791
854,0.0038914261385798,0.0038914261385798
855,0.0038248458877205,0.0038248458877205
856,0.0038489787839353,0.0038489787839353
857,0.0038233639206737,0.0038233639206737
858,0.0038650375790894,0.0038650375790894
859,0.0038105980493128,0.0038105980493128
860,0.0037142152432352,0.0037142152432352
861,0.0038058599457144,0.0038058599457144
862,0.003735628677532,0.003735628677532
863,0.0038584833964705,0.0038584833964705
864,0.0040025790221989,0.0040025790221989
865,0.0037071041297167,0.0037071041297167
866,0.0039190212264657,0.0039190212264657
867,0.0038107975851744,0.0038107975851744
868,0.0038630052004009,0.0038630052004009
869,0.0038457328919321,0.0038457328919321
870,0.00375592475757,0.00375592475757
871,0.0035911372397094,0.0035911372397094
872,0.0038313099648803,0.0038313099648803
873,0.0036639869213104,0.0036639869213104
874,0.0039238082244992,0.0039238082244992
875,0.0037021362222731,0.0037021362222731
876,0.0037974978331476,0.0037974978331476
877,0.0039020581170916,0.0039020581170916
878,0.0038177168462425,0.0038177168462425
879,0.0037741367705166,0.0037741367705166
880,0.0037779686972498,0.0037779686972498
881,0.003789588343352,0.003789588343352
882,0.0036100153811275,0.0036100153811275
883,0.0037448487710207,0.0037448487710207
884,0.0036927952896803,0.0036927952896803
885,0.0038086862768977,0.0038086862768977
886,0.0037130266427993,0.0037130266427993
887,0.0036799758672714,0.0036799758672714
888,0.003661896334961,0.003661896334961
889,0.0037373178638517,0.0037373178638517
890,0.0038116530049592,0.0038116530049592
891,0.00362438429147,0.00362438429147
892,0.0036240464542061,0.0036240464542061
893,0.0036507239565253,0.0036507239565253
894,0.0037440075539052,0.0037440075539052
895,0.003779879771173,0.003779879771173
896,0.0036929349880665,0.0036929349880665
897,0.0036355045158416,0.0036355045158416
898,0.0036069154739379,0.0036069154739379
899,0.0037043711636215,0.0037043711636215
900,0.0035612962674349,0.0035612962674349
901,0.003592574968934,0.003592574968934
902,0.0037451626267284,0.0037451626267284
903,0.0035878343041986,0.0035878343041986
904,0.0035891481675207,0.0035891481675207
905,0.0036794934421777,0.0036794934421777
906,0.0035690285731106,0.0035690285731106
907,0.0035837376490235,0.0035837376490235
908,0.0036760191433131,0.0036760191433131
909,0.0035739890299737,0.0035739890299737
910,0.0037245042622089,0.0037245042622089
911,0.0036489202175289,0.0036489202175289
912,0.0037014905828982,0.0037014905828982
913,0.0036151276435703,0.0036151276435703
914,0.0037381621077656,0.0037381621077656
915,0.0036861221306025,0.0036861221306025
916,0.0035916280467063,0.0035916280467063
917,0.0035737855359911,0.0035737855359911
918,0.0036055878736078,0.0036055878736078
919,0.0036017026286572,0.0036017026286572
920,0.0035187129396945,0.0035187129396945
921,0.0035512591712176,0.0035512591712176
922,0.0034914242569357,0.0034914242569357
923,0.0035962827969342,0.0035962827969342
924,0.0035035831388086,0.0035035831388086
925,0.0034705984871834,0.0034705984871834
926,0.0035360867623239,0.0035360867623239
927,0.0035355526488274,0.0035355526488274
928,0.0034983947407454,0.0034983947407454
929,0.0034697190858423,0.0034697190858423
930,0.0036001002881675,0.0036001002881675
931,0.0036199383903294,0.0036199383903294
932,0.0034861625172197,0.0034861625172197
933,0.0035033922176808,0.0035033922176808
934,0.0034600102808326,0.0034600102808326
935,0.003485738299787,0.003485738299787
936,0.0034299585968255,0.0034299585968255
937,0.0034498728346079,0.0034498728346079
938,0.003442543093115,0.003442543093115
939,0.003462872467935,0.003462872467935
940,0.0034669504966586,0.0034669504966586
941,0.0034371733199805,0.0034371733199805
942,0.0034071360714733,0.0034071360714733
943,0.0034963311627507,0.0034963311627507
944,0.0034690422471612,0.0034690422471612
945,0.0033474408555775,0.0033474408555775
946,0.0033878807444125,0.0033878807444125
947,0.003468424314633,0.003468424314633
948,0.0033747481647878,0.0033747481647878
949,0.003347466699779,0.003347466699779
950,0.0034034287091344,0.0034034287091344
951,0.0034126674290746,0.0034126674290746
952,0.0032472158782184,0.0032472158782184
953,0.0033733770251274,0.0033733770251274
954,0.003271851921454,0.003271851921454
955,0.0032491749152541,0.0032491749152541
956,0.0033257494214922,0.0033257494214922
957,0.003265869570896,0.003265869570896
958,0.0032358274329453,0.0032358274329453
959,0.0032703464385122,0.0032703464385122
960,0.0032881088554859,0.0032881088554859
961,0.0031480470206588,0.0031480470206588
962,0.0032432086300104,0.0032432086300104
963,0.0031635754276067,0.0031635754276067
964,0.0031056366860866,0.0031056366860866
965,0.0032625081948935,0.0032625081948935
966,0.0032017689663916,0.0032017689663916
967,0.0031246182043105,0.0031246182043105
968,0.0031526321545243,0.0031526321545243
969,0.0031241478864103,0.0031241478864103
970,0.0031280263792723,0.0031280263792723
971,0.0031027027871459,0.0031027027871459
972,0.0029779635369777,0.0029779635369777
973,0.0030802770052105,0.0030802770052105
974,0.0030921658035367,0.0030921658035367
975,0.0029247845523059,0.0029247845523059
976,0.0030901189893484,0.0030901189893484
977,0.0030157875735312,0.0030157875735312
978,0.0029608199838548,0.0029608199838548
979,0.0029702242463827,0.0029702242463827
980,0.0029870967846363,0.0029870967846363
981,0.0028809064533561,0.0028809064533561
982,0.0029881028458476,0.0029881028458476
983,0.0028424856718629,0.0028424856718629
984,0.0028576604090631,0.0028576604090631
985,0.0028097289614379,0.0028097289614379
986,0.0028609330765902,0.0028609330765902
987,0.0028804831672459,0.0028804831672459
988,0.0027928738854825,0.0027928738854825
989,0.0028506121598184,0.0028506121598184
990,0.0027386955916881,0.0027386955916881
991,0.0026971965562552,0.0026971965562552
992,0.0025875591672956,0.0025875591672956
993,0.0027880417183041,0.0027880417183041
994,0.0026774583384394,0.0026774583384394
995,0.0025542192161083,0.0025542192161083
996,0.0026930496096611,0.0026930496096611
997,0.0025516252499073,0.0025516252499073
998,0.0025597596541047,0.0025597596541047
999,0.002693464513868,0.002693464513868
1000,0.0025498170871287,0.0025498170871287
1001,0.0026143637951463,0.0026143637951463
1002,0.0023507738951593,0.0023507738951593
1003,0.0024449597112834,0.0024449597112834
1004,0.0023522009141743,0.0023522009141743
1005,0.0022823517210781,0.0022823517210781
1006,0.0024567365180701,0.0024567365180701
1007,0.0024743438698351,0.0024743438698351
1008,0.0022626733407378,0.0022626733407378
1009,0.0023464108817279,0.0023464108817279
1010,0.0022151749581098,0.0022151749581098
1011,0.0022069155238568,0.0022069155238568
1012,0.0022136350162327,0.0022136350162327
1013,0.0022798704449087,0.0022798704449087
1014,0.0022168823052197,0.0022168823052197
1015,0.0021980218589305,0.0021980218589305
1016,0.0021382335107773,0.0021382335107773
1017,0.0022001974284648,0.0022001974284648
1018,0.0021367496810853,0.0021367496810853
1019,0.002147204009816,0.002147204009816
1020,0.0021398917306214,0.0021398917306214
1021,0.0020936671644449,0.0020936671644449
1022,0.002036515623331,0.002036515623331
1023,0.0021337324287742,0.0021337324287742
1024,0.0019854228012263,0.0019854228012263
1025,0.0019269675249233,0.0019269675249233
1026,0.0019746364559978,0.0019746364559978
1027,0.0019684594590216,0.0019684594590216
1028,0.0019319156417623,0.0019319156417623
1029,0.0020644087344408,0.0020644087344408
1030,0.0019117099000141,0.0019117099000141
1031,0.0020030052401125,0.0020030052401125
1032,0.0017749089747667,0.0017749089747667
1033,0.0018769478192552,0.0018769478192552
1034,0.0019412665860727,0.0019412665860727
1035,0.0018924922915175,0.0018924922915175
1036,0.0019733519293367,0.0019733519293367
1037,0.0018662427319213,0.0018662427319213
1038,0.0019231389742344,0.0019231389742344
1039,0.0019696322269737,0.0019696322269737
1040,0.0018184692598879,0.0018184692598879
1041,0.0019357360433787,0.0019357360433787
1042,0.0018055585678666,0.0018055585678666
1043,0.0019142449600622,0.0019142449600622
1044,0.0017481949180364,0.0017481949180364
1045,0.0018012440996244,0.0018012440996244
1046,0.0018509021028876,0.0018509021028876
1047,0.0017031300812959,0.0017031300812959
1048,0.0018146213842555,0.0018146213842555
1049,0.0018722239183261,0.0018722239183261
1050,0.0018789714667946,0.0018789714667946
1051,0.0018344263080507,0.0018344263080507
1052,0.0019226867007091,0.0019226867007091
1053,0.0018928193021565,0.0018928193021565
1054,0.0018302613170817,0.0018302613170817
1055,0.0019154354231432,0.0019154354231432
1056,0.0019576076883822,0.0019576076883822
1057,0.001762252068147,0.001762252068147
1058,0.0018380224937573,0.0018380224937573
1059,0.0018199532059952,0.0018199532059952
1060,0.0018196019809693,0.0018196019809693
1061,0.0018538535805419,0.0018538535805419
1062,0.0017181060975417,0.0017181060975417
1063,0.0019406786886975,0.0019406786886975
1064,0.0018343396950513,0.0018343396950513
1065,0.0017708552768453,0.0017708552768453
1066,0.0017625828040763,0.0017625828040763
1067,0.0017294209683313,0.0017294209683313
1068,0.0018040472641587,0.0018040472641587
1069,0.0016393586993217,0.0016393586993217
1070,0.0017429199069738,0.0017429199069738
1071,0.001775101176463,0.001775101176463
1072,0.0016656226944178,0.0016656226944178
1073,0.0019054767908528,0.0019054767908528
1074,0.0017807902768254,0.0017807902768254
1075,0.0017186419572681,0.0017186419572681
1076,0.0017119946423918,0.0017119946423918
1077,0.0017705833306536,0.0017705833306536
1078,0.0016495822928845,0.0016495822928845
1079,0.0016801638994365,0.0016801638994365
1080,0.0017349945846945,0.0017349945846945
1081,0.0017612786032259,0.0017612786032259
1082,0.0017403183737769,0.0017403183737769
1083,0.0016309827333316,0.0016309827333316
1084,0.0017701445613056,0.0017701445613056
1085,0.0016829691594466,0.0016829691594466
1086,0.0017530899494886,0.0017530899494886
1087,0.0017210112418979,0.0017210112418979
1088,0.0018609259277582,0.0018609259277582
1089,0.0018559029558673,0.0018559029558673
1090,0.0016241825651377,0.0016241825651377
1091,0.0017022743122652,0.0017022743122652
1092,0.0017068453598767,0.0017068453598767
1093,0.0016405794303864,0.0016405794303864
1094,0.0016902841161936,0.0016902841161936
1095,0.0017210525693371,0.0017210525693371
1096,0.0016991265583783,0.0016991265583783
1097,0.0016169638838618,0.0016169638838618
1098,0.0017472896724939,0.0017472896724939
1099,0.0017173597589135,0.0017173597589135
1100,0.001709800446406,0.001709800446406
1101,0.0015740634407848,0.0015740634407848
1102,0.0017781858332455,0.0017781858332455
1103,0.001775772194378,0.001775772194378
1104,0.0017201865557581,0.0017201865557581
1105,0.0016459296457469,0.0016459296457469
1106,0.0016417521983385,0.0016417521983385
1107,0.0016449432587251,0.0016449432587251
1108,0.0017006153939291,0.0017006153939291
1109,0.0016760971629992,0.0016760971629992
1110,0.0016392661491408,0.0016392661491408
1111,0.0016776801785454,0.0016776801785454
1112,0.001679767621681,0.001679767621681
1113,0.0016135543119162,0.0016135543119162
1114,0.001616800087504,0.001616800087504
1115,0.001713867415674,0.001713867415674
1116,0.0016121855005621,0.0016121855005621
1117,0.0016748671187087,0.0016748671187087
1118,0.0015953115653246,0.0015953115653246
1119,0.0016954829916357,0.0016954829916357
1120,0.0017431878950446,0.0017431878950446
1121,0.0016302602598443,0.0016302602598443
1122,0.001643149764277,0.001643149764277
1123,0.0016018495662137,0.0016018495662137
1124,0.0017122195567935,0.0017122195567935
1125,0.0017318755853921,0.0017318755853921
1126,0.0016823998885229,0.0016823998885229
1127,0.0016899137990549,0.0016899137990549
1128,0.0016935792518779,0.0016935792518779
1129,0.0015741479583084,0.0015741479583084
1130,0.0017009966541081,0.0017009966541081
1131,0.0017859070794656,0.0017859070794656
1132,0.0016227967571467,0.0016227967571467
1133,0.0017719130264595,0.0017719130264595
1134,0.0016019231406971,0.0016019231406971
1135,0.0015332370530813,0.0015332370530813
1136,0.0017124355072155,0.0017124355072155
1137,0.0015489121433347,0.0015489121433347
1138,0.0016276586102321,0.0016276586102321
1139,0.001665768912062,0.001665768912062
1140,0.0015776675427332,0.0015776675427332
1141,0.0017468371661379,0.0017468371661379
1142,0.0015939730219542,0.0015939730219542
1143,0.0016231992049142,0.0016231992049142
1144,0.0016301674768328,0.0016301674768328
1145,0.0017851885640993,0.0017851885640993
1146,0.0016092185396701,0.0016092185396701
1147,0.001719866413623,0.001719866413623
1148,0.0016157799400389,0.0016157799400389
1149,0.001630880171433,0.001630880171433
1150,0.0016096818726509,0.0016096818726509
1151,0.0016527740517631,0.0016527740517631
1152,0.001688364194706,0.001688364194706
1153,0.001554278191179,0.001554278191179
1154,0.0015803632559254,0.0015803632559254
1155,0.0016912196297198,0.0016912196297198
1156,0.0017099645920097,0.0017099645920097
1157,0.0016960718203336,0.0016960718203336
1158,0.0015990381361916,0.0015990381361916
1159,0.0017653407994657,0.0017653407994657
1160,0.0016681394772604,0.0016681394772604
1161,0.0016434134449809,0.0016434134449809
1162,0.0016426105285063,0.0016426105285063
1163,0.0018455317476764,0.0018455317476764
1164,0.0015875450335443,0.0015875450335443
1165,0.0016191218746826,0.0016191218746826
1166,0.0016892591957002,0.0016892591957002
1167,0.0017414273461326,0.0017414273461326
1168,0.0015880658756941,0.0015880658756941
1169,0.0015496558044105,0.0015496558044105
1170,0.0015834546647965,0.0015834546647965
1171,0.001628647907637,0.001628647907637
1172,0.0015882879961282,0.0015882879961282
1173,0.0016239505494013,0.0016239505494013
1174,0.0016061188653111,0.0016061188653111
1175,0.0015751629834994,0.0015751629834994
1176,0.0016407559160143,0.0016407559160143
1177,0.0016127122798934,0.0016127122798934
1178,0.0014879481168463,0.0014879481168463
1179,0.0016070634592324,0.0016070634592324
1180,0.0015817367238923,0.0015817367238923
1181,0.0015878985868766,0.0015878985868766
1182,0.0015827034367248,0.0015827034367248
1183,0.0015492429956793,0.0015492429956793
1184,0.0015435449313372,0.0015435449313372
1185,0.0016494812443852,0.0016494812443852
1186,0.001518087927252,0.001518087927252
1187,0.0015206574462354,0.0015206574462354
1188,0.0016152398893609,0.0016152398893609
1189,0.0015644243685528,0.0015644243685528
1190,0.0016262915451079,0.0016262915451079
1191,0.0014967136085033,0.0014967136085033
1192,0.0015291407471522,0.0015291407471522
1193,0.0015941127203404,0.0015941127203404
1194,0.0015412692446261,0.0015412692446261
1195,0.0015256743645295,0.0015256743645295
1196,0.0016432750271633,0.0016432750271633
1197,0.0016528574051335,0.0016528574051335
1198,0.0014886311255395,0.0014886311255395
1199,0.0015770919853821,0.0015770919853821
1200,0.0014693365665152,0.0014693365665152
1201,0.0015059355646371,0.0015059355646371
1202,0.0016065388917922,0.0016065388917922
1203,0.0015990544343367,0.0015990544343367
1204,0.0015167559031397,0.0015167559031397
1205,0.0016057461034506,0.0016057461034506
1206,0.0014652332756668,0.0014652332756668
1207,0.0015190544072538,0.0015190544072538
1208,0.0017352245049551,0.0017352245049551
1209,0.001503377687186,0.001503377687186
1210,0.0015149639220908,0.0015149639220908
1211,0.0016049632104113,0.0016049632104113
1212,0.0015311666065827,0.0015311666065827
1213,0.0015535082202404,0.0015535082202404
1214,0.0015267836861312,0.0015267836861312
1215,0.0014683867339044,0.0014683867339044
1216,0.0014992349315434,0.0014992349315434
1217,0.001518041244708,0.001518041244708
1218,0.0015090794768184,0.0015090794768184
1219,0.0014820519136264,0.0014820519136264
1220,0.0014420469524338,0.0014420469524338
1221,0.0016195578500628,0.0016195578500628
1222,0.0015013937372714,0.0015013937372714
1223,0.0015226664254441,0.0015226664254441
1224,0.0014858045615255,0.0014858045615255
1225,0.0015167784877121,0.0015167784877121
1226,0.0015110215172171,0.0015110215172171
1227,0.0015469794161617,0.0015469794161617
1228,0.001585470046848,0.001585470046848
1229,0.0016386087518185,0.0016386087518185
1230,0.0015061867889016,0.0015061867889016
1231,0.0014440839877352,0.0014440839877352
1232,0.0014603959862142,0.0014603959862142
1233,0.0015430345665663,0.0015430345665663
1234,0.0015176401939243,0.0015176401939243
1235,0.0016041813651099,0.0016041813651099
1236,0.0015532099641859,0.0015532099641859
1237,0.0015232961159199,0.0015232961159199
1238,0.001526769134216,0.001526769134216
1239,0.0015712901949882,0.0015712901949882
1240,0.0014131041243672,0.0014131041243672
1241,0.0015671668807044,0.0015671668807044
1242,0.0015052779344841,0.0015052779344841
1243,0.0015561243053525,0.0015561243053525
1244,0.0015110784443095,0.0015110784443095
1245,0.0015298456419259,0.0015298456419259
1246,0.0014528220053762,0.0014528220053762
1247,0.001393818296492,0.001393818296492
1248,0.0014453708427026,0.0014453708427026
1249,0.00147250527516,0.00147250527516
1250,0.0015858758706599,0.0015858758706599
1251,0.001547171967104,0.001547171967104
1252,0.0014479513047263,0.0014479513047263
1253,0.0014826089609414,0.0014826089609414
1254,0.0014622922753915,0.0014622922753915
1255,0.0014357327017933,0.0014357327017933
1256,0.00142438034527,0.00142438034527
1257,0.0014929947210475,0.0014929947210475
1258,0.0015842532739043,0.0015842532739043
1259,0.001492615789175,0.001492615789175
1260,0.001433677971363,0.001433677971363
1261,0.0015230963472276,0.0015230963472276
1262,0.0014678183943033,0.0014678183943033
1263,0.0015093135880306,0.0015093135880306
1264,0.0014881745446473,0.0014881745446473
1265,0.0014390688156709,0.0014390688156709
1266,0.0014436722267419,0.0014436722267419
1267,0.0014377818442881,0.0014377818442881
1268,0.0015075684059411,0.0015075684059411
1269,0.0015254521276801,0.0015254521276801
1270,0.0015532651450484,0.0015532651450484
1271,0.0014775882009416,0.0014775882009416
1272,0.0014245129423215,0.0014245129423215
1273,0.0015607560053467,0.0015607560053467
1274,0.0014871141174808,0.0014871141174808
1275,0.0015930944355204,0.0015930944355204
1276,0.0015508660580962,0.0015508660580962
1277,0.0014475400093942,0.0014475400093942
1278,0.0014752941206097,0.0014752941206097
1279,0.0015467396005988,0.0015467396005988
1280,0.0014998491387814,0.0014998491387814
1281,0.0015150131657719,0.0015150131657719
1282,0.001444648951292,0.001444648951292
1283,0.0014919789973646,0.0014919789973646
1284,0.0014923141570761,0.0014923141570761
1285,0.0014492083573713,0.0014492083573713
1286,0.0013402386102825,0.0013402386102825
1287,0.0015381632838398,0.0015381632838398
1288,0.0014595270622521,0.0014595270622521
1289,0.0014297647867351,0.0014297647867351
1290,0.0015044339234009,0.0015044339234009
1291,0.0014387812698259,0.0014387812698259
1292,0.0015218709595501,0.0015218709595501
1293,0.001448311144486,0.001448311144486
1294,0.0013879018370062,0.0013879018370062
1295,0.001498679514043,0.001498679514043
1296,0.0014163497835397,0.0014163497835397
1297,0.0014205183833837,0.0014205183833837
1298,0.0014762762002646,0.0014762762002646
1299,0.0014921204419806,0.0014921204419806
1300,0.0013984912075102,0.0013984912075102
1301,0.00135649216827,0.00135649216827
1302,0.0015983646735548,0.0015983646735548
1303,0.0015658404445275,0.0015658404445275
1304,0.001366879674606,0.001366879674606
1305,0.0013724102173,0.0013724102173
1306,0.001427202951163,0.001427202951163
1307,0.0013849152019247,0.0013849152019247
1308,0.0014741155318915,0.0014741155318915
1309,0.0015130863757804,0.0015130863757804
1310,0.0014770684065297,0.0014770684065297
1311,0.0013833133270964,0.0013833133270964
1312,0.0015674394089728,0.0015674394089728
1313,0.0014684282941743,0.0014684282941743
1314,0.0013882509665563,0.0013882509665563
1315,0.0014758564066141,0.0014758564066141
1316,0.001495407661423,0.001495407661423
1317,0.0014027926372364,0.0014027926372364
1318,0.0014176707481965,0.0014176707481965
1319,0.0014309292891994,0.0014309292891994
1320,0.0013824789784848,0.0013824789784848
1321,0.0014391238801181,0.0014391238801181
1322,0.0015071285888552,0.0015071285888552
1323,0.0014590548817068,0.0014590548817068
1324,0.0014971456257626,0.0014971456257626
1325,0.0014697272563353,0.0014697272563353
1326,0.0015112040564417,0.0015112040564417
1327,0.0014831157168373,0.0014831157168373
1328,0.0014708145754411,0.0014708145754411
1329,0.0013708331389352,0.0013708331389352
1330,0.0013037053868174,0.0013037053868174
1331,0.001423348672688,0.001423348672688
1332,0.0014235053677111,0.0014235053677111
1333,0.0013225140282884,0.0013225140282884
1334,0.0013740906724706,0.0013740906724706
1335,0.0014033673796802,0.0014033673796802
1336,0.0014801102224737,0.0014801102224737
1337,0.0014055451611056,0.0014055451611056
1338,0.0014116208767518,0.0014116208767518
1339,0.001489267218858,0.001489267218858
1340,0.0013816759455949,0.0013816759455949
1341,0.0013320530997589,0.0013320530997589
1342,0.0013429143000394,0.0013429143000394
1343,0.0013915989547967,0.0013915989547967
1344,0.0014774044975638,0.0014774044975638
1345,0.0013670270564034,0.0013670270564034
1346,0.0013628938468173,0.0013628938468173
1347,0.001501980703324,0.001501980703324
1348,0.0014215634437277,0.0014215634437277
1349,0.0015109200030565,0.0015109200030565
1350,0.0013890643604099,0.0013890643604099
1351,0.0013265097513794,0.0013265097513794
1352,0.001478502061218,0.001478502061218
1353,0.0014579335693269,0.0014579335693269
1354,0.0013923383085057,0.0013923383085057
1355,0.001304532168433,0.001304532168433
1356,0.0014418847858905,0.0014418847858905
1357,0.0013320838334038,0.0013320838334038
1358,0.0013655067887157,0.0013655067887157
1359,0.0013711547944694,0.0013711547944694
1360,0.0014323274372145,0.0014323274372145
1361,0.0013891637790948,0.0013891637790948
1362,0.0014448668807744,0.0014448668807744
1363,0.0013796932762488,0.0013796932762488
1364,0.0013287938199937,0.0013287938199937
1365,0.0013480398338288,0.0013480398338288
1366,0.0014206885825842,0.0014206885825842
1367,0.0013834103010594,0.0013834103010594
1368,0.0012901559239253,0.0012901559239253
1369,0.0013991890009492,0.0013991890009492
1370,0.0014030910097062,0.0014030910097062
1371,0.0014048243174329,0.0014048243174329
1372,0.0013822522014379,0.0013822522014379
1373,0.0014469972811639,0.0014469972811639
1374,0.0012795376824215,0.0012795376824215
1375,0.0014211211819201,0.0014211211819201
1376,0.0014637858839705,0.0014637858839705
1377,0.0014932252233847,0.0014932252233847
1378,0.0014897272922098,0.0014897272922098
1379,0.0013878664467483,0.0013878664467483
1380,0.0013768764911219,0.0013768764911219
1381,0.0014139312552288,0.0014139312552288
1382,0.0013246659655123,0.0013246659655123
1383,0.00134954508394,0.00134954508394
1384,0.0014143359148874,0.0014143359148874
1385,0.001322841271758,0.001322841271758
1386,0.0013268153415992,0.0013268153415992
1387,0.0014997540274634,0.0014997540274634
1388,0.0014776061289012,0.0014776061289012
1389,0.0013694686349481,0.0013694686349481
1390,0.0013918437762185,0.0013918437762185
1391,0.0014379878994077,0.0014379878994077
1392,0.0014023332623764,0.0014023332623764
1393,0.0014587433543056,0.0014587433543056
1394,0.0013868099777027,0.0013868099777027
1395,0.0013096404727548,0.0013096404727548
1396,0.0013697892427444,0.0013697892427444
1397,0.0012995828874409,0.0012995828874409
1398,0.0013182109687477,0.0013182109687477
1399,0.001393215614371,0.001393215614371
1400,0.0014169610803946,0.0014169610803946
1401,0.0013185690622776,0.0013185690622776
1402,0.0013237750390544,0.0013237750390544
1403,0.0012798773823305,0.0012798773823305
1404,0.0013697885442525,0.0013697885442525
1405,0.0014280701288953,0.0014280701288953
1406,0.0013906942913308,0.0013906942913308
1407,0.0013649850152432,0.0013649850152432
1408,0.0013927293475717,0.0013927293475717
1409,0.0013285682071,0.0013285682071
1410,0.0013870645780116,0.0013870645780116
1411,0.0013170024612918,0.0013170024612918
1412,0.0014695454156026,0.0014695454156026
1413,0.0014428505674004,0.0014428505674004
1414,0.0013338013086467,0.0013338013086467
1415,0.0013617096701636,0.0013617096701636
1416,0.0012727517168968,0.0012727517168968
1417,0.0012634198646992,0.0012634198646992
1418,0.0012992016272619,0.0012992016272619
1419,0.0014473902992904,0.0014473902992904
1420,0.0013487318065017,0.0013487318065017
1421,0.0013889499241486,0.0013889499241486
1422,0.0012883554445579,0.0012883554445579
1423,0.0013107137056067,0.0013107137056067
1424,0.001352714956738,0.001352714956738
1425,0.0012753056362271,0.0012753056362271
1426,0.001280391938053,0.001280391938053
1427,0.0012894221581518,0.0012894221581518
1428,0.0012757859658449,0.0012757859658449
1429,0.001300903619267,0.001300903619267
1430,0.0013193046906962,0.0013193046906962
1431,0.001306474674493,0.001306474674493
1432,0.0014469542074948,0.0014469542074948
1433,0.0012853092048317,0.0012853092048317
1434,0.00123208144214,0.00123208144214
1435,0.0013463078066706,0.0013463078066706
1436,0.001346496050246,0.001346496050246
1437,0.0013750748476013,0.0013750748476013
1438,0.0013406906509771,0.0013406906509771
1439,0.0013581824023276,0.0013581824023276
1440,0.0013173433253541,0.0013173433253541
1441,0.0013525921385735,0.0013525921385735
1442,0.0012746644206345,0.0012746644206345
1443,0.0012622441863641,0.0012622441863641
1444,0.0012625681702047,0.0012625681702047
1445,0.001357877976261,0.001357877976261
1446,0.001367368036881,0.001367368036881
1447,0.0012516783317551,0.0012516783317551
1448,0.0013080231146886,0.0013080231146886
1449,0.0014026542194187,0.0014026542194187
1450,0.0013464106013998,0.0013464106013998
1451,0.0013588953297585,0.0013588953297585
1452,0.0013641940895467,0.0013641940895467
1453,0.0012254405301064,0.0012254405301064
1454,0.0013759200228378,0.0013759200228378
1455,0.001428019022569,0.001428019022569
1456,0.0013358159922063,0.0013358159922063
1457,0.0012492686510086,0.0012492686510086
1458,0.001377806183882,0.001377806183882
1459,0.0013226522132754,0.0013226522132754
1460,0.0014066240983083,0.0014066240983083
1461,0.0013369978405535,0.0013369978405535
1462,0.0013628361048176,0.0013628361048176
1463,0.0013252826174721,0.0013252826174721
1464,0.0014048506272956,0.0014048506272956
1465,0.0013748680939897,0.0013748680939897
1466,0.0013681107666343,0.0013681107666343
1467,0.0013570633018389,0.0013570633018389
1468,0.0012762229889631,0.0012762229889631
1469,0.0012941333698108,0.0012941333698108
1470,0.0014209502842277,0.0014209502842277
1471,0.0013218617532402,0.0013218617532402
1472,0.0013022953644394,0.0013022953644394
1473,0.0012771510519087,0.0012771510519087
1474,0.0013204476563259,0.0013204476563259
1475,0.0013058747863397,0.0013058747863397
1476,0.0013220470864325,0.0013220470864325
1477,0.0013396154390648,0.0013396154390648
1478,0.0012523662298917,0.0012523662298917
1479,0.0012704482069239,0.0012704482069239
1480,0.0013878307072445,0.0013878307072445
1481,0.0013847154332324,0.0013847154332324
1482,0.0012252414599061,0.0012252414599061
1483,0.0013064950471743,0.0013064950471743
1484,0.0013295178068801,0.0013295178068801
1485,0.0013154757907614,0.0013154757907614
1486,0.0013553415192291,0.0013553415192291
1487,0.0013274203520268,0.0013274203520268
1488,0.0013087467523291,0.0013087467523291
1489,0.0013850674731656,0.0013850674731656
1490,0.0012964569032192,0.0012964569032192
1491,0.0013415673747658,0.0013415673747658
1492,0.0013710514176636,0.0013710514176636
1493,0.0013211306650191,0.0013211306650191
1494,0.0012532933615148,0.0012532933615148
1495,0.0014209052314981,0.0014209052314981
1496,0.0013559751678258,0.0013559751678258
1497,0.0012796777300536,0.0012796777300536
1498,0.0013177408836781,0.0013177408836781
1499,0.0014314188156276,0.0014314188156276
1500,0.00136844383087,0.00136844383087
1501,0.0013042805949226,0.0013042805949226
1502,0.0013046490494161,0.0013046490494161
1503,0.0012357052182778,0.0012357052182778
1504,0.0012071670498698,0.0012071670498698
1505,0.0013646933948621,0.0013646933948621
1506,0.0013609661255031,0.0013609661255031
1507,0.0013394495472311,0.0013394495472311
1508,0.0013047963147982,0.0013047963147982
1509,0.0013321742881089,0.0013321742881089
1510,0.0013231764314696,0.0013231764314696
1511,0.0012885582400485,0.0012885582400485
1512,0.0013182247057557,0.0013182247057557
1513,0.0014043622650206,0.0014043622650206
1514,0.0014201587764546,0.0014201587764546
1515,0.0013490695273503,0.0013490695273503
1516,0.0012674673926085,0.0012674673926085
1517,0.0013496300671249,0.0013496300671249
1518,0.0012462714221328,0.0012462714221328
1519,0.0012799121905118,0.0012799121905118
1520,0.001285360311158,0.001285360311158
1521,0.0013437231536954,0.0013437231536954
1522,0.0012125428766012,0.0012125428766012
1523,0.0012456885306164,0.0012456885306164
1524,0.0013355551054701,0.0013355551054701
1525,0.0012576432200148,0.0012576432200148
1526,0.0012581550981849,0.0012581550981849
1527,0.0013691707281395,0.0013691707281395
1528,0.0012033465318381,0.0012033465318381
1529,0.0012000100687146,0.0012000100687146
1530,0.0012298231013119,0.0012298231013119
1531,0.0012020947178825,0.0012020947178825
1532,0.0013713460648432,0.0013713460648432
1533,0.0013861013576388,0.0013861013576388
1534,0.0012570859398692,0.0012570859398692
1535,0.0012010348727926,0.0012010348727926
1536,0.0012387662427499,0.0012387662427499
1537,0.0012396972160786,0.0012396972160786
1538,0.001180283143185,0.001180283143185
1539,0.0013000344624742,0.0013000344624742
1540,0.0013165650889277,0.0013165650889277
1541,0.0013033997965976,0.0013033997965976
1542,0.0013508980628103,0.0013508980628103
1543,0.001303024822846,0.001303024822846
1544,0.0011965641751885,0.0011965641751885
1545,0.0013164463452994,0.0013164463452994
1546,0.0013197141233831,0.0013197141233831
1547,0.0013204078422859,0.0013204078422859
1548,0.0012661321088671,0.0012661321088671
1549,0.0013519690837711,0.0013519690837711
1550,0.0011795865138992,0.0011795865138992
1551,0.0012773248599842,0.0012773248599842
1552,0.0012860797578468,0.0012860797578468
1553,0.0012399479746818,0.0012399479746818
1554,0.0013028004905208,0.0013028004905208
1555,0.0012547937221825,0.0012547937221825
1556,0.0012560749892145,0.0012560749892145
1557,0.001271994318813,0.001271994318813
1558,0.00133705988992,0.00133705988992
1559,0.0012475735275074,0.0012475735275074
1560,0.0012836586683988,0.0012836586683988
1561,0.0012534169945865,0.0012534169945865
1562,0.0014193615643307,0.0014193615643307
1563,0.001247611362487,0.001247611362487
1564,0.0013980907388031,0.0013980907388031
1565,0.0013602063991129,0.0013602063991129
1566,0.001316032721661,0.001316032721661
1567,0.0013208972522988,0.0013208972522988
1568,0.0012480685254558,0.0012480685254558
1569,0.0013358842115849,0.0013358842115849
1570,0.0012902487069368,0.0012902487069368
1571,0.001410680823028,0.001410680823028
1572,0.0013434025458991,0.0013434025458991
1573,0.0012684217654168,0.0012684217654168
1574,0.0012396080419421,0.0012396080419421
1575,0.001277930336073,0.001277930336073
1576,0.0012536727590486,0.0012536727590486
1577,0.0012307111173868,0.0012307111173868
1578,0.0012348211603239,0.0012348211603239
1579,0.0012601565103977,0.0012601565103977
1580,0.0012003108859062,0.0012003108859062
1581,0.0012366288574412,0.0012366288574412
1582,0.0012760376557707,0.0012760376557707
1583,0.0012351458426564,0.0012351458426564
1584,0.0012640951899811,0.0012640951899811
1585,0.0012802272103726,0.0012802272103726
1586,0.0012481190497055,0.0012481190497055
1587,0.0012918272987008,0.0012918272987008
1588,0.0012845649616792,0.0012845649616792
1589,0.00126374932006,0.00126374932006
1590,0.0012740329839289,0.0012740329839289
1591,0.0011886567808687,0.0011886567808687
1592,0.0012810935731977,0.0012810935731977
1593,0.0012534697307273,0.0012534697307273
1594,0.0012704324908554,0.0012704324908554
1595,0.0012323888950049,0.0012323888950049
1596,0.0013186337891966,0.0013186337891966
1597,0.0012412641663104,0.0012412641663104
1598,0.0011665446218103,0.0011665446218103
1599,0.0012095452984794,0.0012095452984794
1600,0.0011926389997825,0.0011926389997825
1601,0.0012383350403979,0.0012383350403979
1602,0.0012254798784852,0.0012254798784852
1603,0.0012120449682697,0.0012120449682697
1604,0.0013520907377824,0.0013520907377824
1605,0.0012289526639506,0.0012289526639506
1606,0.0013203468406572,0.0013203468406572
1607,0.0012522938195616,0.0012522938195616
1608,0.0012536384165287,0.0012536384165287
1609,0.0012704723048955,0.0012704723048955
1610,0.0012350653996691,0.0012350653996691
1611,0.0012565710349008,0.0012565710349008
1612,0.0012129242531955,0.0012129242531955
1613,0.00122632086277,0.00122632086277
1614,0.0012397996615618,0.0012397996615618
1615,0.0012783273123204,0.0012783273123204
1616,0.0012326614232733,0.0012326614232733
1617,0.0013743747258558,0.0013743747258558
1618,0.0012504763435572,0.0012504763435572
1619,0.0012167833046987,0.0012167833046987
1620,0.0011867401190102,0.0011867401190102
1621,0.0012410457711666,0.0012410457711666
1622,0.001320581883192,0.001320581883192
1623,0.0012339176610112,0.0012339176610112
1624,0.0011627508793026,0.0011627508793026
1625,0.0012542575132101,0.0012542575132101
1626,0.0012076578568667,0.0012076578568667
1627,0.0012427242472767,0.0012427242472767
1628,0.0012287760619074,0.0012287760619074
1629,0.0011684880591928,0.0011684880591928
1630,0.0010762683814391,0.0010762683814391
1631,0.0013448236277326,0.0013448236277326
1632,0.0012501627206802,0.0012501627206802
1633,0.0013414726126939,0.0013414726126939
1634,0.0012107059592381,0.0012107059592381
1635,0.0012508797226473,0.0012508797226473
1636,0.0012397714890539,0.0012397714890539
1637,0.0012040524743497,0.0012040524743497
1638,0.001220729900524,0.001220729900524
1639,0.0012061666930094,0.0012061666930094
1640,0.0011733251158148,0.0011733251158148
1641,0.001187548157759,0.001187548157759
1642,0.0011541665298864,0.0011541665298864
1643,0.0013072118163108,0.0013072118163108
1644,0.0012225334066897,0.0012225334066897
1645,0.0011202448513358,0.0011202448513358
1646,0.0011152279330417,0.0011152279330417
1647,0.0011924323625862,0.0011924323625862
1648,0.0011926812585443,0.0011926812585443
1649,0.0012281254166737,0.0012281254166737
1650,0.0011835460318252,0.0011835460318252
1651,0.0012509985826909,0.0012509985826909
1652,0.0012534045381471,0.0012534045381471
1653,0.001225481624715,0.001225481624715
1654,0.0013220384716987,0.0013220384716987
1655,0.0012087459908798,0.0012087459908798
1656,0.0011536496458575,0.0011536496458575
1657,0.001206696848385,0.001206696848385
1658,0.0011817581253126,0.0011817581253126
1659,0.0012870420468971,0.0012870420468971
1660,0.0011794797610491,0.0011794797610491
1661,0.0012397023383527,0.0012397023383527
1662,0.0013297726400196,0.0013297726400196
1663,0.0012685029068961,0.0012685029068961
1664,0.0012167402310296,0.0012167402310296
1665,0.0012526322389021,0.0012526322389021
1666,0.0012346811126917,0.0012346811126917
1667,0.0012068557552993,0.0012068557552993
1668,0.001160730025731,0.001160730025731
1669,0.0012710806913673,0.0012710806913673
1670,0.0012987767113372,0.0012987767113372
1671,0.0012812430504709,0.0012812430504709
1672,0.0011350533459335,0.0011350533459335
1673,0.0011958241229876,0.0011958241229876
1674,0.0012140800245106,0.0012140800245106
1675,0.0011422806419432,0.0011422806419432
1676,0.0012723800027742,0.0012723800027742
1677,0.0012084617046639,0.0012084617046639
1678,0.0012293112231418,0.0012293112231418
1679,0.0012545805657282,0.0012545805657282
1680,0.0010814893757924,0.0010814893757924
1681,0.0012164488434791,0.0012164488434791
1682,0.0012151391711086,0.0012151391711086
1683,0.0012445218162611,0.0012445218162611
1684,0.0013374051777645,0.0013374051777645
1685,0.0012287533609196,0.0012287533609196
1686,0.0011574098607525,0.0011574098607525
1687,0.0011516975937411,0.0011516975937411
1688,0.0012087585637345,0.0012087585637345
1689,0.0010821358300745,0.0010821358300745
1690,0.0012201602803543,0.0012201602803543
1691,0.0012654182501137,0.0012654182501137
1692,0.0012097200378775,0.0012097200378775
1693,0.0012329022865742,0.0012329022865742
1694,0.0012121342588216,0.0012121342588216
1695,0.0011658517178148,0.0011658517178148
1696,0.0012303553521633,0.0012303553521633
1697,0.0012342077679932,0.0012342077679932
1698,0.0012151029659435,0.0012151029659435
1699,0.001286058104597,0.001286058104597
1700,0.0011772483121603,0.0011772483121603
1701,0.0012321413960307,0.0012321413960307
1702,0.0011939622927457,0.0011939622927457
1703,0.0012315021594986,0.0012315021594986
1704,0.0012843459844589,0.0012843459844589
1705,0.0012593092396855,0.0012593092396855
1706,0.0011453434126451,0.0011453434126451
1707,0.0011568425688892,0.0011568425688892
1708,0.0011188255157321,0.0011188255157321
1709,0.0011769726406782,0.0011769726406782
1710,0.0012724596308544,0.0012724596308544
1711,0.0012275398476049,0.0012275398476049
1712,0.0011977340327575,0.0011977340327575
1713,0.0011429684236645,0.0011429684236645
1714,0.0011617656564339,0.0011617656564339
1715,0.0011538561666384,0.0011538561666384
1716,0.0011935008224099,0.0011935008224099
1717,0.0012313985498622,0.0012313985498622
1718,0.0012590205296874,0.0012590205296874
1719,0.0012118356535211,0.0012118356535211
1720,0.0011848355643451,0.0011848355643451
1721,0.0012616795720532,0.0012616795720532
1722,0.0011784405214712,0.0011784405214712
1723,0.00132717192173,0.00132717192173
1724,0.0012082456378266,0.0012082456378266
1725,0.001119615510106,0.001119615510106
1726,0.0012142159976065,0.0012142159976065
1727,0.0012371760094538,0.0012371760094538
1728,0.0011293253628537,0.0011293253628537
1729,0.0011519527761265,0.0011519527761265
1730,0.0012213760055601,0.0012213760055601
1731,0.0012293584877625,0.0012293584877625
1732,0.0011698657181113,0.0011698657181113
1733,0.0011984738521277,0.0011984738521277
1734,0.0012850807979702,0.0012850807979702
1735,0.001199182937853,0.001199182937853
1736,0.0012092946562916,0.0012092946562916
1737,0.0011418987996876,0.0011418987996876
1738,0.0012408049078658,0.0012408049078658
1739,0.0010967296548187,0.0010967296548187
1740,0.001103923888877,0.001103923888877
1741,0.0012504493352025,0.0012504493352025
1742,0.0011915125651285,0.0011915125651285
1743,0.0012266215635463,0.0012266215635463
1744,0.0011897782096639,0.0011897782096639
1745,0.0012021916918456,0.0012021916918456
1746,0.0011358414776623,0.0011358414776623
1747,0.0012073918478563,0.0012073918478563
1748,0.0012127647642046,0.0012127647642046
1749,0.0011843872489407,0.0011843872489407
1750,0.0012548523955047,0.0012548523955047
1751,0.0012023601448163,0.0012023601448163
1752,0.0012583782663568,0.0012583782663568
1753,0.0011784865055233,0.0011784865055233
1754,0.0013184219133108,0.0013184219133108
1755,0.0012041246518492,0.0012041246518492
1756,0.0011126124300062,0.0011126124300062
1757,0.0011947841849178,0.0011947841849178
1758,0.0012185481609776,0.0012185481609776
1759,0.0011698143789544,0.0011698143789544
1760,0.0011844397522509,0.0011844397522509
1761,0.0012100068852305,0.0012100068852305
1762,0.0011941432021558,0.0011941432021558
1763,0.0011372186709195,0.0011372186709195
1764,0.0012377552920952,0.0012377552920952
1765,0.0012413054937496,0.0012413054937496
1766,0.0012256610207259,0.0012256610207259
1767,0.0012028591008856,0.0012028591008856
1768,0.0011214929400011,0.0011214929400011
1769,0.0011447923025116,0.0011447923025116
1770,0.0011458563385531,0.0011458563385531
1771,0.0010860748589038,0.0010860748589038
1772,0.0012149302056059,0.0012149302056059
1773,0.0011776476167142,0.0011776476167142
1774,0.0011759406188502,0.0011759406188502
1775,0.0011109560728073,0.0011109560728073
1776,0.0011592414230108,0.0011592414230108
1777,0.0011051550973206,0.0011051550973206
1778,0.0012533825356513,0.0012533825356513
1779,0.0011128348996862,0.0011128348996862
1780,0.0011178292334079,0.0011178292334079
1781,0.0011563708540052,0.0011563708540052
1782,0.0011864163680002,0.0011864163680002
1783,0.0012242035008966,0.0012242035008966
1784,0.0010728847701102,0.0010728847701102
1785,0.0011049889726564,0.0011049889726564
1786,0.0012236146721988,0.0012236146721988
1787,0.0011300405021756,0.0011300405021756
1788,0.0012075155973434,0.0012075155973434
1789,0.0011365349637344,0.0011365349637344
1790,0.0012632576981559,0.0012632576981559
1791,0.0011087738675996,0.0011087738675996
1792,0.0011100386036559,0.0011100386036559
1793,0.0011419722577556,0.0011419722577556
1794,0.0011922505218535,0.0011922505218535
1795,0.00116378813982,0.00116378813982
1796,0.001157954102382,0.001157954102382
1797,0.0011715647997334,0.0011715647997334
1798,0.001129915821366,0.001129915821366
1799,0.0012230977881699,0.0012230977881699
1800,0.0011336621828377,0.0011336621828377
1801,0.001215174794197,0.001215174794197
1802,0.0011643345933407,0.0011643345933407
1803,0.0011440142989158,0.0011440142989158
1804,0.0011082174023613,0.0011082174023613
1805,0.0011781463399529,0.0011781463399529
1806,0.0011551051866263,0.0011551051866263
1807,0.0012400181731209,0.0012400181731209
1808,0.0011763226939365,0.0011763226939365
1809,0.0011883431579917,0.0011883431579917
1810,0.0011505935108289,0.0011505935108289
1811,0.0012446653563529,0.0012446653563529
1812,0.0012085590278729,0.0012085590278729
1813,0.001183433807455,0.001183433807455
1814,0.0011321720667183,0.0011321720667183
1815,0.001196765108034,0.001196765108034
1816,0.0011701055336743,0.0011701055336743
1817,0.0011680251918733,0.0011680251918733
1818,0.0011289245449006,0.0011289245449006
1819,0.0011733918217942,0.0011733918217942
1820,0.0011385031975805,0.0011385031975805
1821,0.0011234517442062,0.0011234517442062
1822,0.0011615678668022,0.0011615678668022
1823,0.0010213875211775,0.0010213875211775
1824,0.0012428303016349,0.0012428303016349
1825,0.0011332327267155,0.0011332327267155
1826,0.0012196865864098,0.0012196865864098
1827,0.0011260195169597,0.0011260195169597
1828,0.0010859817266464,0.0010859817266464
1829,0.0010815481655299,0.0010815481655299
1830,0.0011284739011898,0.0011284739011898
1831,0.0011341384379193,0.0011341384379193
1832,0.0012139334576204,0.0012139334576204
1833,0.0011477912776172,0.0011477912776172
1834,0.0011777136242017,0.0011777136242017
1835,0.0011442326940596,0.0011442326940596
1836,0.0011415013577789,0.0011415013577789
1837,0.0011003272375091,0.0011003272375091
1838,0.0011310119880363,0.0011310119880363
1839,0.0011347646359354,0.0011347646359354
1840,0.0010902229696512,0.0010902229696512
1841,0.0011177363339811,0.0011177363339811
1842,0.0011392320739105,0.0011392320739105
1843,0.0012075352715328,0.0012075352715328
1844,0.0012043500319123,0.0012043500319123
1845,0.0011516588274389,0.0011516588274389
1846,0.0011200562585145,0.0011200562585145
1847,0.0011264099739491,0.0011264099739491
1848,0.0010955705074593,0.0010955705074593
1849,0.00118626980111,0.00118626980111
1850,0.0011796198086813,0.0011796198086813
1851,0.0011454033665359,0.0011454033665359
1852,0.0011250977404415,0.0011250977404415
1853,0.0011941932607442,0.0011941932607442
1854,0.0011178298154845,0.0011178298154845
1855,0.0011227142531424,0.0011227142531424
1856,0.0011006010463461,0.0011006010463461
1857,0.0012028721394017,0.0012028721394017
1858,0.0011291583068668,0.0011291583068668
1859,0.0011581153376027,0.0011581153376027
1860,0.0011599482968449,0.0011599482968449
1861,0.0011016968637704,0.0011016968637704
1862,0.0011114799417555,0.0011114799417555
1863,0.0011318383039906,0.0011318383039906
1864,0.001148491166532,0.001148491166532
1865,0.0011536866659298,0.0011536866659298
1866,0.0010659261606633,0.0010659261606633
1867,0.0011042114347219,0.0011042114347219
1868,0.0011568089248612,0.0011568089248612
1869,0.0011484458809718,0.0011484458809718
1870,0.0010848105885088,0.0010848105885088
1871,0.0012239445932209,0.0012239445932209
1872,0.001081638270989,0.001081638270989
1873,0.0011280718026682,0.0011280718026682
1874,0.0011742536444216,0.0011742536444216
1875,0.0012191127752885,0.0012191127752885
1876,0.0012071309611201,0.0012071309611201
1877,0.0010887596290558,0.0010887596290558
1878,0.0011412685271352,0.0011412685271352
1879,0.0011731816921383,0.0011731816921383
1880,0.0011154741514474,0.0011154741514474
1881,0.0011287108063697,0.0011287108063697
1882,0.0011734619038179,0.0011734619038179
1883,0.0011340247001498,0.0011340247001498
1884,0.0011291722767055,0.0011291722767055
1885,0.0011257035657763,0.0011257035657763
1886,0.0010360205778852,0.0010360205778852
1887,0.0011286980006843,0.0011286980006843
1888,0.0011729047400876,0.0011729047400876
1889,0.0011283353669568,0.0011283353669568
1890,0.0012140700127929,0.0012140700127929
1891,0.0012062134919688,0.0012062134919688
1892,0.0011093399953097,0.0011093399953097
1893,0.0011165138566866,0.0011165138566866
1894,0.0012211557477712,0.0012211557477712
1895,0.0011557533871382,0.0011557533871382
1896,0.0011091213673353,0.0011091213673353
1897,0.0011606677435338,0.0011606677435338
1898,0.0011568275513127,0.0011568275513127
1899,0.001132616889663,0.001132616889663
1900,0.0011066781589761,0.0011066781589761
1901,0.0010816258145496,0.0010816258145496
1902,0.001088993391022,0.001088993391022
1903,0.0011752733262255,0.0011752733262255
1904,0.0011165931355208,0.0011165931355208
1905,0.0011351590510457,0.0011351590510457
1906,0.0011771850986406,0.0011771850986406
1907,0.0010939072817564,0.0010939072817564
1908,0.0011648356448858,0.0011648356448858
1909,0.0010489088017493,0.0010489088017493
1910,0.0012660275679081,0.0012660275679081
1911,0.001269242609851,0.001269242609851
1912,0.0011806457769125,0.0011806457769125
1913,0.0011747737880796,0.0011747737880796
1914,0.0011635012924671,0.0011635012924671
1915,0.0011662398464977,0.0011662398464977
1916,0.0011486276052892,0.0011486276052892
1917,0.0011226563947275,0.0011226563947275
1918,0.0012097022263333,0.0012097022263333
1919,0.0011253345292061,0.0011253345292061
1920,0.001167430425994,0.001167430425994
1921,0.0011341198114678,0.0011341198114678
1922,0.0012153018033131,0.0012153018033131
1923,0.0011214022524654,0.0011214022524654
1924,0.0011047986336052,0.0011047986336052
1925,0.0011139328125864,0.0011139328125864
1926,0.0011410885490477,0.0011410885490477
1927,0.0011262940242886,0.0011262940242886
1928,0.00116422038991,0.00116422038991
1929,0.0011857006466016,0.0011857006466016
1930,0.0010716977994889,0.0010716977994889
1931,0.0011553209042176,0.0011553209042176
1932,0.0010204020654782,0.0010204020654782
1933,0.0011874389601871,0.0011874389601871
1934,0.0011578403646126,0.0011578403646126
1935,0.0010686564492061,0.0010686564492061
1936,0.0010760115692391,0.0010760115692391
1937,0.0010752228554338,0.0010752228554338
1938,0.0011119743576273,0.0011119743576273
1939,0.0010602587135508,0.0010602587135508
1940,0.0011105560697615,0.0011105560697615
1941,0.0010927867842838,0.0010927867842838
1942,0.0011295212898403,0.0011295212898403
1943,0.0010836371220648,0.0010836371220648
1944,0.0011854846961796,0.0011854846961796
1945,0.0011013702023774,0.0011013702023774
1946,0.001138191553764,0.001138191553764
1947,0.0011956372763961,0.0011956372763961
1948,0.0010736763942986,0.0010736763942986
1949,0.0010737542761489,0.0010737542761489
1950,0.0011158495908603,0.0011158495908603
1951,0.0010907901450991,0.0010907901450991
1952,0.0011535283410921,0.0011535283410921
1953,0.0011365095851942,0.0011365095851942
1954,0.0011808715062215,0.0011808715062215
1955,0.0011297821765765,0.0011297821765765
1956,0.0011824266985058,0.0011824266985058
1957,0.0010989619186148,0.0010989619186148
1958,0.0010853989515453,0.0010853989515453
1959,0.0010795795824378,0.0010795795824378
1960,0.0010821389732882,0.0010821389732882
1961,0.001103745191358,0.001103745191358
1962,0.0010513302404433,0.0010513302404433
1963,0.0011402347590774,0.0011402347590774
1964,0.0010500163771212,0.0010500163771212
1965,0.0011884277919307,0.0011884277919307
1966,0.0010905924718827,0.0010905924718827
1967,0.0011391170555725,0.0011391170555725
1968,0.0010542582022026,0.0010542582022026
1969,0.0011791372671723,0.0011791372671723
1970,0.0010205330327153,0.0010205330327153
1971,0.0010855313157662,0.0010855313157662
1972,0.0011057738447561,0.0011057738447561
1973,0.001111623365432,0.001111623365432
1974,0.0010809194063767,0.0010809194063767
1975,0.0011484823189675,0.0011484823189675
1976,0.0011002382962033,0.0011002382962033
1977,0.0011276615550741,0.0011276615550741
1978,0.0010748069034889,0.0010748069034889
1979,0.0010642025154083,0.0010642025154083
1980,0.0011026682332158,0.0011026682332158
1981,0.001177352736704,0.001177352736704
1982,0.0011406906414777,0.0011406906414777
1983,0.0011149309575557,0.0011149309575557
1984,0.0010102185187861,0.0010102185187861
1985,0.0010875323787331,0.0010875323787331
1986,0.0010392749682068,0.0010392749682068
1987,0.0010947821428999,0.0010947821428999
1988,0.0011077004019171,0.0011077004019171
1989,0.0011491854675114,0.0011491854675114
1990,0.0011106636375188,0.0011106636375188
1991,0.0011415694607421,0.0011415694607421
1992,0.0010112399468198,0.0010112399468198
1993,0.0011741413036361,0.0011741413036361
1994,0.0011056342627853,0.0011056342627853
1995,0.0010737078264355,0.0010737078264355
1996,0.0010432341368868,0.0010432341368868
1997,0.0011468410957604,0.0011468410957604
1998,0.0011193016543984,0.0011193016543984
1999,0.0011878805235028,0.0011878805235028
2000,0.0010476583847776,0.0010476583847776
2001,0.0011331976857036,0.0011331976857036
2002,0.0011647990904748,0.0011647990904748
2003,0.001135250669904,0.001135250669904
2004,0.0011754655279219,0.0011754655279219
2005,0.0011441009119153,0.0011441009119153
2006,0.001109919976443,0.001109919976443
2007,0.0012029557256028,0.0012029557256028
2008,0.000999565469101,0.000999565469101
2009,0.0010883526410907,0.0010883526410907
2010,0.0012006675824522,0.0012006675824522
2011,0.0010607455624267,0.0010607455624267
2012,0.0011160890571773,0.0011160890571773
2013,0.0011815613834187,0.0011815613834187
2014,0.0010633738711476,0.0010633738711476
2015,0.0011512738419696,0.0011512738419696
2016,0.0011013187468051,0.0011013187468051
2017,0.0011520740808919,0.0011520740808919
2018,0.0011718258028849,0.0011718258028849
2019,0.001149850198999,0.001149850198999
2020,0.0010313492966815,0.0010313492966815
2021,0.0011059044627472,0.0011059044627472
2022,0.0012007545446977,0.0012007545446977
2023,0.0010241685668006,0.0010241685668006
2024,0.0011080238036811,0.0011080238036811
2025,0.0011147712357342,0.0011147712357342
2026,0.001070779049769,0.001070779049769
2027,0.0010898122563958,0.0010898122563958
2028,0.0011625930201262,0.0011625930201262
2029,0.0010561269009485,0.0010561269009485
2030,0.0010803490877151,0.0010803490877151
2031,0.0011472462210804,0.0011472462210804
2032,0.001195743214339,0.001195743214339
2033,0.0010565273696556,0.0010565273696556
2034,0.0010372388642281,0.0010372388642281
2035,0.0011310563422739,0.0011310563422739
2036,0.0011464396957308,0.0011464396957308
2037,0.00108131126035,0.00108131126035
2038,0.001078683999367,0.001078683999367
2039,0.0010379310697317,0.0010379310697317
2040,0.0010433208663016,0.0010433208663016
2041,0.0010770674562081,0.0010770674562081
2042,0.0010288724442943,0.0010288724442943
2043,0.0010220105759799,0.0010220105759799
2044,0.0010811041574925,0.0010811041574925
2045,0.0011880849488079,0.0011880849488079
2046,0.0011080210097134,0.0011080210097134
2047,0.0011829448631033,0.0011829448631033
2048,0.0012931318487972,0.0012931318487972
2049,0.0011040591634809,0.0011040591634809
2050,0.0010725918691605,0.0010725918691605
2051,0.0011061679106205,0.0011061679106205
2052,0.001060419017449,0.001060419017449
2053,0.0010669742478057,0.0010669742478057
2054,0.0010666304733604,0.0010666304733604
2055,0.0011527391616255,0.0011527391616255
2056,0.0010768774664029,0.0010768774664029
2057,0.0011990225175395,0.0011990225175395
2058,0.0010763035388663,0.0010763035388663
2059,0.0011226219357922,0.0011226219357922
2060,0.0011415262706577,0.0011415262706577
2061,0.00117892480921,0.00117892480921
2062,0.0011072765337303,0.0011072765337303
2063,0.0010978442151099,0.0010978442151099
2064,0.0011456420179456,0.0011456420179456
2065,0.0010369091760367,0.0010369091760367
2066,0.0011418762151151,0.0011418762151151
2067,0.0010388130322098,0.0010388130322098
2068,0.001026764861308,0.001026764861308
2069,0.0010996318887919,0.0010996318887919
2070,0.0010952717857435,0.0010952717857435
2071,0.0011355500901117,0.0011355500901117
2072,0.0010921611683443,0.0010921611683443
2073,0.0010658425744622,0.0010658425744622
2074,0.0010942908702418,0.0010942908702418
2075,0.0010741022415459,0.0010741022415459
2076,0.0011151117505505,0.0011151117505505
2077,0.0011463237460702,0.0011463237460702
2078,0.0010724753374233,0.0010724753374233
2079,0.0010497010080143,0.0010497010080143
2080,0.0011004883563145,0.0011004883563145
2081,0.0011852665338665,0.0011852665338665
2082,0.0010746658081188,0.0010746658081188
2083,0.001122297020629,0.001122297020629
2084,0.0010424215579405,0.0010424215579405
2085,0.0011141746072098,0.0011141746072098
2086,0.0011303311912342,0.0011303311912342
2087,0.0011017289943993,0.0011017289943993
2088,0.0010798665462061,0.0010798665462061
2089,0.0011389835271984,0.0011389835271984
2090,0.0010736474068835,0.0010736474068835
2091,0.0010858108289539,0.0010858108289539
2092,0.0010593859478831,0.0010593859478831
2093,0.0011497866362333,0.0011497866362333
2094,0.0010762421879917,0.0010762421879917
2095,0.0010494586313143,0.0010494586313143
2096,0.0010224849684163,0.0010224849684163
2097,0.0009892446687445,0.0009892446687445
2098,0.0010880769696086,0.0010880769696086
2099,0.0010460638441145,0.0010460638441145
2100,0.0009955884888768,0.0009955884888768
2101,0.0010562967509031,0.0010562967509031
2102,0.0010638909880071,0.0010638909880071
2103,0.0010744652245193,0.0010744652245193
2104,0.0009826514869928,0.0009826514869928
2105,0.0010925531387329,0.0010925531387329
2106,0.001112300902605,0.001112300902605
2107,0.0010519040515646,0.0010519040515646
2108,0.0010910318233072,0.0010910318233072
2109,0.0011188996722921,0.0011188996722921
2110,0.0010756927076727,0.0010756927076727
2111,0.001100922585465,0.001100922585465
2112,0.0010508394334465,0.0010508394334465
2113,0.0011782807996496,0.0011782807996496
2114,0.0011653823312371,0.0011653823312371
2115,0.0010796504793688,0.0010796504793688
2116,0.0011173400562256,0.0011173400562256
2117,0.0011502635898068,0.0011502635898068
2118,0.0010433329734951,0.0010433329734951
2119,0.0009988237870857,0.0009988237870857
2120,0.0010266577592119,0.0010266577592119
2121,0.0011369190178811,0.0011369190178811
2122,0.0010497195180505,0.0010497195180505
2123,0.0010314555838704,0.0010314555838704
2124,0.0011136932298541,0.0011136932298541
2125,0.0010545415570959,0.0010545415570959
2126,0.0010819977615028,0.0010819977615028
2127,0.0011108280159533,0.0011108280159533
2128,0.0010391847463324,0.0010391847463324
2129,0.0010458457982167,0.0010458457982167
2130,0.0010550963925197,0.0010550963925197
2131,0.0010477764299139,0.0010477764299139
2132,0.0010562469251453,0.0010562469251453
2133,0.0011302544735372,0.0011302544735372
2134,0.0010266468161717,0.0010266468161717
2135,0.0011437248904258,0.0011437248904258
2136,0.0010628812015056,0.0010628812015056
2137,0.0011141194263473,0.0011141194263473
2138,0.0010754406685009,0.0010754406685009
2139,0.001047836150974,0.001047836150974
2140,0.0010416535660624,0.0010416535660624
2141,0.0010593734914436,0.0010593734914436
2142,0.0010785617632791,0.0010785617632791
2143,0.0010496864560991,0.0010496864560991
2144,0.0011278614401817,0.0011278614401817
2145,0.0010306264739483,0.0010306264739483
2146,0.0010526092955842,0.0010526092955842
2147,0.0010711677605286,0.0010711677605286
2148,0.0010707918554544,0.0010707918554544
2149,0.0010749311186373,0.0010749311186373
2150,0.0011523189023137,0.0011523189023137
2151,0.0010899915359914,0.0010899915359914
2152,0.0009478526189923,0.0009478526189923
2153,0.0010063896188512,0.0010063896188512
2154,0.0010936469770967,0.0010936469770967
2155,0.0009493233519606,0.0009493233519606
2156,0.0011216985294595,0.0011216985294595
2157,0.0010432903654873,0.0010432903654873
2158,0.0009960287716239,0.0009960287716239
2159,0.0011285082437098,0.0011285082437098
2160,0.0010602311231195,0.0010602311231195
2161,0.001107616815716,0.001107616815716
2162,0.0010677904356271,0.0010677904356271
2163,0.0010062684305012,0.0010062684305012
2164,0.0010857753222808,0.0010857753222808
2165,0.0010615462670102,0.0010615462670102
2166,0.0010693757794797,0.0010693757794797
2167,0.0009644204401411,0.0009644204401411
2168,0.0010323046008124,0.0010323046008124
2169,0.0009737580548971,0.0009737580548971
2170,0.0010972958989441,0.0010972958989441
2171,0.0010693110525608,0.0010693110525608
2172,0.0011296777520328,0.0011296777520328
2173,0.0010468971449881,0.0010468971449881
2174,0.0011301469057798,0.0011301469057798
2175,0.0010370111558586,0.0010370111558586
2176,0.000976518378593,0.000976518378593
2177,0.000988254789263,0.000988254789263
2178,0.0011000523809343,0.0011000523809343
2179,0.0010339138098061,0.0010339138098061
2180,0.0010202508419752,0.0010202508419752
2181,0.0010274068918079,0.0010274068918079
2182,0.0011082233395427,0.0011082233395427
2183,0.0010825287317857,0.0010825287317857
2184,0.0010818802984431,0.0010818802984431
2185,0.0010696046520024,0.0010696046520024
2186,0.0010201174300163,0.0010201174300163
2187,0.0010089704301208,0.0010089704301208
2188,0.0011909576132893,0.0011909576132893
2189,0.0011222206521779,0.0011222206521779
2190,0.0010595442727208,0.0010595442727208
2191,0.0009748954325914,0.0009748954325914
2192,0.0010669657494872,0.0010669657494872
2193,0.0010959587525576,0.0010959587525576
2194,0.0010309800272807,0.0010309800272807
2195,0.0011443642433732,0.0011443642433732
2196,0.0010957802878692,0.0010957802878692
2197,0.0010814847191795,0.0010814847191795
2198,0.0010715185198932,0.0010715185198932
2199,0.0011104519944638,0.0011104519944638
2200,0.0010451058624312,0.0010451058624312
2201,0.0010784829501062,0.0010784829501062
2202,0.0011328284163028,0.0011328284163028
2203,0.0010909313568845,0.0010909313568845
2204,0.001075679436326,0.001075679436326
2205,0.0010927519761025,0.0010927519761025
2206,0.0009704942349344,0.0009704942349344
2207,0.0011267468798905,0.0011267468798905
2208,0.0009691365994513,0.0009691365994513
2209,0.0011052463669329,0.0011052463669329
2210,0.0009862224105745,0.0009862224105745
2211,0.0009950262028723,0.0009950262028723
2212,0.0010439708130434,0.0010439708130434
2213,0.0009441821603104,0.0009441821603104
2214,0.0010914045851677,0.0010914045851677
2215,0.0010883600916713,0.0010883600916713
2216,0.0010169716551899,0.0010169716551899
2217,0.0010070223361253,0.0010070223361253
2218,0.0010154582560062,0.0010154582560062
2219,0.0011447021970525,0.0011447021970525
2220,0.0010613701306283,0.0010613701306283
2221,0.0009986247168853,0.0009986247168853
2222,0.0010222741402685,0.0010222741402685
2223,0.001049993908964,0.001049993908964
2224,0.0010229073232039,0.0010229073232039
2225,0.0010153510374948,0.0010153510374948
2226,0.0010159531375393,0.0010159531375393
2227,0.0009720134548842,0.0009720134548842
2228,0.0011215473059564,0.0011215473059564
2229,0.0010004163486883,0.0010004163486883
2230,0.0010881853522732,0.0010881853522732
2231,0.0010700282873585,0.0010700282873585
2232,0.0011585362954065,0.0011585362954065
2233,0.0010108002461493,0.0010108002461493
2234,0.00099718128331,0.00099718128331
2235,0.0011111228959634,0.0011111228959634
2236,0.0010432376293465,0.0010432376293465
2237,0.0011047690641134,0.0011047690641134
2238,0.0011107361642643,0.0011107361642643
2239,0.0010606721043586,0.0010606721043586
2240,0.0011518026003614,0.0011518026003614
2241,0.0011151829967275,0.0011151829967275
2242,0.001078154426068,0.001078154426068
2243,0.0010224860161542,0.0010224860161542
2244,0.0010311098303645,0.0010311098303645
2245,0.001087749376893,0.001087749376893
2246,0.0010298851411789,0.0010298851411789
2247,0.0011397489579394,0.0011397489579394
2248,0.0010589930461719,0.0010589930461719
2249,0.0011785381939262,0.0011785381939262
2250,0.0010985195403918,0.0010985195403918
2251,0.0010553689207881,0.0010553689207881
2252,0.0010532777523621,0.0010532777523621
2253,0.0010538786882534,0.0010538786882534
2254,0.0011035543866455,0.0011035543866455
2255,0.0011051654582843,0.0011051654582843
2256,0.0010558208450675,0.0010558208450675
2257,0.0010367427021265,0.0010367427021265
2258,0.0009966732468456,0.0009966732468456
2259,0.0010122478706762,0.0010122478706762
2260,0.0010444043437018,0.0010444043437018
2261,0.0010391711257398,0.0010391711257398
2262,0.0010154392803087,0.0010154392803087
2263,0.0010484002996236,0.0010484002996236
2264,0.0010221458505839,0.0010221458505839
2265,0.0010699398117139,0.0010699398117139
2266,0.0011759654153138,0.0011759654153138
2267,0.0010555966291576,0.0010555966291576
2268,0.0010414465796202,0.0010414465796202
2269,0.0010200177785009,0.0010200177785009
2270,0.0010581044480204,0.0010581044480204
2271,0.0010942508233711,0.0010942508233711
2272,0.0010941055370494,0.0010941055370494
2273,0.0011011824244633,0.0011011824244633
2274,0.0010119683574885,0.0010119683574885
2275,0.0010408230591565,0.0010408230591565
2276,0.0010443124920129,0.0010443124920129
2277,0.0010228642495349,0.0010228642495349
2278,0.0010930839926004,0.0010930839926004
2279,0.0010856661247089,0.0010856661247089
2280,0.0011055988725274,0.0011055988725274
2281,0.0010305033065378,0.0010305033065378
2282,0.0010321207810193,0.0010321207810193
2283,0.0010670956689864,0.0010670956689864
2284,0.0010029996046796,0.0010029996046796
2285,0.0009996133157983,0.0009996133157983
2286,0.0011267871595919,0.0011267871595919
2287,0.0010954169556498,0.0010954169556498
2288,0.0009795381920412,0.0009795381920412
2289,0.0009836244862526,0.0009836244862526
2290,0.0010619106469675,0.0010619106469675
2291,0.0009982797782868,0.0009982797782868
2292,0.0010297758271917,0.0010297758271917
2293,0.0010793078690767,0.0010793078690767
2294,0.0010706201428547,0.0010706201428547
2295,0.0009922853205353,0.0009922853205353
2296,0.0011095164809376,0.0011095164809376
2297,0.0010344096226617,0.0010344096226617
2298,0.0010213505011051,0.0010213505011051
2299,0.0010991703020408,0.0010991703020408
2300,0.0010477910982444,0.0010477910982444
2301,0.0010605751303955,0.0010605751303955
2302,0.0011231688549742,0.0011231688549742
2303,0.001058111549355,0.001058111549355
2304,0.0010543360840529,0.0010543360840529
2305,0.0010069697163999,0.0010069697163999
2306,0.0009596098680049,0.0009596098680049
2307,0.000964728242252,0.000964728242252
2308,0.0010026660747826,0.0010026660747826
2309,0.0009883166057989,0.0009883166057989
2310,0.0010021443013101,0.0010021443013101
2311,0.0010679478291422,0.0010679478291422
2312,0.00102119310759,0.00102119310759
2313,0.0010445057414472,0.0010445057414472
2314,0.0010597525397315,0.0010597525397315
2315,0.0010282816365361,0.0010282816365361
2316,0.0010412376141175,0.0010412376141175
2317,0.0009778206003829,0.0009778206003829
2318,0.0010677417740225,0.0010677417740225
2319,0.0010639959946274,0.0010639959946274
2320,0.0010412904666736,0.0010412904666736
2321,0.0011375877074897,0.0011375877074897
2322,0.0010200719116255,0.0010200719116255
2323,0.0010162680409848,0.0010162680409848
2324,0.0009344216668978,0.0009344216668978
2325,0.0010688131442293,0.0010688131442293
2326,0.0011833903845399,0.0011833903845399
2327,0.0010211576009169,0.0010211576009169
2328,0.0010101080406457,0.0010101080406457
2329,0.0010895315790548,0.0010895315790548
2330,0.0010651780758053,0.0010651780758053
2331,0.0010794365080073,0.0010794365080073
2332,0.0010933587327599,0.0010933587327599
2333,0.0011164380703121,0.0011164380703121
2334,0.0011103046126663,0.0011103046126663
2335,0.0010822198819369,0.0010822198819369
2336,0.0010716584511101,0.0010716584511101
2337,0.0009898152202367,0.0009898152202367
2338,0.001020171213895,0.001020171213895
2339,0.0010502161458134,0.0010502161458134
2340,0.0010259246919304,0.0010259246919304
2341,0.0010133669711649,0.0010133669711649
2342,0.0011137113906443,0.0011137113906443
2343,0.0009539065649732,0.0009539065649732
2344,0.0010253771906718,0.0010253771906718
2345,0.0009584667277522,0.0009584667277522
2346,0.0010431238915771,0.0010431238915771
2347,0.0010718505363911,0.0010718505363911
2348,0.0010756116826087,0.0010756116826087
2349,0.0011003902181982,0.0011003902181982
2350,0.0010668546892702,0.0010668546892702
2351,0.0010832948610186,0.0010832948610186
2352,0.0009964104974642,0.0009964104974642
2353,0.0010882634669542,0.0010882634669542
2354,0.001075349166058,0.001075349166058
2355,0.001074316445738,0.001074316445738
2356,0.0010298017878085,0.0010298017878085
2357,0.0010923546506091,0.0010923546506091
2358,0.0010990073205903,0.0010990073205903
2359,0.0011287871748209,0.0011287871748209
2360,0.0010353225516155,0.0010353225516155
2361,0.0010406096698716,0.0010406096698716
2362,0.0010151129681617,0.0010151129681617
2363,0.0010346423368901,0.0010346423368901
2364,0.0009517367579974,0.0009517367579974
2365,0.0009128777310252,0.0009128777310252
2366,0.0010216530645266,0.0010216530645266
2367,0.0010453169234097,0.0010453169234097
2368,0.0010668449103832,0.0010668449103832
2369,0.0009860917925834,0.0009860917925834
2370,0.0010748843196779,0.0010748843196779
2371,0.0009473014506511,0.0009473014506511
2372,0.0010370216332376,0.0010370216332376
2373,0.0010332724777981,0.0010332724777981
2374,0.0010336412815377,0.0010336412815377
2375,0.0010208099847659,0.0010208099847659
2376,0.0011142216389998,0.0011142216389998
2377,0.0009717959328554,0.0009717959328554
2378,0.0010483162477612,0.0010483162477612
2379,0.0010300661670044,0.0010300661670044
2380,0.001026120968163,0.001026120968163
2381,0.0010900716297328,0.0010900716297328
2382,0.0010097530903294,0.0010097530903294
2383,0.0009575235890224,0.0009575235890224
2384,0.0010670685442164,0.0010670685442164
2385,0.0011434203479439,0.0011434203479439
2386,0.000997872906737,0.000997872906737
2387,0.0010385373607277,0.0010385373607277
2388,0.0011384385870769,0.0011384385870769
2389,0.0009777463274076,0.0009777463274076
2390,0.0010603241389617,0.0010603241389617
2391,0.0010899925837293,0.0010899925837293
2392,0.0010086536640301,0.0010086536640301
2393,0.0010818551527336,0.0010818551527336
2394,0.001248704153113,0.001248704153113
2395,0.0010906145907938,0.0010906145907938
2396,0.0010648232419043,0.0010648232419043
2397,0.0011661937460303,0.0011661937460303
2398,0.0010283873416483,0.0010283873416483
2399,0.0010657131206244,0.0010657131206244
2400,0.001079105422832,0.001079105422832
2401,0.000996044371277,0.000996044371277
2402,0.0010964494431391,0.0010964494431391
2403,0.0010487114777788,0.0010487114777788
2404,0.0011244290508329,0.0011244290508329
2405,0.0010558179346844,0.0010558179346844
2406,0.0010542201343923,0.0010542201343923
2407,0.0009870879584923,0.0009870879584923
2408,0.001014900393784,0.001014900393784
2409,0.0009894203394651,0.0009894203394651
2410,0.0009875608375295,0.0009875608375295
2411,0.0010738871060311,0.0010738871060311
2412,0.0010660265106707,0.0010660265106707
2413,0.0010618416126817,0.0010618416126817
2414,0.0011112667853012,0.0011112667853012
2415,0.0010064817033708,0.0010064817033708
2416,0.0010030856356024,0.0010030856356024
2417,0.0010351669043302,0.0010351669043302
2418,0.00102154398337,0.00102154398337
2419,0.0009983555646613,0.0009983555646613
2420,0.0010893200524151,0.0010893200524151
2421,0.000999582465738,0.000999582465738
2422,0.0009540610481053,0.0009540610481053
2423,0.0010203626006841,0.0010203626006841
2424,0.0009539573220536,0.0009539573220536
2425,0.0010607105214148,0.0010607105214148
2426,0.0011347082909196,0.0011347082909196
2427,0.000988902291283,0.000988902291283
2428,0.0010059837950393,0.0010059837950393
2429,0.0010259614791721,0.0010259614791721
2430,0.0010118384379893,0.0010118384379893
2431,0.0010759744327515,0.0010759744327515
2432,0.0010680614504963,0.0010680614504963
2433,0.0010411880211904,0.0010411880211904
2434,0.0009998038876801,0.0009998038876801
2435,0.0010385036002844,0.0010385036002844
2436,0.0010333014652132,0.0010333014652132
2437,0.0010174943599849,0.0010174943599849
2438,0.0010000303154811,0.0010000303154811
2439,0.0010493613081052,0.0010493613081052
2440,0.0010573453037068,0.0010573453037068
2441,0.0009307982982136,0.0009307982982136
2442,0.0010788177605718,0.0010788177605718
2443,0.0009495949489064,0.0009495949489064
2444,0.0010444441577419,0.0010444441577419
2445,0.0010648804018273,0.0010648804018273
2446,0.001024002674967,0.001024002674967
2447,0.0010096841724589,0.0010096841724589
2448,0.001041107578203,0.001041107578203
2449,0.0009820061968639,0.0009820061968639
2450,0.0010313037782907,0.0010313037782907
2451,0.0009939897572621,0.0009939897572621
2452,0.0010189106687903,0.0010189106687903
2453,0.0010249887127429,0.0010249887127429
2454,0.0010181211400777,0.0010181211400777
2455,0.0010377588914707,0.0010377588914707
2456,0.0011191109661012,0.0011191109661012
2457,0.0011172373779118,0.0011172373779118
2458,0.0010107848793268,0.0010107848793268
2459,0.0010430422844365,0.0010430422844365
2460,0.0010314403334632,0.0010314403334632
2461,0.0009780179243534,0.0009780179243534
2462,0.0009188369149342,0.0009188369149342
2463,0.0010596746578812,0.0010596746578812
2464,0.0010165874846279,0.0010165874846279
2465,0.0009356401860713,0.0009356401860713
2466,0.0009921283926814,0.0009921283926814
2467,0.001004941528663,0.001004941528663
2468,0.0010022472124546,0.0010022472124546
2469,0.0010602698894217,0.0010602698894217
2470,0.0010275359963998,0.0010275359963998
2471,0.0010031922720372,0.0010031922720372
2472,0.0010848500533029,0.0010848500533029
2473,0.0010572085157036,0.0010572085157036
2474,0.0010274965316057,0.0010274965316057
2475,0.0010759552242234,0.0010759552242234
2476,0.0009990385733544,0.0009990385733544
2477,0.0010556252673268,0.0010556252673268
2478,0.0011117903050035,0.0011117903050035
2479,0.0009437658591195,0.0009437658591195
2480,0.0010535184992477,0.0010535184992477
2481,0.0010259242262691,0.0010259242262691
2482,0.001020005904138,0.001020005904138
2483,0.0010163879487663,0.0010163879487663
2484,0.0010103057138621,0.0010103057138621
2485,0.0009731599129736,0.0009731599129736
2486,0.0009939540177583,0.0009939540177583
2487,0.0010198976378887,0.0010198976378887
2488,0.0010528077837079,0.0010528077837079
2489,0.0009997022571042,0.0009997022571042
2490,0.0011033458868041,0.0011033458868041
2491,0.0010499290656298,0.0010499290656298
2492,0.0010151928290724,0.0010151928290724
2493,0.0009941791649907,0.0009941791649907
2494,0.0010840663453564,0.0010840663453564
2495,0.001071113278158,0.001071113278158
2496,0.0011076758382841,0.0011076758382841
2497,0.0009648480918258,0.0009648480918258
2498,0.0010244415607303,0.0010244415607303
2499,0.0010457755997776,0.0010457755997776
2500,0.0011373606976121,0.0011373606976121
2501,0.0009759404929354,0.0009759404929354
2502,0.0009326200233772,0.0009326200233772
2503,0.0009414727683179,0.0009414727683179
2504,0.0010438224999234,0.0010438224999234
2505,0.0009653957094997,0.0009653957094997
2506,0.0009913056856021,0.0009913056856021
2507,0.0010579254012554,0.0010579254012554
2508,0.0009995894506573,0.0009995894506573
2509,0.0009498871513642,0.0009498871513642
2510,0.0009555393480695,0.0009555393480695
2511,0.0010705636814236,0.0010705636814236
2512,0.0010270404163748,0.0010270404163748
2513,0.0009937506401911,0.0009937506401911
2514,0.0010090406285598,0.0010090406285598
2515,0.0009548894013278,0.0009548894013278
2516,0.001000645221211,0.001000645221211
2517,0.0010158197255805,0.0010158197255805
2518,0.0010478744516149,0.0010478744516149
2519,0.0010320427827537,0.0010320427827537
2520,0.000972683657892,0.000972683657892
2521,0.0009504439076408,0.0009504439076408
2522,0.0009216743055731,0.0009216743055731
2523,0.0011316267773509,0.0011316267773509
2524,0.0010843451600521,0.0010843451600521
2525,0.0009884495520964,0.0009884495520964
2526,0.0010078054619953,0.0010078054619953
2527,0.0009629661799408,0.0009629661799408
2528,0.001016849419102,0.001016849419102
2529,0.0010562075767666,0.0010562075767666
2530,0.0010001857299357,0.0010001857299357
2531,0.0010540552902966,0.0010540552902966
2532,0.0009970951359719,0.0009970951359719
2533,0.0010038908803835,0.0010038908803835
2534,0.0009871101938188,0.0009871101938188
2535,0.0009690634906291,0.0009690634906291
2536,0.0009741308749653,0.0009741308749653
2537,0.000999133568257,0.000999133568257
2538,0.0010672946227714,0.0010672946227714
2539,0.000968903535977,0.000968903535977
2540,0.0010349554941058,0.0010349554941058
2541,0.0009266977431252,0.0009266977431252
2542,0.0009979212190955,0.0009979212190955
2543,0.0010073819430544,0.0010073819430544
2544,0.0010082894004881,0.0010082894004881
2545,0.0010510759893804,0.0010510759893804
2546,0.0010319303255528,0.0010319303255528
2547,0.0010684431763365,0.0010684431763365
2548,0.0010485776001587,0.0010485776001587
2549,0.0010422534542158,0.0010422534542158
2550,0.0010325495386496,0.0010325495386496
2551,0.0010183906415477,0.0010183906415477
2552,0.0009556117583997,0.0009556117583997
2553,0.0010382265318185,0.0010382265318185
2554,0.001016120892018,0.001016120892018
2555,0.0009387318277731,0.0009387318277731
2556,0.0010178855154663,0.0010178855154663
2557,0.0009565924992784,0.0009565924992784
2558,0.0010386069770902,0.0010386069770902
2559,0.0010179918026551,0.0010179918026551
2560,0.0009663759847171,0.0009663759847171
2561,0.0011066688457503,0.0011066688457503
2562,0.0010087025584653,0.0010087025584653
2563,0.0009779671672731,0.0009779671672731
2564,0.0010001979535445,0.0010001979535445
2565,0.0010132460156455,0.0010132460156455
2566,0.0010524425888434,0.0010524425888434
2567,0.0009897961281239,0.0009897961281239
2568,0.0009910010267049,0.0009910010267049
2569,0.0010544300312176,0.0010544300312176
2570,0.0010441615013405,0.0010441615013405
2571,0.0009555889992043,0.0009555889992043
2572,0.0010413576383143,0.0010413576383143
2573,0.0010953820310533,0.0010953820310533
2574,0.0010086179245263,0.0010086179245263
2575,0.0010348417563363,0.0010348417563363
2576,0.0009869798086583,0.0009869798086583
2577,0.0010027249809354,0.0010027249809354
2578,0.0009605130762793,0.0009605130762793
2579,0.0010256993118673,0.0010256993118673
2580,0.0011020137462764,0.0011020137462764
2581,0.0010490347631275,0.0010490347631275
2582,0.0010175046045333,0.0010175046045333
2583,0.0009501150343567,0.0009501150343567
2584,0.0009645674726925,0.0009645674726925
2585,0.001069514080882,0.001069514080882
2586,0.0010539998766034,0.0010539998766034
2587,0.0009972112020477,0.0009972112020477
2588,0.0010417248122394,0.0010417248122394
2589,0.001028258469887,0.001028258469887
2590,0.0009579624747857,0.0009579624747857
2591,0.0010406657820567,0.0010406657820567
2592,0.0010588328586891,0.0010588328586891
2593,0.0010717057157307,0.0010717057157307
2594,0.0010336637496948,0.0010336637496948
2595,0.0010509882122278,0.0010509882122278
2596,0.0009839184349402,0.0009839184349402
2597,0.000994948670268,0.000994948670268
2598,0.0009605146478861,0.0009605146478861
2599,0.0009737242944538,0.0009737242944538
2600,0.0010118976933881,0.0010118976933881
2601,0.0010477949399501,0.0010477949399501
2602,0.0010556541383266,0.0010556541383266
2603,0.0009497427963651,0.0009497427963651
2604,0.001077682711184,0.001077682711184
2605,0.001111346995458,0.001111346995458
2606,0.0010159113444387,0.0010159113444387
2607,0.0010382999898865,0.0010382999898865
2608,0.0009784245630726,0.0009784245630726
2609,0.000925644126255,0.000925644126255
2610,0.0010444750078022,0.0010444750078022
2611,0.0010448938701301,0.0010448938701301
2612,0.000938273849897,0.000938273849897
2613,0.0010103484382852,0.0010103484382852
2614,0.0011501999106258,0.0011501999106258
2615,0.001076580141671,0.001076580141671
2616,0.0010290937498211,0.0010290937498211
2617,0.0010293667437508,0.0010293667437508
2618,0.0010083522647619,0.0010083522647619
2619,0.0010166905121877,0.0010166905121877
2620,0.0010334734106436,0.0010334734106436
2621,0.0010105674155056,0.0010105674155056
2622,0.0009312804322689,0.0009312804322689
2623,0.0010434675496071,0.0010434675496071
2624,0.0010619931854307,0.0010619931854307
2625,0.0009559463360346,0.0009559463360346
2626,0.0010615388164296,0.0010615388164296
2627,0.0009428818011656,0.0009428818011656
2628,0.0009726914577186,0.0009726914577186
2629,0.0010283020092174,0.0010283020092174
2630,0.00098475755658,0.00098475755658
2631,0.0010552868479862,0.0010552868479862
2632,0.000981620280072,0.000981620280072
2633,0.0010143519612029,0.0010143519612029
2634,0.000949700071942,0.000949700071942
2635,0.0010889959521591,0.0010889959521591
2636,0.000989046646282,0.000989046646282
2637,0.0009987480007112,0.0009987480007112
2638,0.0009750023018568,0.0009750023018568
2639,0.0010293995728716,0.0010293995728716
2640,0.0009209237759932,0.0009209237759932
2641,0.0010404330678284,0.0010404330678284
2642,0.0009707837016321,0.0009707837016321
2643,0.0009872303344309,0.0009872303344309
2644,0.0010257775429636,0.0010257775429636
2645,0.0010158403310924,0.0010158403310924
2646,0.0010092778829857,0.0010092778829857
2647,0.0011219540610909,0.0011219540610909
2648,0.0010505248792469,0.0010505248792469
2649,0.0010679396800696,0.0010679396800696
2650,0.0009863852756097,0.0009863852756097
2651,0.0009808815084397,0.0009808815084397
2652,0.0010129548609256,0.0010129548609256
2653,0.0009605375817045,0.0009605375817045
2654,0.000975917559117,0.000975917559117
2655,0.0009276558412238,0.0009276558412238
2656,0.0010796427959576,0.0010796427959576
2657,0.0010276809334754,0.0010276809334754
2658,0.0010528016136959,0.0010528016136959
2659,0.0010309992358088,0.0010309992358088
2660,0.0010077625047415,0.0010077625047415
2661,0.001012333901599,0.001012333901599
2662,0.0010864050127565,0.0010864050127565
2663,0.0009886203333735,0.0009886203333735
2664,0.0009982408955693,0.0009982408955693
2665,0.0010585574200376,0.0010585574200376
2666,0.0008880782406777,0.0008880782406777
2667,0.0009076223941519,0.0009076223941519
2668,0.0009661712683737,0.0009661712683737
2669,0.0009414778323844,0.0009414778323844
2670,0.0009934168774634,0.0009934168774634
2671,0.0010124130640178,0.0010124130640178
2672,0.0010202548000961,0.0010202548000961
2673,0.0010168965673074,0.0010168965673074
2674,0.0010158682707697,0.0010158682707697
2675,0.000917324097827,0.000917324097827
2676,0.0009712119936011,0.0009712119936011
2677,0.0010186241706833,0.0010186241706833
2678,0.0010012676939368,0.0010012676939368
2679,0.0009728543227538,0.0009728543227538
2680,0.0010888102697208,0.0010888102697208
2681,0.0010525081306695,0.0010525081306695
2682,0.000926969514694,0.000926969514694
2683,0.0009958477457985,0.0009958477457985
2684,0.001038524438627,0.001038524438627
2685,0.0009735915809869,0.0009735915809869
2686,0.0010660687694326,0.0010660687694326
2687,0.0010622254339978,0.0010622254339978
2688,0.0009238293278031,0.0009238293278031
2689,0.0010098617058247,0.0010098617058247
2690,0.0010298348497599,0.0010298348497599
2691,0.0010077087208628,0.0010077087208628
2692,0.0010501564247533,0.0010501564247533
2693,0.0010081310756504,0.0010081310756504
2694,0.0009490576921962,0.0009490576921962
2695,0.0010260842973366,0.0010260842973366
2696,0.0010284190066158,0.0010284190066158
2697,0.0009925804333761,0.0009925804333761
2698,0.0009764637215994,0.0009764637215994
2699,0.0010645140428096,0.0010645140428096
2700,0.0009560173493809,0.0009560173493809
2701,0.001020546304062,0.001020546304062
2702,0.001020600204356,0.001020600204356
2703,0.0009788301540538,0.0009788301540538
2704,0.0009646169492043,0.0009646169492043
2705,0.0010177835356444,0.0010177835356444
2706,0.0010138587094843,0.0010138587094843
2707,0.000976420356892,0.000976420356892
2708,0.0010103021049872,0.0010103021049872
2709,0.0010741613805294,0.0010741613805294
2710,0.0010255161905661,0.0010255161905661
2711,0.0010002357885241,0.0010002357885241
2712,0.0009881048463284,0.0009881048463284
2713,0.0009922804310917,0.0009922804310917
2714,0.0009871200891211,0.0009871200891211
2715,0.0010447864187881,0.0010447864187881
2716,0.0010928086703643,0.0010928086703643
2717,0.0010325722396373,0.0010325722396373
2718,0.0010081852087751,0.0010081852087751
2719,0.0010336284758523,0.0010336284758523
2720,0.0009844299638643,0.0009844299638643
2721,0.0009834133088588,0.0009834133088588
2722,0.0010049978736788,0.0010049978736788
2723,0.001090720295906,0.001090720295906
2724,0.0010398976737633,0.0010398976737633
2725,0.0009881514124572,0.0009881514124572
2726,0.0010214037029072,0.0010214037029072
2727,0.0010449951514601,0.0010449951514601
2728,0.0009371081832796,0.0009371081832796
2729,0.0010043545626103,0.0010043545626103
2730,0.0009641817305237,0.0009641817305237
2731,0.0009815528756007,0.0009815528756007
2732,0.0009783962741494,0.0009783962741494
2733,0.0009986523073166,0.0009986523073166
2734,0.0010288185440003,0.0010288185440003
2735,0.0009034806862473,0.0009034806862473
2736,0.0009563880739733,0.0009563880739733
2737,0.0010570139857009,0.0010570139857009
2738,0.0009254853939637,0.0009254853939637
2739,0.0009926221100613,0.0009926221100613
2740,0.0009976089932024,0.0009976089932024
2741,0.0010514407185837,0.0010514407185837
2742,0.0010764444014057,0.0010764444014057
2743,0.0009973449632525,0.0009973449632525
2744,0.0009829198243096,0.0009829198243096
2745,0.001025719102472,0.001025719102472
2746,0.0009603096405044,0.0009603096405044
2747,0.0010024232324212,0.0010024232324212
2748,0.0010836501605808,0.0010836501605808
2749,0.0010149892186746,0.0010149892186746
2750,0.0010246448218822,0.0010246448218822
2751,0.0010196996154263,0.0010196996154263
2752,0.0009916329290717,0.0009916329290717
2753,0.0009528864175081,0.0009528864175081
2754,0.0010384541237726,0.0010384541237726
2755,0.0009994306601583,0.0009994306601583
2756,0.000918774632737,0.000918774632737
2757,0.0009951248066499,0.0009951248066499
2758,0.0009303662227466,0.0009303662227466
2759,0.000966373947449,0.000966373947449
2760,0.0009314315975643,0.0009314315975643
2761,0.000977094983682,0.000977094983682
2762,0.0010415472788736,0.0010415472788736
2763,0.000990574946627,0.000990574946627
2764,0.0009534267010167,0.0009534267010167
2765,0.0009831050410866,0.0009831050410866
2766,0.0009319453383795,0.0009319453383795
2767,0.000958967837505,0.000958967837505
2768,0.00096314586699,0.00096314586699
2769,0.0010465850355103,0.0010465850355103
2770,0.0009741596295498,0.0009741596295498
2771,0.0010354663245379,0.0010354663245379
2772,0.0010096244513988,0.0010096244513988
2773,0.0009461448062211,0.0009461448062211
2774,0.0009754982311278,0.0009754982311278
2775,0.001054554246366,0.001054554246366
2776,0.0010197303490713,0.0010197303490713
2777,0.0010607830481603,0.0010607830481603
2778,0.0009696554625406,0.0009696554625406
2779,0.0010908108670264,0.0010908108670264
2780,0.0009981704642996,0.0009981704642996
2781,0.0010195588693022,0.0010195588693022
2782,0.0010397057048976,0.0010397057048976
2783,0.0009604592924006,0.0009604592924006
2784,0.0010356968268752,0.0010356968268752
2785,0.0010298757115378,0.0010298757115378
2786,0.0009406143217347,0.0009406143217347
2787,0.0009466132032684,0.0009466132032684
2788,0.0010020309127867,0.0010020309127867
2789,0.0010327290510758,0.0010327290510758
2790,0.0009689808939583,0.0009689808939583
2791,0.000967695727013,0.000967695727013
2792,0.0009709810256026,0.0009709810256026
2793,0.0010173222981393,0.0010173222981393
2794,0.0009693871252238,0.0009693871252238
2795,0.0009724015253596,0.0009724015253596
2796,0.0009679439244791,0.0009679439244791
2797,0.0009731215541251,0.0009731215541251
2798,0.0009661423391662,0.0009661423391662
2799,0.0009625024395063,0.0009625024395063
2800,0.0010307402117177,0.0010307402117177
2801,0.0009109372040256,0.0009109372040256
2802,0.0010506014805287,0.0010506014805287
2803,0.0010616399813443,0.0010616399813443
2804,0.0009029749198816,0.0009029749198816
2805,0.0010246124584227,0.0010246124584227
2806,0.000993326306343,0.000993326306343
2807,0.001068755169399,0.001068755169399
2808,0.001053623505868,0.001053623505868
2809,0.0009444492170587,0.0009444492170587
2810,0.0010484170634299,0.0010484170634299
2811,0.0011286931112408,0.0011286931112408
2812,0.000995026784949,0.000995026784949
2813,0.0010777006391435,0.0010777006391435
2814,0.0010165116982534,0.0010165116982534
2815,0.0009862078586593,0.0009862078586593
2816,0.0009796812664717,0.0009796812664717
2817,0.0009470325312577,0.0009470325312577
2818,0.0009647436672821,0.0009647436672821
2819,0.0010174990165978,0.0010174990165978
2820,0.0009731494355946,0.0009731494355946
2821,0.0009247813140973,0.0009247813140973
2822,0.000972053152509,0.000972053152509
2823,0.0009415958775207,0.0009415958775207
2824,0.0009811406489461,0.0009811406489461
2825,0.0009806212037801,0.0009806212037801
2826,0.0009956179419532,0.0009956179419532
2827,0.0009803298162296,0.0009803298162296
2828,0.0009372044587507,0.0009372044587507
2829,0.0010013673454523,0.0010013673454523
2830,0.0009596035815775,0.0009596035815775
2831,0.0009011480724439,0.0009011480724439
2832,0.0009891663212329,0.0009891663212329
2833,0.0008877037325873,0.0008877037325873
2834,0.0009414982050657,0.0009414982050657
2835,0.0009917656425386,0.0009917656425386
2836,0.0009067712235264,0.0009067712235264
2837,0.0009700760128907,0.0009700760128907
2838,0.0010068143019452,0.0010068143019452
2839,0.0009715121705085,0.0009715121705085
2840,0.0008906602743081,0.0008906602743081
2841,0.0009881018195301,0.0009881018195301
2842,0.0009850300848484,0.0009850300848484
2843,0.0010240687988698,0.0010240687988698
2844,0.0009833315853029,0.0009833315853029
2845,0.0009884225437417,0.0009884225437417
2846,0.000909688998945,0.000909688998945
2847,0.0010376630816608,0.0010376630816608
2848,0.0009767257142812,0.0009767257142812
2849,0.000975138915237,0.000975138915237
2850,0.000976369541604,0.000976369541604
2851,0.0009796587983146,0.0009796587983146
2852,0.0008988748886622,0.0008988748886622
2853,0.0009864901658147,0.0009864901658147
2854,0.0010267820907756,0.0010267820907756
2855,0.0009918649448081,0.0009918649448081
2856,0.0010062104556709,0.0010062104556709
2857,0.0010458759497851,0.0010458759497851
2858,0.0010303120361641,0.0010303120361641
2859,0.0010636381339281,0.0010636381339281
2860,0.0010548462159931,0.0010548462159931
2861,0.0009736074134707,0.0009736074134707
2862,0.0010264602024108,0.0010264602024108
2863,0.0009757989901117,0.0009757989901117
2864,0.0010216191876679,0.0010216191876679
2865,0.0009097385918721,0.0009097385918721
2866,0.0009520491003058,0.0009520491003058
2867,0.000898239435628,0.000898239435628
2868,0.0010030032135546,0.0010030032135546
2869,0.0009974830318242,0.0009974830318242
2870,0.0009260160150006,0.0009260160150006
2871,0.0009855472017079,0.0009855472017079
2872,0.0009535569115541,0.0009535569115541
2873,0.0009437883272767,0.0009437883272767
2874,0.0009449026547372,0.0009449026547372
2875,0.0010116370394825,0.0010116370394825
2876,0.0010024768998846,0.0010024768998846
2877,0.0009853650117293,0.0009853650117293
2878,0.001002850709483,0.001002850709483
2879,0.0009636551258154,0.0009636551258154
2880,0.000983877107501,0.000983877107501
2881,0.0010182830737903,0.0010182830737903
2882,0.0009772332850843,0.0009772332850843
2883,0.0010331311495974,0.0010331311495974
2884,0.0009769736789166,0.0009769736789166
2885,0.0009423011215403,0.0009423011215403
2886,0.0010421976912766,0.0010421976912766
2887,0.0009978248272091,0.0009978248272091
2888,0.0010220119729638,0.0010220119729638
2889,0.0008999691926874,0.0008999691926874
2890,0.0008766372920945,0.0008766372920945
2891,0.0010664843721315,0.0010664843721315
2892,0.0010055275633931,0.0010055275633931
2893,0.0010537491180002,0.0010537491180002
2894,0.0009449300705455,0.0009449300705455
2895,0.0009724444826133,0.0009724444826133
2896,0.0009992594132199,0.0009992594132199
2897,0.0009188069379888,0.0009188069379888
2898,0.0010337808635085,0.0010337808635085
2899,0.0010173236951231,0.0010173236951231
2900,0.0010393112897872,0.0010393112897872
2901,0.0009639607742428,0.0009639607742428
2902,0.0009265320259146,0.0009265320259146
2903,0.000977614079602,0.000977614079602
2904,0.0009182993671856,0.0009182993671856
2905,0.0010305681498721,0.0010305681498721
2906,0.0009440589928999,0.0009440589928999
2907,0.0010560611262917,0.0010560611262917
2908,0.0009723743423819,0.0009723743423819
2909,0.0009883700404316,0.0009883700404316
2910,0.0009344357531517,0.0009344357531517
2911,0.0010553426109254,0.0010553426109254
2912,0.0009420057176612,0.0009420057176612
2913,0.0009703896939754,0.0009703896939754
2914,0.0009746422292664,0.0009746422292664
2915,0.0009417996625415,0.0009417996625415
2916,0.0009583657956682,0.0009583657956682
2917,0.0009587905369699,0.0009587905369699
2918,0.000865182490088,0.000865182490088
2919,0.0010040216147899,0.0010040216147899
2920,0.0009891915833577,0.0009891915833577
2921,0.0010480880737304,0.0010480880737304
2922,0.0010628007585182,0.0010628007585182
2923,0.0009897395502775,0.0009897395502775
2924,0.0010731312213465,0.0010731312213465
2925,0.0009299876983277,0.0009299876983277
2926,0.0009457379346713,0.0009457379346713
2927,0.0009863877203315,0.0009863877203315
2928,0.0008888039155863,0.0008888039155863
2929,0.0009154067374765,0.0009154067374765
2930,0.0009572587441653,0.0009572587441653
2931,0.0009158253669738,0.0009158253669738
2932,0.0009353798814117,0.0009353798814117
2933,0.0011460058158263,0.0011460058158263
2934,0.0010404073400422,0.0010404073400422
2935,0.0010989397997036,0.0010989397997036
2936,0.0009889875072985,0.0009889875072985
2937,0.0010457544121891,0.0010457544121891
2938,0.0009933284018188,0.0009933284018188
2939,0.001016913447529,0.001016913447529
2940,0.0010352835524827,0.0010352835524827
2941,0.0010113307507708,0.0010113307507708
2942,0.0009403105359524,0.0009403105359524
2943,0.0009252584422938,0.0009252584422938
2944,0.0009853565134108,0.0009853565134108
2945,0.0009956799913197,0.0009956799913197
2946,0.0010439625475555,0.0010439625475555
2947,0.0009882639860734,0.0009882639860734
2948,0.0009820914128795,0.0009820914128795
2949,0.0009195447200909,0.0009195447200909
2950,0.0009753240155987,0.0009753240155987
2951,0.0009611354907974,0.0009611354907974
2952,0.0009439109708182,0.0009439109708182
2953,0.0008945392910391,0.0008945392910391
2954,0.0008628192008472,0.0008628192008472
2955,0.0010167374275624,0.0010167374275624
2956,0.0010156643111258,0.0010156643111258
2957,0.0009210922871716,0.0009210922871716
2958,0.0009319314849562,0.0009319314849562
2959,0.0009289334993809,0.0009289334993809
2960,0.0010374513221904,0.0010374513221904
2961,0.0009853115770965,0.0009853115770965
2962,0.0009920520242303,0.0009920520242303
2963,0.0010149545269086,0.0010149545269086
2964,0.0009470028453506,0.0009470028453506
2965,0.0009301705285906,0.0009301705285906
2966,0.0010320662986487,0.0010320662986487
2967,0.0010221626143902,0.0010221626143902
2968,0.0010667886817827,0.0010667886817827
2969,0.0009660938521847,0.0009660938521847
2970,0.0009917843854054,0.0009917843854054
2971,0.0009488471550866,0.0009488471550866
2972,0.0009786700829863,0.0009786700829863
2973,0.0009436786058358,0.0009436786058358
2974,0.0009778118692338,0.0009778118692338
2975,0.0010769785149022,0.0010769785149022
2976,0.0010490018175914,0.0010490018175914
2977,0.0010656053200364,0.0010656053200364
2978,0.0009928226936608,0.0009928226936608
2979,0.0009200309868901,0.0009200309868901
2980,0.0010093615856021,0.0010093615856021
2981,0.0009566603694111,0.0009566603694111
2982,0.0009596198215149,0.0009596198215149
2983,0.0009944585617631,0.0009944585617631
2984,0.0009951709071174,0.0009951709071174
2985,0.0009591886773705,0.0009591886773705
2986,0.0010594198247417,0.0010594198247417
2987,0.0009148045210167,0.0009148045210167
2988,0.000960350909736,0.000960350909736
2989,0.0009632995352149,0.0009632995352149
2990,0.0010608886368572,0.0010608886368572
2991,0.000946162675973,0.000946162675973
2992,0.0009659153292886,0.0009659153292886
2993,0.0010687061585485,0.0010687061585485
2994,0.0010013068094849,0.0010013068094849
2995,0.0008698353194631,0.0008698353194631
2996,0.0010224904399365,0.0010224904399365
2997,0.00095515337307,0.00095515337307
2998,0.0009965292410925,0.0009965292410925
2999,0.0010588960722088,0.0010588960722088
3000,0.000912026676815,0.000912026676815
3001,0.0010040049673989,0.0010040049673989
3002,0.0009824499720707,0.0009824499720707
3003,0.0009474063990637,0.0009474063990637
3004,0.0010092842858284,0.0010092842858284
3005,0.0010861488990485,0.0010861488990485
3006,0.0010368729708716,0.0010368729708716
3007,0.0010164157720282,0.0010164157720282
3008,0.0009182327194139,0.0009182327194139
3009,0.000936601369176,0.000936601369176
3010,0.000998979085125,0.000998979085125
3011,0.0009666807600297,0.0009666807600297
3012,0.0010718015255406,0.0010718015255406
3013,0.0010652012424543,0.0010652012424543
3014,0.0010736706899479,0.0010736706899479
3015,0.001034834771417,0.001034834771417
3016,0.0009969543898478,0.0009969543898478
3017,0.0009903562022373,0.0009903562022373
3018,0.000917577650398,0.000917577650398
3019,0.0009592585265636,0.0009592585265636
3020,0.0009561724727973,0.0009561724727973
3021,0.0010578082874417,0.0010578082874417
3022,0.0009485947666689,0.0009485947666689
3023,0.001043124939315,0.001043124939315
3024,0.0009372278000228,0.0009372278000228
3025,0.000938780256547,0.000938780256547
3026,0.001012249966152,0.001012249966152
3027,0.00099165760912,0.00099165760912
3028,0.0009473648387938,0.0009473648387938
3029,0.0010096690384671,0.0010096690384671
3030,0.0009284944972023,0.0009284944972023
3031,0.0009944395860657,0.0009944395860657
3032,0.0010034281294792,0.0010034281294792
3033,0.0009700681548565,0.0009700681548565
3034,0.0009555170545354,0.0009555170545354
3035,0.0009774669306352,0.0009774669306352
3036,0.0010307828197255,0.0010307828197255
3037,0.0010093604214489,0.0010093604214489
3038,0.0010238862596452,0.0010238862596452
3039,0.0010085463291034,0.0010085463291034
3040,0.0009802108397707,0.0009802108397707
3041,0.0010259805712848,0.0010259805712848
3042,0.0009600598132237,0.0009600598132237
3043,0.0009518205770291,0.0009518205770291
3044,0.0009404451120644,0.0009404451120644
3045,0.0009885777253657,0.0009885777253657
3046,0.0008944940636865,0.0008944940636865
3047,0.0008965715533122,0.0008965715533122
3048,0.0009180968045257,0.0009180968045257
3049,0.0009348967578262,0.0009348967578262
3050,0.0009226141846738,0.0009226141846738
3051,0.000939670659136,0.000939670659136
3052,0.0008818005444481,0.0008818005444481
3053,0.0009448752389289,0.0009448752389289
3054,0.0010103601962327,0.0010103601962327
3055,0.0009293594048358,0.0009293594048358
3056,0.0009339420357719,0.0009339420357719
3057,0.0010717475088313,0.0010717475088313
3058,0.0010182356927543,0.0010182356927543
3059,0.000974045949988,0.000974045949988
3060,0.000985937891528,0.000985937891528
3061,0.0010031579295173,0.0010031579295173
3062,0.0010596795473247,0.0010596795473247
3063,0.0010907698888331,0.0010907698888331
3064,0.0010474922601133,0.0010474922601133
3065,0.0010288737248629,0.0010288737248629
3066,0.0009369117906317,0.0009369117906317
3067,0.0009597470634616,0.0009597470634616
3068,0.0011536200763657,0.0011536200763657
3069,0.0009766910225152,0.0009766910225152
3070,0.0010358849540352,0.0010358849540352
3071,0.0010628356831148,0.0010628356831148
3072,0.0009773803176358,0.0009773803176358
3073,0.000934189709369,0.000934189709369
3074,0.001002493314445,0.001002493314445
3075,0.00107938866131,0.00107938866131
3076,0.0010566232958808,0.0010566232958808
3077,0.0010509070707485,0.0010509070707485
3078,0.0010015480220317,0.0010015480220317
3079,0.0009889693465083,0.0009889693465083
3080,0.0010540594812482,0.0010540594812482
3081,0.0010552736930549,0.0010552736930549
3082,0.0009744782582856,0.0009744782582856
3083,0.0009677836787886,0.0009677836787886
3084,0.0010546086123213,0.0010546086123213
3085,0.001072616665624,0.001072616665624
3086,0.0010330219520255,0.0010330219520255
3087,0.0010407029185444,0.0010407029185444
3088,0.0009888762142509,0.0009888762142509
3089,0.0010789781808853,0.0010789781808853
3090,0.0010840215254575,0.0010840215254575
3091,0.0009209685958921,0.0009209685958921
3092,0.0009693502215668,0.0009693502215668
3093,0.001024097087793,0.001024097087793
3094,0.0010782952886074,0.0010782952886074
3095,0.0010251727653667,0.0010251727653667
3096,0.0010525558609515,0.0010525558609515
3097,0.0009821018902584,0.0009821018902584
3098,0.0010285014286637,0.0010285014286637
3099,0.0009733226033858,0.0009733226033858
3100,0.0009983397321775,0.0009983397321775
3101,0.0008867671713232,0.0008867671713232
3102,0.0009556960430927,0.0009556960430927
3103,0.0009862092556431,0.0009862092556431
3104,0.0009975596331059,0.0009975596331059
3105,0.0009485955815762,0.0009485955815762
3106,0.0009972702246159,0.0009972702246159
3107,0.0010394627461209,0.0010394627461209
3108,0.0009837632533162,0.0009837632533162
3109,0.0009700264781713,0.0009700264781713
3110,0.0009819574188441,0.0009819574188441
3111,0.000996915041469,0.000996915041469
3112,0.0009135763393715,0.0009135763393715
3113,0.000974234601017,0.000974234601017
3114,0.0009055483969859,0.0009055483969859
3115,0.0009764286223798,0.0009764286223798
3116,0.0009902080055326,0.0009902080055326
3117,0.0009693438187241,0.0009693438187241
3118,0.0010120442602783,0.0010120442602783
3119,0.0009857043623924,0.0009857043623924
3120,0.000924976717215,0.000924976717215
3121,0.0009794258512556,0.0009794258512556
3122,0.0009252421441487,0.0009252421441487
3123,0.0009573146817274,0.0009573146817274
3124,0.0009861115831881,0.0009861115831881
3125,0.0009719738736748,0.0009719738736748
3126,0.0010109461145475,0.0010109461145475
3127,0.0009306333959102,0.0009306333959102
3128,0.0009657273767516,0.0009657273767516
3129,0.0009572007111273,0.0009572007111273
3130,0.0009462956804782,0.0009462956804782
3131,0.0010086195543408,0.0010086195543408
3132,0.0009186638635583,0.0009186638635583
3133,0.0009215102181769,0.0009215102181769
3134,0.0009719265508465,0.0009719265508465
3135,0.0010392962722107,0.0010392962722107
3136,0.0010564937256276,0.0010564937256276
3137,0.0009786162991076,0.0009786162991076
3138,0.000930184032768,0.000930184032768
3139,0.0009737267973832,0.0009737267973832
3140,0.0009475657716393,0.0009475657716393
3141,0.0009410820784978,0.0009410820784978
3142,0.0008570569334551,0.0008570569334551
3143,0.0009728351724334,0.0009728351724334
3144,0.0009749127784743,0.0009749127784743
3145,0.0009963633492588,0.0009963633492588
3146,0.0009963654447346,0.0009963654447346
3147,0.0009105786448344,0.0009105786448344
3148,0.0009658163762651,0.0009658163762651
3149,0.0009475094266235,0.0009475094266235
3150,0.0009998773457482,0.0009998773457482
3151,0.00098886503838,0.00098886503838
3152,0.0010099520441144,0.0010099520441144
3153,0.0009996248409152,0.0009996248409152
3154,0.0009403945878148,0.0009403945878148
3155,0.0010624229907989,0.0010624229907989
3156,0.0010019461624324,0.0010019461624324
3157,0.0009158779284916,0.0009158779284916
3158,0.0009764714632183,0.0009764714632183
3159,0.0009139046887867,0.0009139046887867
3160,0.0009713183389976,0.0009713183389976
3161,0.0009681145311333,0.0009681145311333
3162,0.0010663374559953,0.0010663374559953
3163,0.0010217408416792,0.0010217408416792
3164,0.0009767940500751,0.0009767940500751
3165,0.0009582584607414,0.0009582584607414
3166,0.0010305647738277,0.0010305647738277
3167,0.0009677539928816,0.0009677539928816
3168,0.0010839444585144,0.0010839444585144
3169,0.0009876305703073,0.0009876305703073
3170,0.000896037032362,0.000896037032362
3171,0.0009995630243793,0.0009995630243793
3172,0.0009634135640226,0.0009634135640226
3173,0.0008773900335654,0.0008773900335654
3174,0.0009596763993613,0.0009596763993613
3175,0.0009651671862229,0.0009651671862229
3176,0.0008844446274451,0.0008844446274451
3177,0.0009952309774234,0.0009952309774234
3178,0.0009849977213889,0.0009849977213889
3179,0.0009342694538645,0.0009342694538645
3180,0.0009434414678253,0.0009434414678253
3181,0.0010544317774474,0.0010544317774474
3182,0.0010098130442202,0.0010098130442202
3183,0.0009418194531463,0.0009418194531463
3184,0.0009707798599265,0.0009707798599265
3185,0.0009757099323906,0.0009757099323906
3186,0.0009980702307075,0.0009980702307075
3187,0.0009919696021825,0.0009919696021825
3188,0.0009129875106737,0.0009129875106737
3189,0.0009267134591937,0.0009267134591937
3190,0.0009974797721952,0.0009974797721952
3191,0.0009161464986391,0.0009161464986391
3192,0.0009070920059457,0.0009070920059457
3193,0.0009798810351639,0.0009798810351639
3194,0.000912107352633,0.000912107352633
3195,0.0010047836694866,0.0010047836694866
3196,0.0009760822867974,0.0009760822867974
3197,0.0009855679236352,0.0009855679236352
3198,0.0009858584962785,0.0009858584962785
3199,0.00096332852263,0.00096332852263
3200,0.0010883327340707,0.0010883327340707
3201,0.0009375037043355,0.0009375037043355
3202,0.000896353914868,0.000896353914868
3203,0.0009609622065909,0.0009609622065909
3204,0.0010006902739405,0.0010006902739405
3205,0.0009965510107576,0.0009965510107576
3206,0.0010001637274399,0.0010001637274399
3207,0.0009908219799399,0.0009908219799399
3208,0.000857286970131,0.000857286970131
3209,0.0009814831428229,0.0009814831428229
3210,0.0009669381543062,0.0009669381543062
3211,0.0010413917480036,0.0010413917480036
3212,0.0009317359072156,0.0009317359072156
3213,0.0009670318104326,0.0009670318104326
3214,0.0010389994131401,0.0010389994131401
3215,0.0009294399060308,0.0009294399060308
3216,0.0010288931662216,0.0010288931662216
3217,0.0009358007810078,0.0009358007810078
3218,0.0009649893618188,0.0009649893618188
3219,0.0009296870557591,0.0009296870557591
3220,0.0009594403672963,0.0009594403672963
3221,0.0009959236485883,0.0009959236485883
3222,0.0010057936888188,0.0010057936888188
3223,0.0008935122168622,0.0008935122168622
3224,0.0009668265702202,0.0009668265702202
3225,0.0010763814207166,0.0010763814207166
3226,0.0009011885267682,0.0009011885267682
3227,0.0009116025757975,0.0009116025757975
3228,0.001033495995216,0.001033495995216
3229,0.000959430297371,0.000959430297371
3230,0.0009986809454858,0.0009986809454858
3231,0.0010272926883772,0.0010272926883772
3232,0.0009496331913396,0.0009496331913396
3233,0.0009907633066177,0.0009907633066177
3234,0.0009093970875255,0.0009093970875255
3235,0.0010972368763759,0.0010972368763759
3236,0.0009074151166714,0.0009074151166714
3237,0.0009328080923296,0.0009328080923296
3238,0.0009465834009461,0.0009465834009461
3239,0.0010296900290995,0.0010296900290995
3240,0.0010759896831586,0.0010759896831586
3241,0.0010894116712734,0.0010894116712734
3242,0.0009073097608052,0.0009073097608052
3243,0.0010316759580746,0.0010316759580746
3244,0.00096589862369,0.00096589862369
3245,0.0009462483576498,0.0009462483576498
3246,0.0009935768321156,0.0009935768321156
3247,0.0010512983426451,0.0010512983426451
3248,0.0010041715577244,0.0010041715577244
3249,0.0009279423975385,0.0009279423975385
3250,0.0011005236301571,0.0011005236301571
3251,0.00095740245888,0.00095740245888
3252,0.0009407436009496,0.0009407436009496
3253,0.0010172221809625,0.0010172221809625
3254,0.0008772427681833,0.0008772427681833
3255,0.0009986688382923,0.0009986688382923
3256,0.0009581711492501,0.0009581711492501
3257,0.0009112598490901,0.0009112598490901
3258,0.0009519924642518,0.0009519924642518
3259,0.0009581638732925,0.0009581638732925
3260,0.0010044797090813,0.0010044797090813
3261,0.000960566161666,0.000960566161666
3262,0.001032478059642,0.001032478059642
3263,0.0008946537273004,0.0008946537273004
3264,0.0008742950158193,0.0008742950158193
3265,0.0009603010839782,0.0009603010839782
3266,0.0009590106201358,0.0009590106201358
3267,0.0008816824411042,0.0008816824411042
3268,0.0009938224684447,0.0009938224684447
3269,0.0009583043283782,0.0009583043283782
3270,0.0009638836490921,0.0009638836490921
3271,0.0009643391240388,0.0009643391240388
3272,0.0009561253245919,0.0009561253245919
3273,0.0009708479628898,0.0009708479628898
3274,0.0008872079779393,0.0008872079779393
3275,0.0010310497600585,0.0010310497600585
3276,0.0009845809545367,0.0009845809545367
3277,0.0009526122594252,0.0009526122594252
3278,0.0009480365552008,0.0009480365552008
3279,0.0010287989862263,0.0010287989862263
3280,0.0009012412047013,0.0009012412047013
3281,0.0009630997083149,0.0009630997083149
3282,0.0009776190854609,0.0009776190854609
3283,0.0009730329038575,0.0009730329038575
3284,0.0009430714417248,0.0009430714417248
3285,0.0009908222127705,0.0009908222127705
3286,0.0009492098470218,0.0009492098470218
3287,0.0010102288797497,0.0010102288797497
3288,0.0008927041781134,0.0008927041781134
3289,0.0009578275494277,0.0009578275494277
3290,0.0009514425182715,0.0009514425182715
3291,0.0010077587794512,0.0010077587794512
3292,0.0010643593268468,0.0010643593268468
3293,0.0010868638055399,0.0010868638055399
3294,0.001019092160277,0.001019092160277
3295,0.0010341263841837,0.0010341263841837
3296,0.0009906508494168,0.0009906508494168
3297,0.0009330090251751,0.0009330090251751
3298,0.0009660886717028,0.0009660886717028
3299,0.0009486972703598,0.0009486972703598
3300,0.0009461616864427,0.0009461616864427
3301,0.0009676833869889,0.0009676833869889
3302,0.0009587330860085,0.0009587330860085
3303,0.0009001949802041,0.0009001949802041
3304,0.0009243272361345,0.0009243272361345
3305,0.0009930185042321,0.0009930185042321
3306,0.0009902602760121,0.0009902602760121
3307,0.0009598167380318,0.0009598167380318
3308,0.0009925395715981,0.0009925395715981
3309,0.0008799407514743,0.0008799407514743
3310,0.0009107192163355,0.0009107192163355
3311,0.0009420303395017,0.0009420303395017
3312,0.0009916975395753,0.0009916975395753
3313,0.0009862120496109,0.0009862120496109
3314,0.001028292113915,0.001028292113915
3315,0.0010347390780225,0.0010347390780225
3316,0.0009472122765146,0.0009472122765146
3317,0.0009957363363355,0.0009957363363355
3318,0.0009414082742296,0.0009414082742296
3319,0.0010265761520713,0.0010265761520713
3320,0.0009438788401894,0.0009438788401894
3321,0.0009214931051246,0.0009214931051246
3322,0.0009967336663976,0.0009967336663976
3323,0.0009959907038137,0.0009959907038137
3324,0.0009673406602814,0.0009673406602814
3325,0.0010033473372459,0.0010033473372459
3326,0.0009550797985866,0.0009550797985866
3327,0.0009142547496594,0.0009142547496594
3328,0.0009435449610464,0.0009435449610464
3329,0.0009996374137699,0.0009996374137699
3330,0.000976450217422,0.000976450217422
3331,0.00097875460051,0.00097875460051
3332,0.0008777431212365,0.0008777431212365
3333,0.0009970539249479,0.0009970539249479
3334,0.000937576405704,0.000937576405704
3335,0.0010343324393033,0.0010343324393033
3336,0.0009346235310658,0.0009346235310658
3337,0.0009459319408051,0.0009459319408051
3338,0.0009109107777476,0.0009109107777476
3339,0.0010033714352175,0.0010033714352175
3340,0.0009647578699514,0.0009647578699514
3341,0.0009654368041083,0.0009654368041083
3342,0.0009382332209497,0.0009382332209497
3343,0.0009685180848464,0.0009685180848464
3344,0.0009475731640122,0.0009475731640122
3345,0.0010795606067404,0.0010795606067404
3346,0.0009343743440695,0.0009343743440695
3347,0.0009072402026504,0.0009072402026504
3348,0.0009800342377275,0.0009800342377275
3349,0.0008893314516171,0.0008893314516171
3350,0.0008801682852208,0.0008801682852208
3351,0.000878051505424,0.000878051505424
3352,0.0009385880548506,0.0009385880548506
3353,0.000933151168283,0.000933151168283
3354,0.0010186986764892,0.0010186986764892
3355,0.0009306874708272,0.0009306874708272
3356,0.0009956867434084,0.0009956867434084
3357,0.0009925217600539,0.0009925217600539
3358,0.0009540625615045,0.0009540625615045
3359,0.0010445419466122,0.0010445419466122
3360,0.0009240690851584,0.0009240690851584
3361,0.0010020851623266,0.0010020851623266
3362,0.0009469844517298,0.0009469844517298
3363,0.0009150868281722,0.0009150868281722
3364,0.0009752186015248,0.0009752186015248
3365,0.0009492938988842,0.0009492938988842
3366,0.0009447797201573,0.0009447797201573
3367,0.0009877553675323,0.0009877553675323
3368,0.001028717844747,0.001028717844747
3369,0.0009468435891903,0.0009468435891903
3370,0.0009777024388313,0.0009777024388313
3371,0.000918467179872,0.000918467179872
3372,0.0010045347735285,0.0010045347735285
3373,0.0009513231343589,0.0009513231343589
3374,0.0009630837594158,0.0009630837594158
3375,0.0009468124480918,0.0009468124480918
3376,0.0009929571533575,0.0009929571533575
3377,0.0009291258174926,0.0009291258174926
3378,0.0009907052153721,0.0009907052153721
3379,0.0010061130160465,0.0010061130160465
3380,0.0010009895777329,0.0010009895777329
3381,0.0009793310891836,0.0009793310891836
3382,0.0010264315642416,0.0010264315642416
3383,0.0010388293303549,0.0010388293303549
3384,0.0009649081621319,0.0009649081621319
3385,0.0009015457471832,0.0009015457471832
3386,0.0009606220410205,0.0009606220410205
3387,0.0009647710248827,0.0009647710248827
3388,0.000934227311518,0.000934227311518
3389,0.0009885325562208,0.0009885325562208
3390,0.000917041033972,0.000917041033972
3391,0.0009695881744846,0.0009695881744846
3392,0.0010159533703699,0.0010159533703699
3393,0.0009908862411975,0.0009908862411975
3394,0.0009419742855243,0.0009419742855243
3395,0.001090723555535,0.001090723555535
3396,0.0010016037849709,0.0010016037849709
3397,0.0009630618733353,0.0009630618733353
3398,0.0009222751832567,0.0009222751832567
3399,0.0009577718446962,0.0009577718446962
3400,0.0009098018635995,0.0009098018635995
3401,0.000931981485337,0.000931981485337
3402,0.000927019806113,0.000927019806113
3403,0.0011061925906687,0.0011061925906687
3404,0.0010175170609727,0.0010175170609727
3405,0.0010107347043231,0.0010107347043231
3406,0.0009544396307319,0.0009544396307319
3407,0.0010147069115191,0.0010147069115191
3408,0.000991431181319,0.000991431181319
3409,0.0008931884076446,0.0008931884076446
3410,0.001017406117171,0.001017406117171
3411,0.0009482963941991,0.0009482963941991
3412,0.0010391367832198,0.0010391367832198
3413,0.0010133330943062,0.0010133330943062
3414,0.0009799406398087,0.0009799406398087
3415,0.0009380265255458,0.0009380265255458
3416,0.0010797781869769,0.0010797781869769
3417,0.00093437184114,0.00093437184114
3418,0.0009479947621002,0.0009479947621002
3419,0.0010208473540842,0.0010208473540842
3420,0.0009725547861307,0.0009725547861307
3421,0.0008808748680166,0.0008808748680166
3422,0.0009596494492143,0.0009596494492143
3423,0.0009280528174713,0.0009280528174713
3424,0.0008987370529212,0.0008987370529212
3425,0.0010336420964449,0.0010336420964449
3426,0.0009717123466543,0.0009717123466543
3427,0.0010143379913643,0.0010143379913643
3428,0.0009643751545809,0.0009643751545809
3429,0.0009149354882538,0.0009149354882538
3430,0.0008753662696108,0.0008753662696108
3431,0.0009222502121701,0.0009222502121701
3432,0.0008843937539495,0.0008843937539495
3433,0.0009755013743415,0.0009755013743415
3434,0.0009528847294859,0.0009528847294859
3435,0.0009974623098969,0.0009974623098969
3436,0.0009259051294066,0.0009259051294066
3437,0.0008399169892072,0.0008399169892072
3438,0.0010868140961974,0.0010868140961974
3439,0.0009265181724913,0.0009265181724913
3440,0.0009384938166476,0.0009384938166476
3441,0.0009604358347132,0.0009604358347132
3442,0.0010035467566922,0.0010035467566922
3443,0.0009256941848434,0.0009256941848434
3444,0.0010322325397282,0.0010322325397282
3445,0.0010038383770734,0.0010038383770734
3446,0.0009383955039083,0.0009383955039083
3447,0.0008996345568448,0.0008996345568448
3448,0.0009040876757353,0.0009040876757353
3449,0.0010478682816028,0.0010478682816028
3450,0.0009305217536166,0.0009305217536166
3451,0.0008928183815442,0.0008928183815442
3452,0.0009218767518177,0.0009218767518177
3453,0.0009972972329705,0.0009972972329705
3454,0.000890505965799,0.000890505965799
3455,0.0010332012316212,0.0010332012316212
3456,0.0010269584599882,0.0010269584599882
3457,0.0009815441444516,0.0009815441444516
3458,0.0009815155062824,0.0009815155062824
3459,0.0010548331774771,0.0010548331774771
3460,0.0010225076694041,0.0010225076694041
3461,0.0010204252321273,0.0010204252321273
3462,0.0009386376477777,0.0009386376477777
3463,0.0009382334537804,0.0009382334537804
3464,0.000940162455663,0.000940162455663
3465,0.0008976415847428,0.0008976415847428
3466,0.0010774381225928,0.0010774381225928
3467,0.0009821566054597,0.0009821566054597
3468,0.0010715792886912,0.0010715792886912
3469,0.0010428219102323,0.0010428219102323
3470,0.0010098065249621,0.0010098065249621
3471,0.0009524169727228,0.0009524169727228
3472,0.000983782345429,0.000983782345429
3473,0.0010523580713197,0.0010523580713197
3474,0.001016145106405,0.001016145106405
3475,0.0010615306673571,0.0010615306673571
3476,0.0009698934154585,0.0009698934154585
3477,0.0010287464829161,0.0010287464829161
3478,0.0010004796786233,0.0010004796786233
3479,0.000935471849516,0.000935471849516
3480,0.0010554406326264,0.0010554406326264
3481,0.0010152191389352,0.0010152191389352
3482,0.0009530854295007,0.0009530854295007
3483,0.0009969793027266,0.0009969793027266
3484,0.0009501593885943,0.0009501593885943
3485,0.0009569624089635,0.0009569624089635
3486,0.0009880018187686,0.0009880018187686
3487,0.0009541409090161,0.0009541409090161
3488,0.0010455773444846,0.0010455773444846
3489,0.0009923197794705,0.0009923197794705
3490,0.0009719292866066,0.0009719292866066
3491,0.0009116039145737,0.0009116039145737
3492,0.0009596986928954,0.0009596986928954
3493,0.0009252537856809,0.0009252537856809
3494,0.0009457619744352,0.0009457619744352
3495,0.0009244327666237,0.0009244327666237
3496,0.0009290390298701,0.0009290390298701
3497,0.0009748237789608,0.0009748237789608
3498,0.0009275422198697,0.0009275422198697
3499,0.0008995067910291,0.0008995067910291
3500,0.0009449256467632,0.0009449256467632
3501,0.000949156936258,0.000949156936258
3502,0.0010469728149473,0.0010469728149473
3503,0.0010513921733945,0.0010513921733945
3504,0.0010035412851721,0.0010035412851721
3505,0.0010171403409913,0.0010171403409913
3506,0.0009149844991043,0.0009149844991043
3507,0.0009605203522369,0.0009605203522369
3508,0.000954094924964,0.000954094924964
3509,0.0008969396585598,0.0008969396585598
3510,0.0008989535272121,0.0008989535272121
3511,0.0010217478265985,0.0010217478265985
3512,0.0010203997371718,0.0010203997371718
3513,0.0009663082309998,0.0009663082309998
3514,0.0010755660478025,0.0010755660478025
3515,0.0009587928070686,0.0009587928070686
3516,0.0009944447083398,0.0009944447083398
3517,0.0009444439783692,0.0009444439783692
3518,0.0009572076960466,0.0009572076960466
3519,0.0009631380089558,0.0009631380089558
3520,0.0010305123869329,0.0010305123869329
3521,0.0009749102173373,0.0009749102173373
3522,0.0009608402615413,0.0009608402615413
3523,0.0009422919247299,0.0009422919247299
3524,0.0010158382356166,0.0010158382356166
3525,0.0010917547624558,0.0010917547624558
3526,0.0010162392864003,0.0010162392864003
3527,0.0009933323599398,0.0009933323599398
3528,0.0009752303012646,0.0009752303012646
3529,0.0009155276929959,0.0009155276929959
3530,0.0010268964106217,0.0010268964106217
3531,0.0009198896004818,0.0009198896004818
3532,0.0009245201363228,0.0009245201363228
3533,0.0009520790772512,0.0009520790772512
3534,0.0009722098475322,0.0009722098475322
3535,0.0009159091860055,0.0009159091860055
3536,0.0009011508664116,0.0009011508664116
3537,0.0009818272665143,0.0009818272665143
3538,0.001050446066074,0.001050446066074
3539,0.0008968258043751,0.0008968258043751
3540,0.000927448098082,0.000927448098082
3541,0.0010035502491518,0.0010035502491518
3542,0.0010097946505993,0.0010097946505993
3543,0.0009927463252097,0.0009927463252097
3544,0.000893862277735,0.000893862277735
3545,0.0009850376518443,0.0009850376518443
3546,0.0009667308768257,0.0009667308768257
3547,0.0010492635192349,0.0010492635192349
3548,0.0010046064853668,0.0010046064853668
3549,0.0009790236363187,0.0009790236363187
3550,0.0009043810423463,0.0009043810423463
3551,0.0009602491627447,0.0009602491627447
3552,0.0009768811287358,0.0009768811287358
3553,0.0009542360785417,0.0009542360785417
3554,0.0009845702443271,0.0009845702443271
3555,0.0010087662376463,0.0010087662376463
3556,0.0009796556551009,0.0009796556551009
3557,0.0008757386822253,0.0008757386822253
3558,0.0010031592100858,0.0010031592100858
3559,0.0008951495983637,0.0008951495983637
3560,0.0009907763451337,0.0009907763451337
3561,0.0009737493819557,0.0009737493819557
3562,0.0010071860160678,0.0010071860160678
3563,0.0009973819833248,0.0009973819833248
3564,0.0010071380529552,0.0010071380529552
3565,0.0009496639831922,0.0009496639831922
3566,0.0009326950530521,0.0009326950530521
3567,0.0009044015314429,0.0009044015314429
3568,0.0009705146076157,0.0009705146076157
3569,0.0009759799577295,0.0009759799577295
3570,0.0009403827716596,0.0009403827716596
3571,0.0009851333452388,0.0009851333452388
3572,0.0010058729676529,0.0010058729676529
3573,0.0009169050608761,0.0009169050608761
3574,0.0009651653235778,0.0009651653235778
3575,0.0010310967918485,0.0010310967918485
3576,0.0009748398442752,0.0009748398442752
3577,0.0009944629855453,0.0009944629855453
3578,0.0009504273766651,0.0009504273766651
3579,0.0009679455542936,0.0009679455542936
3580,0.0009619305492378,0.0009619305492378
3581,0.0009932252578437,0.0009932252578437
3582,0.0009466708288528,0.0009466708288528
3583,0.0009433119557797,0.0009433119557797
3584,0.0010434831492602,0.0010434831492602
3585,0.000902731262613,0.000902731262613
3586,0.0009840209968388,0.0009840209968388
3587,0.0009443523013032,0.0009443523013032
3588,0.0009236739133484,0.0009236739133484
3589,0.0009492909302935,0.0009492909302935
3590,0.0009467729832977,0.0009467729832977
3591,0.0009211653959937,0.0009211653959937
3592,0.0009310829918831,0.0009310829918831
3593,0.0009686957928352,0.0009686957928352
3594,0.0009124628268182,0.0009124628268182
3595,0.0009992714039981,0.0009992714039981
3596,0.0009298925870098,0.0009298925870098
3597,0.0009367373422719,0.0009367373422719
3598,0.0009852646617218,0.0009852646617218
3599,0.001024252618663,0.001024252618663
3600,0.0009612225112505,0.0009612225112505
3601,0.0009873926173895,0.0009873926173895
3602,0.001052628038451,0.001052628038451
3603,0.0009274291805922,0.0009274291805922
3604,0.0010064713424071,0.0010064713424071
3605,0.0009643635712563,0.0009643635712563
3606,0.0010646397713571,0.0010646397713571
3607,0.0009724636329337,0.0009724636329337
3608,0.0010530379367992,0.0010530379367992
3609,0.0009593777358531,0.0009593777358531
3610,0.0009331621695309,0.0009331621695309
3611,0.0009095140267163,0.0009095140267163
3612,0.0009816434467211,0.0009816434467211
3613,0.0009080577874556,0.0009080577874556
3614,0.0010282637085765,0.0010282637085765
3615,0.0009975676657631,0.0009975676657631
3616,0.0009986164513975,0.0009986164513975
3617,0.0009415181702934,0.0009415181702934
3618,0.0009123751660808,0.0009123751660808
3619,0.0010030509438365,0.0010030509438365
3620,0.000971881323494,0.000971881323494
3621,0.0009542712941765,0.0009542712941765
3622,0.0009075081907212,0.0009075081907212
3623,0.0010532513260841,0.0010532513260841
3624,0.0010317160049453,0.0010317160049453
3625,0.0009336703806184,0.0009336703806184
3626,0.0009413324296474,0.0009413324296474
3627,0.0009661862859502,0.0009661862859502
3628,0.0009793249191716,0.0009793249191716
3629,0.0009796598460525,0.0009796598460525
3630,0.0009998177411034,0.0009998177411034
3631,0.0009562375489622,0.0009562375489622
3632,0.0009718313231132,0.0009718313231132
3633,0.0010325402254238,0.0010325402254238
3634,0.0009734167251735,0.0009734167251735
3635,0.0008776797913014,0.0008776797913014
3636,0.0009524279157631,0.0009524279157631
3637,0.0009651468717493,0.0009651468717493
3638,0.0009876560652628,0.0009876560652628
3639,0.0009165126248262,0.0009165126248262
3640,0.0009820716222748,0.0009820716222748
3641,0.000999795505777,0.000999795505777
3642,0.0009705504053272,0.0009705504053272
3643,0.0010632522171363,0.0010632522171363
3644,0.0008920955006033,0.0008920955006033
3645,0.0009922585450112,0.0009922585450112
3646,0.0009633692679926,0.0009633692679926
3647,0.0009586595697328,0.0009586595697328
3648,0.0009761744295246,0.0009761744295246
3649,0.0009347543818876,0.0009347543818876
3650,0.0009274577023461,0.0009274577023461
3651,0.000926730397623,0.000926730397623
3652,0.0008772741421125,0.0008772741421125
3653,0.0009641441283747,0.0009641441283747
3654,0.000949338893406,0.000949338893406
3655,0.0008866218267939,0.0008866218267939
3656,0.0009309059241786,0.0009309059241786
3657,0.0009819505503401,0.0009819505503401
3658,0.0009800745174288,0.0009800745174288
3659,0.0009029427310451,0.0009029427310451
3660,0.0009414876694791,0.0009414876694791
3661,0.000938628509175,0.000938628509175
3662,0.0010672024218365,0.0010672024218365
3663,0.0009582124184817,0.0009582124184817
3664,0.0010099650826305,0.0010099650826305
3665,0.001047990634106,0.001047990634106
3666,0.0010302145965397,0.0010302145965397
3667,0.0009552965057082,0.0009552965057082
3668,0.0010130654554814,0.0010130654554814
3669,0.0009584429208189,0.0009584429208189
3670,0.0009961924515664,0.0009961924515664
3671,0.0009278585785068,0.0009278585785068
3672,0.0008899139938876,0.0008899139938876
3673,0.0009448854834772,0.0009448854834772
3674,0.0009074162808246,0.0009074162808246
3675,0.0009859363781288,0.0009859363781288
3676,0.0009665566030889,0.0009665566030889
3677,0.0010179044911637,0.0010179044911637
3678,0.0009148634853772,0.0009148634853772
3679,0.000841528235469,0.000841528235469
3680,0.0009192126453854,0.0009192126453854
3681,0.000985536025837,0.000985536025837
3682,0.001043978263624,0.001043978263624
3683,0.0009799931431189,0.0009799931431189
3684,0.0009152113925665,0.0009152113925665
3685,0.0009842159925028,0.0009842159925028
3686,0.0009501737658865,0.0009501737658865
3687,0.0009645411046221,0.0009645411046221
3688,0.0010058984626084,0.0010058984626084
3689,0.0010326688643544,0.0010326688643544
3690,0.0009675672627054,0.0009675672627054
3691,0.0009141165064647,0.0009141165064647
3692,0.0009690017905086,0.0009690017905086
3693,0.0010231810156255,0.0010231810156255
3694,0.0009803028078749,0.0009803028078749
3695,0.0010828903177753,0.0010828903177753
3696,0.0010423439089208,0.0010423439089208
3697,0.0010246152523905,0.0010246152523905
3698,0.0010768452193588,0.0010768452193588
3699,0.0010100121144205,0.0010100121144205
3700,0.0009754606289789,0.0009754606289789
3701,0.0009219739004038,0.0009219739004038
3702,0.0009909678483381,0.0009909678483381
3703,0.0010332824895158,0.0010332824895158
3704,0.0009034155518747,0.0009034155518747
3705,0.0009879968129098,0.0009879968129098
3706,0.000986325321719,0.000986325321719
3707,0.0009611860732547,0.0009611860732547
3708,0.0011232222896069,0.0011232222896069
3709,0.0010161441750824,0.0010161441750824
3710,0.0008870835299603,0.0008870835299603
3711,0.0011207992210984,0.0011207992210984
3712,0.0009846161119639,0.0009846161119639
3713,0.0009642957011237,0.0009642957011237
3714,0.0009785121073946,0.0009785121073946
3715,0.0009567741071805,0.0009567741071805
3716,0.0009738990338519,0.0009738990338519
3717,0.000989556312561,0.000989556312561
3718,0.0011101280106231,0.0011101280106231
3719,0.0009778004605323,0.0009778004605323
3720,0.001074741478078,0.001074741478078
3721,0.0010053911246359,0.0010053911246359
3722,0.0010741944424808,0.0010741944424808
3723,0.0009740950190462,0.0009740950190462
3724,0.0009699424845166,0.0009699424845166
3725,0.0009730801684781,0.0009730801684781
3726,0.000966279185377,0.000966279185377
3727,0.0010612547630444,0.0010612547630444
3728,0.0010255833622068,0.0010255833622068
3729,0.0009898077696561,0.0009898077696561
3730,0.0009735157364048,0.0009735157364048
3731,0.0010646864539012,0.0010646864539012
3732,0.0010480524506419,0.0010480524506419
3733,0.0010185773717239,0.0010185773717239
3734,0.0009771913755685,0.0009771913755685
3735,0.0009912326931953,0.0009912326931953
3736,0.0009919188451021,0.0009919188451021
3737,0.0009770693723112,0.0009770693723112
3738,0.0010256017558276,0.0010256017558276
3739,0.0009985596407204,0.0009985596407204
3740,0.0010331510566174,0.0010331510566174
3741,0.0009671436855569,0.0009671436855569
3742,0.0009580649202689,0.0009580649202689
3743,0.0009519245941191,0.0009519245941191
3744,0.0008804319077171,0.0008804319077171
3745,0.0010039493208751,0.0010039493208751
3746,0.0009824922308325,0.0009824922308325
3747,0.0010597234359011,0.0010597234359011
3748,0.0010488023981451,0.0010488023981451
3749,0.0009698484791442,0.0009698484791442
3750,0.0009772103512659,0.0009772103512659
3751,0.0009386985329911,0.0009386985329911
3752,0.0010665165027603,0.0010665165027603
3753,0.0009458255954086,0.0009458255954086
3754,0.0009834008524194,0.0009834008524194
3755,0.0009944377234205,0.0009944377234205
3756,0.001049026264809,0.001049026264809
3757,0.001055066473782,0.001055066473782
3758,0.0010294506791979,0.0010294506791979
3759,0.0009611294372007,0.0009611294372007
3760,0.0009139723260886,0.0009139723260886
3761,0.000995447859168,0.000995447859168
3762,0.001020404160954,0.001020404160954
3763,0.0009154290892183,0.0009154290892183
3764,0.0009684067335911,0.0009684067335911
3765,0.0009348198655061,0.0009348198655061
3766,0.0009495533304288,0.0009495533304288
3767,0.0009034049580805,0.0009034049580805
3768,0.0008873598999343,0.0008873598999343
3769,0.0008726225350983,0.0008726225350983
3770,0.000944472674746,0.000944472674746
3771,0.0009071816457435,0.0009071816457435
3772,0.0009292702306993,0.0009292702306993
3773,0.0009229357820004,0.0009229357820004
3774,0.001012812834233,0.001012812834233
3775,0.0009730352321639,0.0009730352321639
3776,0.0009202578803524,0.0009202578803524
3777,0.0009001012076623,0.0009001012076623
3778,0.0009923807810992,0.0009923807810992
3779,0.0010800545569509,0.0010800545569509
3780,0.0009855247335508,0.0009855247335508
3781,0.0009663484524935,0.0009663484524935
3782,0.0009482108871452,0.0009482108871452
3783,0.0009188427939079,0.0009188427939079
3784,0.0009499102598056,0.0009499102598056
3785,0.0010198617819696,0.0010198617819696
3786,0.0009418944828212,0.0009418944828212
3787,0.0010032773716375,0.0010032773716375
3788,0.000999609241262,0.000999609241262
3789,0.0009957700967788,0.0009957700967788
3790,0.0010456668678671,0.0010456668678671
3791,0.0010183362755924,0.0010183362755924
3792,0.0010201772674918,0.0010201772674918
3793,0.0009740745881572,0.0009740745881572
3794,0.0008913966012187,0.0008913966012187
3795,0.0009275457705371,0.0009275457705371
3796,0.0009944166522473,0.0009944166522473
3797,0.0009977585868909,0.0009977585868909
3798,0.0009314998169429,0.0009314998169429
3799,0.0010374815901741,0.0010374815901741
3800,0.0009439871064387,0.0009439871064387
3801,0.0010545933619141,0.0010545933619141
3802,0.0010148728033527,0.0010148728033527
3803,0.0008926792070269,0.0008926792070269
3804,0.0009303577244281,0.0009303577244281
3805,0.0009545087232254,0.0009545087232254
3806,0.0009835597593337,0.0009835597593337
3807,0.0009494043770246,0.0009494043770246
3808,0.0009690982406027,0.0009690982406027
3809,0.0009113263222388,0.0009113263222388
3810,0.0009339342359453,0.0009339342359453
3811,0.0009937665890902,0.0009937665890902
3812,0.0008995924727059,0.0008995924727059
3813,0.0009954622946679,0.0009954622946679
3814,0.0009812347125262,0.0009812347125262
3815,0.0010062794899567,0.0010062794899567
3816,0.0010393996490165,0.0010393996490165
3817,0.001029155915603,0.001029155915603
3818,0.0009381297277286,0.0009381297277286
3819,0.0009701348608359,0.0009701348608359
3820,0.0009808181785047,0.0009808181785047
3821,0.000952317728661,0.000952317728661
3822,0.0009355336078442,0.0009355336078442
3823,0.0009314878261648,0.0009314878261648
3824,0.0009185508824884,0.0009185508824884
3825,0.0009205415844917,0.0009205415844917
3826,0.0010336802806705,0.0010336802806705
3827,0.0009469375363551,0.0009469375363551
3828,0.0009881053119897,0.0009881053119897
3829,0.0008442564867436,0.0008442564867436
3830,0.0009583935607224,0.0009583935607224
3831,0.0009370613843202,0.0009370613843202
3832,0.0009658189956098,0.0009658189956098
3833,0.0009603676153346,0.0009603676153346
3834,0.0009369395556859,0.0009369395556859
3835,0.0009056359413079,0.0009056359413079
3836,0.0009900260483846,0.0009900260483846
3837,0.0009475295082665,0.0009475295082665
3838,0.0009824323933571,0.0009824323933571
3839,0.0010160105302929,0.0010160105302929
3840,0.001028467901051,0.001028467901051
3841,0.0009354948997497,0.0009354948997497
3842,0.0009527398506179,0.0009527398506179
3843,0.0010205248836427,0.0010205248836427
3844,0.0010421914048492,0.0010421914048492
3845,0.0009497449500486,0.0009497449500486
3846,0.0009724954143166,0.0009724954143166
3847,0.0009838675614446,0.0009838675614446
3848,0.0009202629444189,0.0009202629444189
3849,0.0009719775989651,0.0009719775989651
3850,0.0009827411267906,0.0009827411267906
3851,0.0009668353013694,0.0009668353013694
3852,0.0009014478418976,0.0009014478418976
3853,0.0009504779009148,0.0009504779009148
3854,0.0009223819361068,0.0009223819361068
3855,0.0009994248393923,0.0009994248393923
3856,0.0008986218017525,0.0008986218017525
3857,0.0010866916272789,0.0010866916272789
3858,0.0009222094085998,0.0009222094085998
3859,0.0009973935084417,0.0009973935084417
3860,0.0010272627696394,0.0010272627696394
3861,0.0009909950895234,0.0009909950895234
3862,0.0009638564079068,0.0009638564079068
3863,0.0009866263717412,0.0009866263717412
3864,0.0009664251119829,0.0009664251119829
3865,0.0009260030346922,0.0009260030346922
3866,0.0010368016082793,0.0010368016082793
3867,0.0009056319249793,0.0009056319249793
3868,0.0009411702631041,0.0009411702631041
3869,0.0010003126226365,0.0010003126226365
3870,0.0009856328833848,0.0009856328833848
3871,0.0009480529115535,0.0009480529115535
3872,0.0009420268470421,0.0009420268470421
3873,0.0009434038656763,0.0009434038656763
3874,0.0009584575309418,0.0009584575309418
3875,0.0009450442157685,0.0009450442157685
3876,0.0010108009446412,0.0010108009446412
3877,0.0010473687434569,0.0010473687434569
3878,0.0009419138659723,0.0009419138659723
3879,0.0010816239519044,0.0010816239519044
3880,0.0010935951722785,0.0010935951722785
3881,0.0009306980646215,0.0009306980646215
3882,0.0009703079122118,0.0009703079122118
3883,0.0009540482424199,0.0009540482424199
3884,0.0009638794581405,0.0009638794581405
3885,0.0010034488514065,0.0010034488514065
3886,0.0009218415361829,0.0009218415361829
3887,0.0009233047603629,0.0009233047603629
3888,0.0008994350209832,0.0008994350209832
3889,0.0009200540371239,0.0009200540371239
3890,0.0009760307730175,0.0009760307730175
3891,0.0009539923048578,0.0009539923048578
3892,0.0009643036755733,0.0009643036755733
3893,0.0009907777421176,0.0009907777421176
3894,0.001012337161228,0.001012337161228
3895,0.0010061413049697,0.0010061413049697
3896,0.0010181136894971,0.0010181136894971
3897,0.0009768737945705,0.0009768737945705
3898,0.0009219829225912,0.0009219829225912
3899,0.0009402401628904,0.0009402401628904
3900,0.0008945646695792,0.0008945646695792
3901,0.0010006995871663,0.0010006995871663
3902,0.0009848166955634,0.0009848166955634
3903,0.0009242320084013,0.0009242320084013
3904,0.0009350422187708,0.0009350422187708
3905,0.0009282633545808,0.0009282633545808
3906,0.0009830680210143,0.0009830680210143
3907,0.0010285187745466,0.0010285187745466
3908,0.0009377385722473,0.0009377385722473
3909,0.0010074300225824,0.0010074300225824
3910,0.0009827970061451,0.0009827970061451
3911,0.0010553235188126,0.0010553235188126
3912,0.0010307318298146,0.0010307318298146
3913,0.0010281070135533,0.0010281070135533
3914,0.0010215614456683,0.0010215614456683
3915,0.0009762502741068,0.0009762502741068
3916,0.0010055190650746,0.0010055190650746
3917,0.0009249789291061,0.0009249789291061
3918,0.0010659268591552,0.0010659268591552
3919,0.0009895740076899,0.0009895740076899
3920,0.0010442411294206,0.0010442411294206
3921,0.000972025678493,0.000972025678493
3922,0.0009539026068523,0.0009539026068523
3923,0.0009924112819135,0.0009924112819135
3924,0.0010021802736446,0.0010021802736446
3925,0.0009554887656122,0.0009554887656122
3926,0.0009580742334946,0.0009580742334946
3927,0.0009746121359057,0.0009746121359057
3928,0.0009410616476088,0.0009410616476088
3929,0.000919897283893,0.000919897283893
3930,0.0009994271676987,0.0009994271676987
3931,0.0009149657562375,0.0009149657562375
3932,0.0009332835325039,0.0009332835325039
3933,0.0009190315031446,0.0009190315031446
3934,0.0009832228533923,0.0009832228533923
3935,0.0009813590440899,0.0009813590440899
3936,0.0008813789463602,0.0008813789463602
3937,0.0009578632307238,0.0009578632307238
3938,0.0010219522519037,0.0010219522519037
3939,0.0009832815267145,0.0009832815267145
3940,0.0008651867974549,0.0008651867974549
3941,0.0010414243442937,0.0010414243442937
3942,0.000979361589998,0.000979361589998
3943,0.0009294701740145,0.0009294701740145
3944,0.0010050779674202,0.0010050779674202
3945,0.0009751198231242,0.0009751198231242
3946,0.0009461028384976,0.0009461028384976
3947,0.0009303779224865,0.0009303779224865
3948,0.0009690982406027,0.0009690982406027
3949,0.0009014108800329,0.0009014108800329
3950,0.000982356024906,0.000982356024906
3951,0.0008543150033801,0.0008543150033801
3952,0.0009627678082324,0.0009627678082324
3953,0.0010540977818891,0.0010540977818891
3954,0.0009692363673821,0.0009692363673821
3955,0.0010050259297713,0.0010050259297713
3956,0.0009722872637212,0.0009722872637212
3957,0.0008941905689425,0.0008941905689425
3958,0.0009723381954245,0.0009723381954245
3959,0.0009567154338583,0.0009567154338583
3960,0.0009221280924975,0.0009221280924975
3961,0.0009969365783035,0.0009969365783035
3962,0.0008867679862305,0.0008867679862305
3963,0.0009700066875666,0.0009700066875666
3964,0.0010117172496393,0.0010117172496393
3965,0.0010328068165108,0.0010328068165108
3966,0.0010218881070613,0.0010218881070613
3967,0.0010389680974185,0.0010389680974185
3968,0.0010057209292426,0.0010057209292426
3969,0.0009449021308682,0.0009449021308682
3970,0.0009898296557366,0.0009898296557366
3971,0.0009323663543909,0.0009323663543909
3972,0.000954920775257,0.000954920775257
3973,0.0010524893878027,0.0010524893878027
3974,0.0009076818241737,0.0009076818241737
3975,0.0008907819865271,0.0008907819865271
3976,0.0010002013295888,0.0010002013295888
3977,0.0009314302587881,0.0009314302587881
3978,0.0009960433235391,0.0009960433235391
3979,0.0009501621243543,0.0009501621243543
3980,0.0009815574157983,0.0009815574157983
3981,0.0009846112225204,0.0009846112225204
3982,0.0010452610440552,0.0010452610440552
3983,0.0009162636124528,0.0009162636124528
3984,0.0009246738045476,0.0009246738045476
3985,0.0009419041452929,0.0009419041452929
3986,0.0009512476390227,0.0009512476390227
3987,0.0009684610995464,0.0009684610995464
3988,0.0009984400821849,0.0009984400821849
3989,0.0009890580549836,0.0009890580549836
3990,0.0010841091861948,0.0010841091861948
3991,0.0011171286460012,0.0011171286460012
3992,0.000948792498093,0.000948792498093
3993,0.0009124149801209,0.0009124149801209
3994,0.0009963164338842,0.0009963164338842
3995,0.0010189849417656,0.0010189849417656
3996,0.0009308934095315,0.0009308934095315
3997,0.0009073414839804,0.0009073414839804
3998,0.0009707267745397,0.0009707267745397
3999,0.0010022695641964,0.0010022695641964
4000,0.0010190057801082,0.0010190057801082
4001,0.0009996825829148,0.0009996825829148
4002,0.0009081098251044,0.0009081098251044
4003,0.0010374941630288,0.0010374941630288
4004,0.0009912993991747,0.0009912993991747
4005,0.0009144787327386,0.0009144787327386
4006,0.0009809166658669,0.0009809166658669
4007,0.0008849377045407,0.0008849377045407
4008,0.0008658919832669,0.0008658919832669
4009,0.000969715823885,0.000969715823885
4010,0.0009455031249672,0.0009455031249672
4011,0.0009507925715297,0.0009507925715297
4012,0.0010019727051258,0.0010019727051258
4013,0.0009686494595371,0.0009686494595371
4014,0.0008912098710425,0.0008912098710425
4015,0.0009692255407571,0.0009692255407571
4016,0.0010151787428185,0.0010151787428185
4017,0.0009442995069548,0.0009442995069548
4018,0.0009097249130718,0.0009097249130718
4019,0.0011417837813496,0.0011417837813496
4020,0.0009268234716728,0.0009268234716728
4021,0.0010044671362265,0.0010044671362265
4022,0.0009629665873944,0.0009629665873944
4023,0.0009112211992032,0.0009112211992032
4024,0.0008811104344204,0.0008811104344204
4025,0.0008801806834526,0.0008801806834526
4026,0.0010521763470023,0.0010521763470023
4027,0.0009289472363889,0.0009289472363889
4028,0.0009090728708542,0.0009090728708542
4029,0.0009906942723318,0.0009906942723318
4030,0.0009973193518817,0.0009973193518817
4031,0.0008940216503106,0.0008940216503106
4032,0.0009362424025312,0.0009362424025312
4033,0.0009222578955814,0.0009222578955814
4034,0.0009350011241622,0.0009350011241622
4035,0.0009339440148323,0.0009339440148323
4036,0.0010506098624318,0.0010506098624318
4037,0.0010545188561081,0.0010545188561081
4038,0.0009499511797912,0.0009499511797912
4039,0.0009050925727933,0.0009050925727933
4040,0.0010085875401273,0.0010085875401273
4041,0.0008935150690376,0.0008935150690376
4042,0.0009894822724163,0.0009894822724163
4043,0.0010253137443214,0.0010253137443214
4044,0.0009564936044625,0.0009564936044625
4045,0.0009680791990831,0.0009680791990831
4046,0.0009516366990283,0.0009516366990283
4047,0.0009838999249041,0.0009838999249041
4048,0.0009301649988628,0.0009301649988628
4049,0.0009725373238325,0.0009725373238325
4050,0.000977560179308,0.000977560179308
4051,0.0009088010992854,0.0009088010992854
4052,0.000972929468844,0.000972929468844
4053,0.0010338786523789,0.0010338786523789
4054,0.0009886345360428,0.0009886345360428
4055,0.0009413926163688,0.0009413926163688
4056,0.0010201819241046,0.0010201819241046
4057,0.0008461236138828,0.0008461236138828
4058,0.0009179008193314,0.0009179008193314
4059,0.0010031762067228,0.0010031762067228
4060,0.0009296807693317,0.0009296807693317
4061,0.0008889147429727,0.0008889147429727
4062,0.000981850316748,0.000981850316748
4063,0.0008795533794909,0.0008795533794909
4064,0.0009822023566812,0.0009822023566812
4065,0.0009301351383328,0.0009301351383328
4066,0.0009451077203266,0.0009451077203266
4067,0.0010812286054715,0.0010812286054715
4068,0.0009541609906591,0.0009541609906591
4069,0.0008866402204148,0.0008866402204148
4070,0.0009249501745216,0.0009249501745216
4071,0.0009396663517691,0.0009396663517691
4072,0.0009218493360094,0.0009218493360094
4073,0.0009662198135629,0.0009662198135629
4074,0.0009162284550257,0.0009162284550257
4075,0.0010090009309351,0.0010090009309351
4076,0.0009262983803637,0.0009262983803637
4077,0.0009159235050901,0.0009159235050901
4078,0.0009685785043984,0.0009685785043984
4079,0.0009707361459732,0.0009707361459732
4080,0.0009467715863138,0.0009467715863138
4081,0.0010239770635962,0.0010239770635962
4082,0.0009698124486021,0.0009698124486021
4083,0.0010554897598922,0.0010554897598922
4084,0.000854154874105,0.000854154874105
4085,0.0009591865818947,0.0009591865818947
4086,0.0008541590650565,0.0008541590650565
4087,0.000997302820906,0.000997302820906
4088,0.000928818131797,0.000928818131797
4089,0.0009690701263025,0.0009690701263025
4090,0.0009357048547826,0.0009357048547826
4091,0.0009587496751919,0.0009587496751919
4092,0.0008864048868417,0.0008864048868417
4093,0.0009384111617691,0.0009384111617691
4094,0.0010324161266908,0.0010324161266908
4095,0.0010114713804796,0.0010114713804796
4096,0.0009275280754081,0.0009275280754081
4097,0.0009377954993396,0.0009377954993396
4098,0.0009191338904201,0.0009191338904201
4099,0.0009934089612215,0.0009934089612215
4100,0.000937774660997,0.000937774660997
4101,0.0009166285162791,0.0009166285162791
4102,0.000900910992641,0.000900910992641
4103,0.0009903260506689,0.0009903260506689
4104,0.0009140427573584,0.0009140427573584
4105,0.0009686956182122,0.0009686956182122
4106,0.0010246296878904,0.0010246296878904
4107,0.000887420203071,0.000887420203071
4108,0.0009538308950141,0.0009538308950141
4109,0.0009195832535624,0.0009195832535624
4110,0.0009642580989748,0.0009642580989748
4111,0.0009489100775681,0.0009489100775681
4112,0.0010181742254644,0.0010181742254644
4113,0.0009231123840436,0.0009231123840436
4114,0.0008985920576378,0.0008985920576378
4115,0.0008948514587245,0.0008948514587245
4116,0.0009409951744601,0.0009409951744601
4117,0.0010168044827878,0.0010168044827878
4118,0.0009954801062121,0.0009954801062121
4119,0.0009937344584614,0.0009937344584614
4120,0.0009423253359273,0.0009423253359273
4121,0.0009076508576981,0.0009076508576981
4122,0.0010430407710373,0.0010430407710373
4123,0.0009726303396746,0.0009726303396746
4124,0.0009275815682485,0.0009275815682485
4125,0.0008885497227311,0.0008885497227311
4126,0.0008629044750705,0.0008629044750705
4127,0.0008438716758973,0.0008438716758973
4128,0.000888442620635,0.000888442620635
4129,0.0009681247174739,0.0009681247174739
4130,0.0009570420952513,0.0009570420952513
4131,0.0009863525629043,0.0009863525629043
4132,0.0009540321771055,0.0009540321771055
4133,0.0009930375963449,0.0009930375963449
4134,0.0009295943309552,0.0009295943309552
4135,0.0009191269637085,0.0009191269637085
4136,0.0009649486164562,0.0009649486164562
4137,0.0009227410773746,0.0009227410773746
4138,0.0009312307229265,0.0009312307229265
4139,0.0009171332931146,0.0009171332931146
4140,0.0009045901242643,0.0009045901242643
4141,0.0009677800699137,0.0009677800699137
4142,0.000864625617396,0.000864625617396
4143,0.0009575865697115,0.0009575865697115
4144,0.0009523715707473,0.0009523715707473
4145,0.0010084400419145,0.0010084400419145
4146,0.0009673554450273,0.0009673554450273
4147,0.0009131523547694,0.0009131523547694
4148,0.0010007037781178,0.0010007037781178
4149,0.0009340094402432,0.0009340094402432
4150,0.0009711444145068,0.0009711444145068
4151,0.0009301863028667,0.0009301863028667
4152,0.0008998541161417,0.0008998541161417
4153,0.0009104585624299,0.0009104585624299
4154,0.0009232052834704,0.0009232052834704
4155,0.0009685617987997,0.0009685617987997
4156,0.0008973307558335,0.0008973307558335
4157,0.0009410817292518,0.0009410817292518
4158,0.0009037656127475,0.0009037656127475
4159,0.0009613694855943,0.0009613694855943
4160,0.0009247960988432,0.0009247960988432
4161,0.000904828950297,0.000904828950297
4162,0.000990166212432,0.000990166212432
4163,0.0009772891644388,0.0009772891644388
4164,0.0010263266740366,0.0010263266740366
4165,0.0010330255609005,0.0010330255609005
4166,0.0008730299887247,0.0008730299887247
4167,0.0008978936821222,0.0008978936821222
4168,0.0009331546607427,0.0009331546607427
4169,0.0009246499976143,0.0009246499976143
4170,0.0009376046946272,0.0009376046946272
4171,0.0010191508335992,0.0010191508335992
4172,0.0009359752293676,0.0009359752293676
4173,0.0009870461653918,0.0009870461653918
4174,0.0009720080997794,0.0009720080997794
4175,0.0009341167751699,0.0009341167751699
4176,0.0010063247755169,0.0010063247755169
4177,0.000937329547014,0.000937329547014
4178,0.0009178454638458,0.0009178454638458
4179,0.0010280467104166,0.0010280467104166
4180,0.0009492635144852,0.0009492635144852
4181,0.0010097881313413,0.0010097881313413
4182,0.0009601739002391,0.0009601739002391
4183,0.0010419472819194,0.0010419472819194
4184,0.0009477119892835,0.0009477119892835
4185,0.000920871796552,0.000920871796552
4186,0.0009507683571428,0.0009507683571428
4187,0.0009465259499847,0.0009465259499847
4188,0.0010131385643035,0.0010131385643035
4189,0.0009962491458281,0.0009962491458281
4190,0.0009584714425727,0.0009584714425727
4191,0.0010095150209963,0.0010095150209963
4192,0.0009703067480586,0.0009703067480586
4193,0.0009410067577846,0.0009410067577846
4194,0.0010490118293091,0.0010490118293091
4195,0.0008707758970558,0.0008707758970558
4196,0.0009515793062746,0.0009515793062746
4197,0.0008731131674721,0.0008731131674721
4198,0.0009721113019622,0.0009721113019622
4199,0.001030012499541,0.001030012499541
4200,0.0009642385994084,0.0009642385994084
4201,0.0010568080469965,0.0010568080469965
4202,0.0009666732512414,0.0009666732512414
4203,0.0009490766678936,0.0009490766678936
4204,0.0009240170475095,0.0009240170475095
4205,0.0009690427104942,0.0009690427104942
4206,0.0009021895821206,0.0009021895821206
4207,0.0009031351073645,0.0009031351073645
4208,0.0010069890413433,0.0010069890413433
4209,0.000969952379819,0.000969952379819
4210,0.000991330249235,0.000991330249235
4211,0.0009622371289879,0.0009622371289879
4212,0.0008557759574614,0.0008557759574614
4213,0.0009290947346016,0.0009290947346016
4214,0.0009932657703757,0.0009932657703757
4215,0.0009567411616444,0.0009567411616444
4216,0.0009735105559229,0.0009735105559229
4217,0.0009365945588797,0.0009365945588797
4218,0.0009758301312103,0.0009758301312103
4219,0.0009687460260465,0.0009687460260465
4220,0.0009913386311382,0.0009913386311382
4221,0.001014995155856,0.001014995155856
4222,0.0010161092504858,0.0010161092504858
4223,0.0009710065787658,0.0009710065787658
4224,0.001058857771568,0.001058857771568
4225,0.0009793696226552,0.0009793696226552
4226,0.0009836297249421,0.0009836297249421
4227,0.0009950816165655,0.0009950816165655
4228,0.000941707228776,0.000941707228776
4229,0.0009874937823042,0.0009874937823042
4230,0.0010187129955738,0.0010187129955738
4231,0.0009056521812453,0.0009056521812453
4232,0.000907837995328,0.000907837995328
4233,0.0009403657168149,0.0009403657168149
4234,0.0009743212722241,0.0009743212722241
4235,0.0010584766278043,0.0010584766278043
4236,0.000975128612481,0.000975128612481
4237,0.0010137960780411,0.0010137960780411
4238,0.0008778991759754,0.0008778991759754
4239,0.0009713540202938,0.0009713540202938
4240,0.0009190186974592,0.0009190186974592
4241,0.000918147736229,0.000918147736229
4242,0.0009849285706877,0.0009849285706877
4243,0.0009561971528455,0.0009561971528455
4244,0.0009699065121822,0.0009699065121822
4245,0.0010119403013959,0.0010119403013959
4246,0.000924875086639,0.000924875086639
4247,0.0009334796923212,0.0009334796923212
4248,0.0010054979939013,0.0010054979939013
4249,0.0009929785737767,0.0009929785737767
4250,0.0009466696646995,0.0009466696646995
4251,0.0009799253894016,0.0009799253894016
4252,0.0008887149742804,0.0008887149742804
4253,0.0009342400007881,0.0009342400007881
4254,0.0009918930009007,0.0009918930009007
4255,0.0009593056165613,0.0009593056165613
4256,0.000878231076058,0.000878231076058
4257,0.0009961028117686,0.0009961028117686
4258,0.0009077043505385,0.0009077043505385
4259,0.0009793122299015,0.0009793122299015
4260,0.0010089139686897,0.0010089139686897
4261,0.0009228214621543,0.0009228214621543
4262,0.0009768800809979,0.0009768800809979
4263,0.000977118150331,0.000977118150331
4264,0.0009603757061995,0.0009603757061995
4265,0.0009012044756673,0.0009012044756673
4266,0.0009510937961749,0.0009510937961749
4267,0.0009195664897561,0.0009195664897561
4268,0.000999812153168,0.000999812153168
4269,0.0008985011954791,0.0008985011954791
4270,0.0009515035199001,0.0009515035199001
4271,0.0009736219653859,0.0009736219653859
4272,0.0009700978407636,0.0009700978407636
4273,0.0009484015754424,0.0009484015754424
4274,0.0009640116477385,0.0009640116477385
4275,0.0009430601494386,0.0009430601494386
4276,0.0010278332047164,0.0010278332047164
4277,0.0009715365595184,0.0009715365595184
4278,0.0009471919620409,0.0009471919620409
4279,0.0009414494270458,0.0009414494270458
4280,0.0009950052481144,0.0009950052481144
4281,0.0009653331362642,0.0009653331362642
4282,0.0009150932892225,0.0009150932892225
4283,0.000956333358772,0.000956333358772
4284,0.000925408268813,0.000925408268813
4285,0.000874494202435,0.000874494202435
4286,0.0009427212062291,0.0009427212062291
4287,0.0009512386168353,0.0009512386168353
4288,0.0009794214274734,0.0009794214274734
4289,0.0009887279011309,0.0009887279011309
4290,0.0009802938438951,0.0009802938438951
4291,0.0009414532105438,0.0009414532105438
4292,0.0009074661065824,0.0009074661065824
4293,0.0008664531051181,0.0008664531051181
4294,0.0010179062373936,0.0010179062373936
4295,0.0009721809765323,0.0009721809765323
4296,0.0008937697857618,0.0008937697857618
4297,0.0009634151356294,0.0009634151356294
4298,0.0009508485672995,0.0009508485672995
4299,0.0009670058498159,0.0009670058498159
4300,0.000897524121683,0.000897524121683
4301,0.0009348745807074,0.0009348745807074
4302,0.0010532251326367,0.0010532251326367
4303,0.0009832200594246,0.0009832200594246
4304,0.0009534413111396,0.0009534413111396
4305,0.0009235633187927,0.0009235633187927
4306,0.0009579593897797,0.0009579593897797
4307,0.0009757845546118,0.0009757845546118
4308,0.001005349913612,0.001005349913612
4309,0.0009265445987693,0.0009265445987693
4310,0.000973351765424,0.000973351765424
4311,0.0008935658261179,0.0008935658261179
4312,0.001010526670143,0.001010526670143
4313,0.0010562289971858,0.0010562289971858
4314,0.000937892764341,0.000937892764341
4315,0.0009619632037356,0.0009619632037356
4316,0.0008932610508054,0.0008932610508054
4317,0.0009364557918161,0.0009364557918161
4318,0.0009788651950657,0.0009788651950657
4319,0.0010344424517825,0.0010344424517825
4320,0.0010112409945577,0.0010112409945577
4321,0.0009591680718585,0.0009591680718585
4322,0.0008823666721582,0.0008823666721582
4323,0.0008814490865916,0.0008814490865916
4324,0.0008795111789368,0.0008795111789368
4325,0.0010124018881469,0.0010124018881469
4326,0.0009068808285519,0.0009068808285519
4327,0.0009714338812045,0.0009714338812045
4328,0.0010760053992271,0.0010760053992271
4329,0.0009398017427884,0.0009398017427884
4330,0.0009641714859753,0.0009641714859753
4331,0.0009272531606256,0.0009272531606256
4332,0.0010479963384568,0.0010479963384568
4333,0.0009530571405775,0.0009530571405775
4334,0.000910454604309,0.000910454604309
4335,0.0009827902540564,0.0009827902540564
4336,0.000939096789807,0.000939096789807
4337,0.0009408579207956,0.0009408579207956
4338,0.0009375990484841,0.0009375990484841
4339,0.000991900335066,0.000991900335066
4340,0.0010027239331975,0.0010027239331975
4341,0.0009871472138911,0.0009871472138911
4342,0.0009527473594062,0.0009527473594062
4343,0.0009272883180528,0.0009272883180528
4344,0.0009185575763694,0.0009185575763694
4345,0.000856694416143,0.000856694416143
4346,0.0009162270580418,0.0009162270580418
4347,0.0009484774782322,0.0009484774782322
4348,0.0009304143022745,0.0009304143022745
4349,0.0009483797475695,0.0009483797475695
4350,0.0008646543719805,0.0008646543719805
4351,0.0009093211847357,0.0009093211847357
4352,0.0009765303111635,0.0009765303111635
4353,0.0008234109845943,0.0008234109845943
4354,0.0008804247481748,0.0008804247481748
4355,0.0009237500489689,0.0009237500489689
4356,0.0009394365479238,0.0009394365479238
4357,0.0009170247358269,0.0009170247358269
4358,0.0009241008083336,0.0009241008083336
4359,0.0009228345006704,0.0009228345006704
4360,0.0009256051853299,0.0009256051853299
4361,0.0009331529727205,0.0009331529727205
4362,0.0010054791346192,0.0010054791346192
4363,0.0009803716093301,0.0009803716093301
4364,0.0009657281334511,0.0009657281334511
4365,0.0009406054741702,0.0009406054741702
4366,0.0009599205222912,0.0009599205222912
4367,0.0009697657078504,0.0009697657078504
4368,0.000860126747284,0.000860126747284
4369,0.0009683916578069,0.0009683916578069
4370,0.000976339331828,0.000976339331828
4371,0.0009740167879499,0.0009740167879499
4372,0.0010130378650501,0.0010130378650501
4373,0.0009225511457771,0.0009225511457771
4374,0.0008690733811818,0.0008690733811818
4375,0.0009448160417377,0.0009448160417377
4376,0.0009385632583871,0.0009385632583871
4377,0.0008732712012715,0.0008732712012715
4378,0.0009213821031153,0.0009213821031153
4379,0.0008977593970485,0.0008977593970485
4380,0.0009175612358376,0.0009175612358376
4381,0.0009250853909179,0.0009250853909179
4382,0.0009199078776873,0.0009199078776873
4383,0.0008824542746879,0.0008824542746879
4384,0.0008865714771673,0.0008865714771673
4385,0.0009505008929409,0.0009505008929409
4386,0.0009573570569045,0.0009573570569045
4387,0.0010078862542286,0.0010078862542286
4388,0.0009183509973809,0.0009183509973809
4389,0.0009593740105628,0.0009593740105628
4390,0.0009774176869541,0.0009774176869541
4391,0.0009372728527523,0.0009372728527523
4392,0.0009595367009751,0.0009595367009751
4393,0.0009660306386649,0.0009660306386649
4394,0.0009597420576028,0.0009597420576028
4395,0.0009229818242602,0.0009229818242602
4396,0.0008613869431428,0.0008613869431428
4397,0.000913253345061,0.000913253345061
4398,0.0010118982754647,0.0010118982754647
4399,0.0009638259070925,0.0009638259070925
4400,0.0009229222196154,0.0009229222196154
4401,0.0009570906986482,0.0009570906986482
4402,0.0009029103675857,0.0009029103675857
4403,0.000962175312452,0.000962175312452
4404,0.0009837655816227,0.0009837655816227
4405,0.0010077792685478,0.0010077792685478
4406,0.000973897287622,0.000973897287622
4407,0.0009806372690945,0.0009806372690945
4408,0.0009287585853599,0.0009287585853599
4409,0.0010050637647509,0.0010050637647509
4410,0.0009493328398093,0.0009493328398093
4411,0.0009866148466244,0.0009866148466244
4412,0.0009414490195922,0.0009414490195922
4413,0.0009479089058004,0.0009479089058004
4414,0.0010170035529881,0.0010170035529881
4415,0.0009952621767297,0.0009952621767297
4416,0.0010674861259758,0.0010674861259758
4417,0.0009459222783334,0.0009459222783334
4418,0.0009965127101168,0.0009965127101168
4419,0.0009609756525605,0.0009609756525605
4420,0.0009058610885404,0.0009058610885404
4421,0.0009715597843751,0.0009715597843751
4422,0.0009162672213278,0.0009162672213278
4423,0.0009541606414131,0.0009541606414131
4424,0.0010102950036525,0.0010102950036525
4425,0.0009398701949976,0.0009398701949976
4426,0.0009590465342625,0.0009590465342625
4427,0.0009732280159369,0.0009732280159369
4428,0.0010333722457289,0.0010333722457289
4429,0.000917226076126,0.000917226076126
4430,0.0009585216175764,0.0009585216175764
4431,0.0009858647827059,0.0009858647827059
4432,0.0009497568244114,0.0009497568244114
4433,0.0009733922197483,0.0009733922197483
4434,0.0010590539313852,0.0010590539313852
4435,0.000913462601602,0.000913462601602
4436,0.0009565940126776,0.0009565940126776
4437,0.0009258673526346,0.0009258673526346
4438,0.0009299804805777,0.0009299804805777
4439,0.0009593866416253,0.0009593866416253
4440,0.0009227737318724,0.0009227737318724
4441,0.0009367070742882,0.0009367070742882
4442,0.0009894971735775,0.0009894971735775
4443,0.0009294456103816,0.0009294456103816
4444,0.0009209351846948,0.0009209351846948
4445,0.0009997559245675,0.0009997559245675
4446,0.0009342332486994,0.0009342332486994
4447,0.0009696839842945,0.0009696839842945
4448,0.0009109873208217,0.0009109873208217
4449,0.0010080770589411,0.0010080770589411
4450,0.0009541916078887,0.0009541916078887
4451,0.0009774895152077,0.0009774895152077
4452,0.0009351908811368,0.0009351908811368
4453,0.0010005071526393,0.0010005071526393
4454,0.000985701335594,0.000985701335594
4455,0.0009717004140838,0.0009717004140838
4456,0.0009446829208172,0.0009446829208172
4457,0.0009881029836833,0.0009881029836833
4458,0.0009981661569327,0.0009981661569327
4459,0.0008807436097413,0.0008807436097413
4460,0.0010143879335373,0.0010143879335373
4461,0.0009641739889048,0.0009641739889048
4462,0.0009303168626502,0.0009303168626502
4463,0.0009074870031327,0.0009074870031327
4464,0.0009254377800971,0.0009254377800971
4465,0.0009205004316754,0.0009205004316754
4466,0.0010198736563324,0.0010198736563324
4467,0.0009233953896909,0.0009233953896909
4468,0.0009849099442362,0.0009849099442362
4469,0.0009731081081554,0.0009731081081554
4470,0.0010768389329314,0.0010768389329314
4471,0.0009389460901729,0.0009389460901729
4472,0.0009512532851658,0.0009512532851658
4473,0.0009185028029605,0.0009185028029605
4474,0.0009819453116506,0.0009819453116506
4475,0.0009898873977363,0.0009898873977363
4476,0.0009580773185007,0.0009580773185007
4477,0.0009419326670467,0.0009419326670467
4478,0.0008932175696827,0.0008932175696827
4479,0.0009648470440879,0.0009648470440879
4480,0.000976537936367,0.000976537936367
4481,0.0009840095881372,0.0009840095881372
4482,0.0009478874271735,0.0009478874271735
4483,0.0009374271612614,0.0009374271612614
4484,0.0009080758900381,0.0009080758900381
4485,0.0009238056954927,0.0009238056954927
4486,0.0009496775455772,0.0009496775455772
4487,0.0009549337555654,0.0009549337555654
4488,0.0009920090669766,0.0009920090669766
4489,0.0009181380737572,0.0009181380737572
4490,0.0009970758110284,0.0009970758110284
4491,0.0009385711164213,0.0009385711164213
4492,0.0009367140009999,0.0009367140009999
4493,0.0009687945130281,0.0009687945130281
4494,0.0008489277679473,0.0008489277679473
4495,0.00104100338649,0.00104100338649
4496,0.000977587304078,0.000977587304078
4497,0.000889285991434,0.000889285991434
4498,0.0009268485591746,0.0009268485591746
4499,0.0009358773822896,0.0009358773822896
4500,0.000893558957614,0.000893558957614
4501,0.0009516779682599,0.0009516779682599
4502,0.0008989953203126,0.0008989953203126
4503,0.0009525829227641,0.0009525829227641
4504,0.0009673378663137,0.0009673378663137
4505,0.0008680699393153,0.0008680699393153
4506,0.0008968801703304,0.0008968801703304
4507,0.001006472739391,0.001006472739391
4508,0.0009594669099897,0.0009594669099897
4509,0.000985559890978,0.000985559890978
4510,0.000987108098343,0.000987108098343
4511,0.0009775321232154,0.0009775321232154
4512,0.0009680680232122,0.0009680680232122
4513,0.0009083475451916,0.0009083475451916
4514,0.0009710162412375,0.0009710162412375
4515,0.0009430133504793,0.0009430133504793
4516,0.0009640110074542,0.0009640110074542
4517,0.0010181562975049,0.0010181562975049
4518,0.0009709799196571,0.0009709799196571
4519,0.0009909544605761,0.0009909544605761
4520,0.00090507871937,0.00090507871937
4521,0.0009893021779134,0.0009893021779134
4522,0.0009815590456128,0.0009815590456128
4523,0.0009582165512256,0.0009582165512256
4524,0.000894384807907,0.000894384807907
4525,0.0010225839214399,0.0010225839214399
4526,0.0008944143191911,0.0008944143191911
4527,0.0009024807950481,0.0009024807950481
4528,0.0009843884035944,0.0009843884035944
4529,0.0009627903928048,0.0009627903928048
4530,0.0010125695262104,0.0010125695262104
4531,0.0009746302966959,0.0009746302966959
4532,0.0009670573053881,0.0009670573053881
4533,0.0009430693462491,0.0009430693462491
4534,0.0009785154834389,0.0009785154834389
4535,0.0010617952793836,0.0010617952793836
4536,0.0009270617156289,0.0009270617156289
4537,0.0008996986434794,0.0008996986434794
4538,0.0009924977784976,0.0009924977784976
4539,0.000977253075689,0.000977253075689
4540,0.0009442991577088,0.0009442991577088
4541,0.0009378994000144,0.0009378994000144
4542,0.0009350082837045,0.0009350082837045
4543,0.0008566200267523,0.0008566200267523
4544,0.0009526325738988,0.0009526325738988
4545,0.0009395031374879,0.0009395031374879
4546,0.0008907201117835,0.0008907201117835
4547,0.0009191831923089,0.0009191831923089
4548,0.0008775567403063,0.0008775567403063
4549,0.0009896723786368,0.0009896723786368
4550,0.0009573753341101,0.0009573753341101
4551,0.000978309311904,0.000978309311904
4552,0.0010214101057499,0.0010214101057499
4553,0.0009473314275965,0.0009473314275965
4554,0.0009282489772886,0.0009282489772886
4555,0.0009829613845795,0.0009829613845795
4556,0.0009290981688536,0.0009290981688536
4557,0.001010030740872,0.001010030740872
4558,0.001007055863738,0.001007055863738
4559,0.0009622514480724,0.0009622514480724
4560,0.0009379002731293,0.0009379002731293
4561,0.0009628180414438,0.0009628180414438
4562,0.0010016681626439,0.0010016681626439
4563,0.0009048641077242,0.0009048641077242
4564,0.0010075378231704,0.0010075378231704
4565,0.0009758481173776,0.0009758481173776
4566,0.0009704902768135,0.0009704902768135
4567,0.000986018567346,0.000986018567346
4568,0.0009746282012201,0.0009746282012201
4569,0.0008883483242243,0.0008883483242243
4570,0.0010074372403323,0.0010074372403323
4571,0.0009111160761676,0.0009111160761676
4572,0.0009597481694072,0.0009597481694072
4573,0.0010086018592119,0.0010086018592119
4574,0.0009613661095499,0.0009613661095499
4575,0.000911027600523,0.000911027600523
4576,0.0010424712672829,0.0010424712672829
4577,0.0009856722317636,0.0009856722317636
4578,0.0009916021954268,0.0009916021954268
4579,0.0009697825880721,0.0009697825880721
4580,0.0009880006546154,0.0009880006546154
4581,0.0009365244768559,0.0009365244768559
4582,0.0009886245243251,0.0009886245243251
4583,0.0010299896821379,0.0010299896821379
4584,0.0009910692460834,0.0009910692460834
4585,0.0009378261165693,0.0009378261165693
4586,0.0009152421262115,0.0009152421262115
4587,0.0009977157460525,0.0009977157460525
4588,0.0009872212540358,0.0009872212540358
4589,0.0009061506134457,0.0009061506134457
4590,0.0009223941597156,0.0009223941597156
4591,0.000974470807705,0.000974470807705
4592,0.0009504207409918,0.0009504207409918
4593,0.0009454762912355,0.0009454762912355
4594,0.0009947022190317,0.0009947022190317
4595,0.0009404161246493,0.0009404161246493
4596,0.0009687487035989,0.0009687487035989
4597,0.0010262175928801,0.0010262175928801
4598,0.000986612169072,0.000986612169072
4599,0.0009729103185236,0.0009729103185236
4600,0.0009648294071666,0.0009648294071666
4601,0.0009799931431189,0.0009799931431189
4602,0.0010055183665826,0.0010055183665826
4603,0.0009253853349946,0.0009253853349946
4604,0.0009743537520989,0.0009743537520989
4605,0.0009545786306262,0.0009545786306262
4606,0.0009660892537795,0.0009660892537795
4607,0.0009898806456476,0.0009898806456476
4608,0.0009605702362023,0.0009605702362023
4609,0.0009927119826897,0.0009927119826897
4610,0.0009181934874504,0.0009181934874504
4611,0.0009259818471036,0.0009259818471036
4612,0.0009917066199705,0.0009917066199705
4613,0.0009268487920053,0.0009268487920053
4614,0.0009649521089158,0.0009649521089158
4615,0.000975256843958,0.000975256843958
4616,0.001002077711746,0.001002077711746
4617,0.0008471540058963,0.0008471540058963
4618,0.0009387680329382,0.0009387680329382
4619,0.0009953394765034,0.0009953394765034
4620,0.0009509709198027,0.0009509709198027
4621,0.0009618467302061,0.0009618467302061
4622,0.0010111643932759,0.0010111643932759
4623,0.000879204890225,0.000879204890225
4624,0.0009114564745686,0.0009114564745686
4625,0.0010115270270034,0.0010115270270034
4626,0.0008703813655301,0.0008703813655301
4627,0.0009339957614429,0.0009339957614429
4628,0.0009190812706947,0.0009190812706947
4629,0.0008972994401119,0.0008972994401119
4630,0.0010339745786041,0.0010339745786041
4631,0.0008890148019418,0.0008890148019418
4632,0.0009705616976134,0.0009705616976134
4633,0.0008938583778217,0.0008938583778217
4634,0.0009292940958403,0.0009292940958403
4635,0.0009814351797103,0.0009814351797103
4636,0.0010206790175288,0.0010206790175288
4637,0.0009953078115358,0.0009953078115358
4638,0.0009418833069503,0.0009418833069503
4639,0.0009814829099923,0.0009814829099923
4640,0.0009564475039951,0.0009564475039951
4641,0.0008827878627926,0.0008827878627926
4642,0.000938497192692,0.000938497192692
4643,0.0010751467198133,0.0010751467198133
4644,0.0009214045712724,0.0009214045712724
4645,0.0010336654959246,0.0010336654959246
4646,0.0009426657343283,0.0009426657343283
4647,0.000869317445904,0.000869317445904
4648,0.0009875948308035,0.0009875948308035
4649,0.0010006190277636,0.0010006190277636
4650,0.0009912133682519,0.0009912133682519
4651,0.0010060386266559,0.0010060386266559
4652,0.0010240843985229,0.0010240843985229
4653,0.0009719600202515,0.0009719600202515
4654,0.000989421037957,0.000989421037957
4655,0.0009624173981137,0.0009624173981137
4656,0.0010082391090691,0.0010082391090691
4657,0.0010239754337817,0.0010239754337817
4658,0.0009697707719169,0.0009697707719169
4659,0.0008956479141488,0.0008956479141488
4660,0.0009595313458703,0.0009595313458703
4661,0.000951956550125,0.000951956550125
4662,0.0008942640270106,0.0008942640270106
4663,0.0010146721033379,0.0010146721033379
4664,0.0009401456918567,0.0009401456918567
4665,0.0009405468590557,0.0009405468590557
4666,0.001011720043607,0.001011720043607
4667,0.0009489626972936,0.0009489626972936
4668,0.0009654197492636,0.0009654197492636
4669,0.0010388618102297,0.0010388618102297
4670,0.0009429224301129,0.0009429224301129
4671,0.0009791192132979,0.0009791192132979
4672,0.0009475610568188,0.0009475610568188
4673,0.0009286651038564,0.0009286651038564
4674,0.0009071860113181,0.0009071860113181
4675,0.0008834362379275,0.0008834362379275
4676,0.0009261685190722,0.0009261685190722
4677,0.0009677486959844,0.0009677486959844
4678,0.000875293277204,0.000875293277204
4679,0.00103307783138,0.00103307783138
4680,0.0009952508844435,0.0009952508844435
4681,0.0010246513411402,0.0010246513411402
4682,0.000979667995125,0.000979667995125
4683,0.0009803080465644,0.0009803080465644
4684,0.0009165084920823,0.0009165084920823
4685,0.0009786619339138,0.0009786619339138
4686,0.0008877075160853,0.0008877075160853
4687,0.0009341645636595,0.0009341645636595
4688,0.0009167010430246,0.0009167010430246
4689,0.0010307990014553,0.0010307990014553
4690,0.0009670555009506,0.0009670555009506
4691,0.0009259126381948,0.0009259126381948
4692,0.0009736255742609,0.0009736255742609
4693,0.000924059713725,0.000924059713725
4694,0.0008928173920139,0.0008928173920139
4695,0.0009692824678495,0.0009692824678495
4696,0.0009961448376998,0.0009961448376998
4697,0.0008349034469574,0.0008349034469574
4698,0.0009953535627573,0.0009953535627573
4699,0.0010182722471654,0.0010182722471654
4700,0.0009743704576976,0.0009743704576976
4701,0.0009921533055603,0.0009921533055603
4702,0.0009594606817699,0.0009594606817699
4703,0.0010026092641055,0.0010026092641055
4704,0.0010295073734596,0.0010295073734596
4705,0.0010142024839296,0.0010142024839296
4706,0.0009561753249727,0.0009561753249727
4707,0.0009218007326126,0.0009218007326126
4708,0.0009289805311709,0.0009289805311709
4709,0.0009527966030873,0.0009527966030873
4710,0.0008823092211969,0.0008823092211969
4711,0.0010035029845312,0.0010035029845312
4712,0.0010187497828155,0.0010187497828155
4713,0.0009742256952449,0.0009742256952449
4714,0.0009133637067861,0.0009133637067861
4715,0.0009436177206225,0.0009436177206225
4716,0.0009706477867439,0.0009706477867439
4717,0.0009878170676529,0.0009878170676529
4718,0.0009390131453983,0.0009390131453983
4719,0.0009312531910836,0.0009312531910836
4720,0.0008855723426677,0.0008855723426677
4721,0.0009430840145796,0.0009430840145796
4722,0.0009599935146979,0.0009599935146979
4723,0.0008854740299284,0.0008854740299284
4724,0.0010580361122265,0.0010580361122265
4725,0.0009041906450875,0.0009041906450875
4726,0.0009916344424709,0.0009916344424709
4727,0.000952503120061,0.000952503120061
4728,0.0009160942863672,0.0009160942863672
4729,0.0010436587035655,0.0010436587035655
4730,0.0009307442815043,0.0009307442815043
4731,0.0009901351295411,0.0009901351295411
4732,0.0008887231815606,0.0008887231815606
4733,0.0010262954747304,0.0010262954747304
4734,0.0010028008837252,0.0010028008837252
4735,0.0009396019740961,0.0009396019740961
4736,0.0010892642894759,0.0010892642894759
4737,0.0009482576861046,0.0009482576861046
4738,0.0008753709262236,0.0008753709262236
4739,0.0009285667911171,0.0009285667911171
4740,0.0009061382734216,0.0009061382734216
4741,0.0009532073163427,0.0009532073163427
4742,0.0009074870031327,0.0009074870031327
4743,0.0009851958602666,0.0009851958602666
4744,0.0009238106431439,0.0009238106431439
4745,0.0009835888631641,0.0009835888631641
4746,0.0010964341927319,0.0010964341927319
4747,0.0009444154566153,0.0009444154566153
4748,0.0010079105850309,0.0010079105850309
4749,0.0009699083748273,0.0009699083748273
4750,0.0009931535460054,0.0009931535460054
4751,0.0009415588574483,0.0009415588574483
4752,0.0009764470742084,0.0009764470742084
4753,0.000950843677856,0.000950843677856
4754,0.0010100924409925,0.0010100924409925
4755,0.0010563733521848,0.0010563733521848
4756,0.0009731599129736,0.0009731599129736
4757,0.0009222978260368,0.0009222978260368
4758,0.0009614578448235,0.0009614578448235
4759,0.0010213495697826,0.0010213495697826
4760,0.000992243993096,0.000992243993096
4761,0.001008016639389,0.001008016639389
4762,0.0009624537196941,0.0009624537196941
4763,0.0009171775309368,0.0009171775309368
4764,0.0009409873746335,0.0009409873746335
4765,0.0009101111791096,0.0009101111791096
4766,0.0008745996747165,0.0008745996747165
4767,0.0009484607144258,0.0009484607144258
4768,0.0009145333897322,0.0009145333897322
4769,0.0008896010112948,0.0008896010112948
4770,0.001082943053916,0.001082943053916
4771,0.0008882777183316,0.0008882777183316
4772,0.0009488611249253,0.0009488611249253
4773,0.0009843972511589,0.0009843972511589
4774,0.000948560424149,0.000948560424149
4775,0.0009749350720085,0.0009749350720085
4776,0.0009011608199216,0.0009011608199216
4777,0.0009525871137157,0.0009525871137157
4778,0.0008811840671114,0.0008811840671114
4779,0.0008953607757575,0.0008953607757575
4780,0.0009586614323779,0.0009586614323779
4781,0.0009783942950889,0.0009783942950889
4782,0.000947801687289,0.000947801687289
4783,0.0009944690391421,0.0009944690391421
4784,0.000927421147935,0.000927421147935
4785,0.0008921978878788,0.0008921978878788
4786,0.0010118746431544,0.0010118746431544
4787,0.0008128053159452,0.0008128053159452
4788,0.0009306570864282,0.0009306570864282
4789,0.0009053933899849,0.0009053933899849
4790,0.0009251958690583,0.0009251958690583
4791,0.0008663322078064,0.0008663322078064
4792,0.0009631544235162,0.0009631544235162
4793,0.0010349199874326,0.0010349199874326
4794,0.0009360114927403,0.0009360114927403
4795,0.0009884149767458,0.0009884149767458
4796,0.0008763988153077,0.0008763988153077
4797,0.0009719105437397,0.0009719105437397
4798,0.0009612148860469,0.0009612148860469
4799,0.0008955639787018,0.0008955639787018
4800,0.0009642317309044,0.0009642317309044
4801,0.0010029049590229,0.0010029049590229
4802,0.0009117269073612,0.0009117269073612
4803,0.0009413307416252,0.0009413307416252
4804,0.0009434388484805,0.0009434388484805
4805,0.0009311094763688,0.0009311094763688
4806,0.0010254825465381,0.0010254825465381
4807,0.000996024115011,0.000996024115011
4808,0.0009504405315965,0.0009504405315965
4809,0.0009576466400176,0.0009576466400176
4810,0.0009873195085674,0.0009873195085674
4811,0.0010134717449545,0.0010134717449545
4812,0.0009474485414102,0.0009474485414102
4813,0.0010346529306843,0.0010346529306843
4814,0.0010146535933017,0.0010146535933017
4815,0.0009576610755175,0.0009576610755175
4816,0.001049943617545,0.001049943617545
4817,0.000941876496654,0.000941876496654
4818,0.0009856100659817,0.0009856100659817
4819,0.0010321275331079,0.0010321275331079
4820,0.0008931559277698,0.0008931559277698
4821,0.0010036283638328,0.0010036283638328
4822,0.0010264264419674,0.0010264264419674
4823,0.0010668780887499,0.0010668780887499
4824,0.0010764655889943,0.0010764655889943
4825,0.0010443691862747,0.0010443691862747
4826,0.0010201423428952,0.0010201423428952
4827,0.001001689932309,0.001001689932309
4828,0.0009299424127675,0.0009299424127675
4829,0.0010532872984185,0.0010532872984185
4830,0.0009650778374634,0.0009650778374634
4831,0.0009475844562985,0.0009475844562985
4832,0.000956667237915,0.000956667237915
4833,0.0009959411108866,0.0009959411108866
4834,0.0009856924880295,0.0009856924880295
4835,0.0009318967931903,0.0009318967931903
4836,0.000994277652353,0.000994277652353
4837,0.000939575547818,0.000939575547818
4838,0.0009352932684123,0.0009352932684123
4839,0.0009689394501037,0.0009689394501037
4840,0.0009357193484902,0.0009357193484902
4841,0.0009561998886056,0.0009561998886056
4842,0.0009330107714049,0.0009330107714049
4843,0.0010775763075798,0.0010775763075798
4844,0.000969207030721,0.000969207030721
4845,0.0009763209382072,0.0009763209382072
4846,0.0009905997430905,0.0009905997430905
4847,0.0009535252465866,0.0009535252465866
4848,0.0009357672533951,0.0009357672533951
4849,0.000943643215578,0.000943643215578
4850,0.0009799944236874,0.0009799944236874
4851,0.0009732750477269,0.0009732750477269
4852,0.0009569310350343,0.0009569310350343
4853,0.0010685741435736,0.0010685741435736
4854,0.0009486352792009,0.0009486352792009
4855,0.0009694368927739,0.0009694368927739
4856,0.0010067569091916,0.0010067569091916
4857,0.00096913613379,0.00096913613379
4858,0.0009141114423982,0.0009141114423982
4859,0.0010025859810411,0.0010025859810411
4860,0.0009364627185277,0.0009364627185277
4861,0.0009454084793105,0.0009454084793105
4862,0.0010188668966293,0.0010188668966293
4863,0.0008595964172855,0.0008595964172855
4864,0.0009093391709029,0.0009093391709029
4865,0.0009605776285752,0.0009605776285752
4866,0.0009639456984587,0.0009639456984587
4867,0.0009010056965053,0.0009010056965053
4868,0.0010691934730857,0.0010691934730857
4869,0.0009792370256036,0.0009792370256036
4870,0.0009262184612452,0.0009262184612452
4871,0.0009734210325405,0.0009734210325405
4872,0.0009967782534658,0.0009967782534658
4873,0.0009183866204693,0.0009183866204693
4874,0.0009104187483899,0.0009104187483899
4875,0.0009255259064957,0.0009255259064957
4876,0.0009718950605019,0.0009718950605019
4877,0.0009484963375143,0.0009484963375143
4878,0.0009002024889923,0.0009002024889923
4879,0.0008672682452015,0.0008672682452015
4880,0.0010027368552982,0.0010027368552982
4881,0.0009035558323375,0.0009035558323375
4882,0.0010253970976918,0.0010253970976918
4883,0.0009777925442904,0.0009777925442904
4884,0.0009594190050847,0.0009594190050847
4885,0.0009740744717419,0.0009740744717419
4886,0.0009827052708715,0.0009827052708715
4887,0.0008629754302091,0.0008629754302091
4888,0.0009333981433883,0.0009333981433883
4889,0.000889565097168,0.000889565097168
4890,0.0008852627361193,0.0008852627361193
4891,0.00094799377257,0.00094799377257
4892,0.0009649187559261,0.0009649187559261
4893,0.0009717947104945,0.0009717947104945
4894,0.0009375979425385,0.0009375979425385
4895,0.0009551778202876,0.0009551778202876
4896,0.0009229655261151,0.0009229655261151
4897,0.0008882537367753,0.0008882537367753
4898,0.0009212327422574,0.0009212327422574
4899,0.0010180120589211,0.0010180120589211
4900,0.0009690572042018,0.0009690572042018
4901,0.0009427421609871,0.0009427421609871
4902,0.0008592462982051,0.0008592462982051
4903,0.000901334977243,0.000901334977243
4904,0.0009968110825866,0.0009968110825866
4905,0.0009465240873396,0.0009465240873396
4906,0.0009309112210758,0.0009309112210758
4907,0.0009360843687318,0.0009360843687318
4908,0.0008513007778674,0.0008513007778674
4909,0.0010404156055301,0.0010404156055301
4910,0.0009819249389693,0.0009819249389693
4911,0.0009006923064589,0.0009006923064589
4912,0.0008668305235914,0.0008668305235914
4913,0.0009338638046756,0.0009338638046756
4914,0.0008976262761279,0.0008976262761279
4915,0.0009232606389559,0.0009232606389559
4916,0.0009678619098849,0.0009678619098849
4917,0.0009970830287784,0.0009970830287784
4918,0.000965767132584,0.000965767132584
4919,0.000962890102528,0.000962890102528
4920,0.0009964497294276,0.0009964497294276
4921,0.001012505730614,0.001012505730614
4922,0.0008626668713986,0.0008626668713986
4923,0.0009477249695919,0.0009477249695919
4924,0.0009025948820635,0.0009025948820635
4925,0.0010407357476651,0.0010407357476651
4926,0.0009336223592981,0.0009336223592981
4927,0.0009221871732734,0.0009221871732734
4928,0.0009216740727424,0.0009216740727424
4929,0.0009166684467345,0.0009166684467345
4930,0.000945444451645,0.000945444451645
4931,0.0009198067709803,0.0009198067709803
4932,0.0010025483788922,0.0010025483788922
4933,0.0009017107076942,0.0009017107076942
4934,0.0010002640774473,0.0010002640774473
4935,0.0009268901776522,0.0009268901776522
4936,0.0009781240951269,0.0009781240951269
4937,0.000923357962165,0.000923357962165
4938,0.0010112185264006,0.0010112185264006
4939,0.0009170568082481,0.0009170568082481
4940,0.0009697928326204,0.0009697928326204
4941,0.0009247143752872,0.0009247143752872
4942,0.0009758616215549,0.0009758616215549
4943,0.0009068278595805,0.0009068278595805
4944,0.0009621824137866,0.0009621824137866
4945,0.0009303494007326,0.0009303494007326
4946,0.000913499505259,0.000913499505259
4947,0.0008805362158454,0.0008805362158454
4948,0.0009882217273116,0.0009882217273116
4949,0.0009417505934834,0.0009417505934834
4950,0.0008510021725669,0.0008510021725669
4951,0.000940425961744,0.000940425961744
4952,0.0009198364568874,0.0009198364568874
4953,0.0009781054686754,0.0009781054686754
4954,0.0009911165107041,0.0009911165107041
4955,0.000937100907322,0.000937100907322
4956,0.0009400912094861,0.0009400912094861
4957,0.0009545450448058,0.0009545450448058
4958,0.0009037438430823,0.0009037438430823
4959,0.0009075045818462,0.0009075045818462
4960,0.0009618609328754,0.0009618609328754
4961,0.0010206293081864,0.0010206293081864
4962,0.000942817190662,0.000942817190662
4963,0.0010382137261331,0.0010382137261331
4964,0.0009149543475359,0.0009149543475359
4965,0.0010313186794519,0.0010313186794519
4966,0.0009425967582501,0.0009425967582501
4967,0.0009504905901849,0.0009504905901849
4968,0.0010822952026501,0.0010822952026501
4969,0.0010867022210732,0.0010867022210732
4970,0.0010234970832243,0.0010234970832243
4971,0.0009066230850294,0.0009066230850294
4972,0.0009701889357529,0.0009701889357529
4973,0.0009272979223169,0.0009272979223169
4974,0.0009549303213134,0.0009549303213134
4975,0.0009932187385857,0.0009932187385857
4976,0.0009104114724323,0.0009104114724323
4977,0.0008956220699474,0.0008956220699474
4978,0.0009523408371023,0.0009523408371023
4979,0.0009334167698398,0.0009334167698398
4980,0.0009530243114568,0.0009530243114568
4981,0.0008814012398943,0.0008814012398943
4982,0.0009261686354875,0.0009261686354875
4983,0.0010077215265482,0.0010077215265482
4984,0.0009900191798806,0.0009900191798806
4985,0.0009072136017493,0.0009072136017493
4986,0.0009487530332989,0.0009487530332989
4987,0.0009431194630451,0.0009431194630451
4988,0.0009888135828077,0.0009888135828077
4989,0.0009476424893364,0.0009476424893364
4990,0.0009055861737579,0.0009055861737579
4991,0.0009091289830394,0.0009091289830394
4992,0.0009953308617696,0.0009953308617696
4993,0.0009418025729246,0.0009418025729246
4994,0.0010370850795879,0.0010370850795879
4995,0.0009795555379241,0.0009795555379241
4996,0.0009586118976585,0.0009586118976585
4997,0.0009315470815636,0.0009315470815636
4998,0.0009669443825259,0.0009669443825259
4999,0.0009443567250855,0.0009443567250855
5000,0.0008585578179918,0.0008585578179918
5001,0.0009484241018071,0.0009484241018071
5002,0.000937137461733,0.000937137461733
5003,0.0009108808590099,0.0009108808590099
5004,0.0009143901988863,0.0009143901988863
5005,0.0009117618901655,0.0009117618901655
5006,0.0009516260470263,0.0009516260470263
5007,0.0009663438540883,0.0009663438540883
5008,0.0008795996545813,0.0008795996545813
5009,0.0008835907792672,0.0008835907792672
5010,0.00091350346338,0.00091350346338
5011,0.0009908187203109,0.0009908187203109
5012,0.0009983651107177,0.0009983651107177
5013,0.000925478641875,0.000925478641875
5014,0.0009561627521179,0.0009561627521179
5015,0.0009733451879583,0.0009733451879583
5016,0.0010714154923334,0.0010714154923334
5017,0.0009831993374973,0.0009831993374973
5018,0.0009550657705403,0.0009550657705403
5019,0.0009466256597079,0.0009466256597079
5020,0.0008907687151804,0.0008907687151804
5021,0.0009209790150634,0.0009209790150634
5022,0.0010174852795898,0.0010174852795898
5023,0.0009778530802577,0.0009778530802577
5024,0.0009823313448578,0.0009823313448578
5025,0.0008719887700863,0.0008719887700863
5026,0.0008947349269874,0.0008947349269874
5027,0.0009793349308893,0.0009793349308893
5028,0.0010486273095011,0.0010486273095011
5029,0.0009708844590932,0.0009708844590932
5030,0.0008818508358672,0.0008818508358672
5031,0.0009251143201254,0.0009251143201254
5032,0.0009180931956507,0.0009180931956507
5033,0.0009462112793698,0.0009462112793698
5034,0.0009190146811306,0.0009190146811306
5035,0.0009880227735266,0.0009880227735266
5036,0.0009734370978549,0.0009734370978549
5037,0.0009474490070715,0.0009474490070715
5038,0.0010359822772443,0.0010359822772443
5039,0.0009283597464673,0.0009283597464673
5040,0.0008956535020843,0.0008956535020843
5041,0.0009249142021872,0.0009249142021872
5042,0.0009605301893316,0.0009605301893316
5043,0.0009814335498958,0.0009814335498958
5044,0.0009533590637147,0.0009533590637147
5045,0.0009200603817589,0.0009200603817589
5046,0.0008465635473839,0.0008465635473839
5047,0.0009930219966918,0.0009930219966918
5048,0.0009367320453748,0.0009367320453748
5049,0.0009692982421256,0.0009692982421256
5050,0.0009561001788824,0.0009561001788824
5051,0.0009530736715532,0.0009530736715532
5052,0.0009411439532414,0.0009411439532414
5053,0.0009123968193307,0.0009123968193307
5054,0.0009532473050057,0.0009532473050057
5055,0.0008813691674731,0.0008813691674731
5056,0.0010434282012283,0.0010434282012283
5057,0.0009481372544541,0.0009481372544541
5058,0.000945666746702,0.000945666746702
5059,0.0010059825144708,0.0010059825144708
5060,0.0009292551549151,0.0009292551549151
5061,0.0008870263118296,0.0008870263118296
5062,0.0009324034908786,0.0009324034908786
5063,0.0009344636346213,0.0009344636346213
5064,0.0009579226607456,0.0009579226607456
5065,0.0010311646619811,0.0010311646619811
5066,0.0008974196389317,0.0008974196389317
5067,0.0010227217571809,0.0010227217571809
5068,0.0008983489824458,0.0008983489824458
5069,0.0009749877499416,0.0009749877499416
5070,0.0009277114877477,0.0009277114877477
5071,0.0009010529611259,0.0009010529611259
5072,0.000953508191742,0.000953508191742
5073,0.0009299549856223,0.0009299549856223
5074,0.0010330374352633,0.0010330374352633
5075,0.000969877524767,0.000969877524767
5076,0.0009103566990233,0.0009103566990233
5077,0.0009483505855314,0.0009483505855314
5078,0.0008935590158216,0.0008935590158216
5079,0.0010022374335676,0.0010022374335676
5080,0.0010125618427991,0.0010125618427991
5081,0.0009789221221581,0.0009789221221581
5082,0.0008946470334194,0.0008946470334194
5083,0.0009437655098736,0.0009437655098736
5084,0.0009308709995821,0.0009308709995821
5085,0.0009403661242686,0.0009403661242686
5086,0.0008979815174825,0.0008979815174825
5087,0.000956081028562,0.000956081028562
5088,0.0009483479661867,0.0009483479661867
5089,0.0009677043999545,0.0009677043999545
5090,0.0009385821758769,0.0009385821758769
5091,0.0009060182492248,0.0009060182492248
5092,0.0009083559853024,0.0009083559853024
5093,0.0009689219878055,0.0009689219878055
5094,0.0009149181423708,0.0009149181423708
5095,0.0009616484167054,0.0009616484167054
5096,0.0010162955150008,0.0010162955150008
5097,0.0009175525628961,0.0009175525628961
5098,0.0009762484114617,0.0009762484114617
5099,0.0009255815530195,0.0009255815530195
5100,0.0009860605932772,0.0009860605932772
5101,0.0009617609903216,0.0009617609903216
5102,0.0009865361498668,0.0009865361498668
5103,0.0009834114462137,0.0009834114462137
5104,0.0009101064060814,0.0009101064060814
5105,0.0009497739374637,0.0009497739374637
5106,0.0008764119702391,0.0008764119702391
5107,0.0009591993875801,0.0009591993875801
5108,0.0009385994635522,0.0009385994635522
5109,0.0008915180223993,0.0008915180223993
5110,0.0009263374377042,0.0009263374377042
5111,0.0009709566948004,0.0009709566948004
5112,0.0008632430108264,0.0008632430108264
5113,0.0009916273411363,0.0009916273411363
5114,0.0008523070719093,0.0008523070719093
5115,0.0009422121220268,0.0009422121220268
5116,0.0009208811679854,0.0009208811679854
5117,0.0010396862635388,0.0010396862635388
5118,0.0010408699745312,0.0010408699745312
5119,0.0009454169194214,0.0009454169194214
5120,0.0009575480944477,0.0009575480944477
5121,0.0009989906102418,0.0009989906102418
5122,0.001022032694891,0.001022032694891
5123,0.0009428433259017,0.0009428433259017
5124,0.0008372863521799,0.0008372863521799
5125,0.0009179401095025,0.0009179401095025
5126,0.0010395124554634,0.0010395124554634
5127,0.0010263537988066,0.0010263537988066
5128,0.0009864871390163,0.0009864871390163
5129,0.0009430209174752,0.0009430209174752
5130,0.0009616170427761,0.0009616170427761
5131,0.0009502604370936,0.0009502604370936
5132,0.0009506614878773,0.0009506614878773
5133,0.0009700357331894,0.0009700357331894
5134,0.0010044733062386,0.0010044733062386
5135,0.0009504374465905,0.0009504374465905
5136,0.0009648308623582,0.0009648308623582
5137,0.0009941833559423,0.0009941833559423
5138,0.0010086372494697,0.0010086372494697
5139,0.0010056718019768,0.0010056718019768
5140,0.0010340644512325,0.0010340644512325
5141,0.000950479065068,0.000950479065068
5142,0.0010240422561764,0.0010240422561764
5143,0.0009084517951123,0.0009084517951123
5144,0.0009429084602743,0.0009429084602743
5145,0.0009453983511775,0.0009453983511775
5146,0.0009992172708734,0.0009992172708734
5147,0.0010062234941869,0.0010062234941869
5148,0.0010153555776923,0.0010153555776923
5149,0.0010084437672048,0.0010084437672048
5150,0.0009625399834476,0.0009625399834476
5151,0.0009602453210391,0.0009602453210391
5152,0.0009420760907232,0.0009420760907232
5153,0.001008229330182,0.001008229330182
5154,0.0010247562313452,0.0010247562313452
5155,0.0010011313715949,0.0010011313715949
5156,0.0009985764045268,0.0009985764045268
5157,0.0010346885537728,0.0010346885537728
5158,0.0009645959944464,0.0009645959944464
5159,0.0010727270273491,0.0010727270273491
5160,0.0009739362867549,0.0009739362867549
5161,0.0009986693039536,0.0009986693039536
5162,0.0010168890003114,0.0010168890003114
5163,0.0010072666918858,0.0010072666918858
5164,0.0009533901466056,0.0009533901466056
5165,0.0009973654523491,0.0009973654523491
5166,0.0009671243606135,0.0009671243606135
5167,0.0009019991266541,0.0009019991266541
5168,0.0009872285882011,0.0009872285882011
5169,0.0010510710999369,0.0010510710999369
5170,0.0010343932081013,0.0010343932081013
5171,0.0008993108640424,0.0008993108640424
5172,0.0009882503654807,0.0009882503654807
5173,0.0008865511626936,0.0008865511626936
5174,0.0009251020383089,0.0009251020383089
5175,0.0009955642744898,0.0009955642744898
5176,0.0009431726066395,0.0009431726066395
5177,0.0009798837127164,0.0009798837127164
5178,0.0009312428883276,0.0009312428883276
5179,0.0009172217105515,0.0009172217105515
5180,0.0009594932780601,0.0009594932780601
5181,0.0010037820320576,0.0010037820320576
5182,0.0009356425725854,0.0009356425725854
5183,0.0009927318897098,0.0009927318897098
5184,0.0010181288234889,0.0010181288234889
5185,0.0009536729194223,0.0009536729194223
5186,0.0009926907951012,0.0009926907951012
5187,0.0010012516286224,0.0010012516286224
5188,0.0009793596109375,0.0009793596109375
5189,0.0009337753872387,0.0009337753872387
5190,0.001024350291118,0.001024350291118
5191,0.0008768806583248,0.0008768806583248
5192,0.0009496946586295,0.0009496946586295
5193,0.0009178101317957,0.0009178101317957
5194,0.000958175281994,0.000958175281994
5195,0.0009523751796223,0.0009523751796223
5196,0.0009786554146558,0.0009786554146558
5197,0.0010157243814319,0.0010157243814319
5198,0.0009981311159208,0.0009981311159208
5199,0.0009977167937904,0.0009977167937904
5200,0.0009721895330585,0.0009721895330585
5201,0.001000570366159,0.001000570366159
5202,0.0010066668037325,0.0010066668037325
5203,0.0009453181410208,0.0009453181410208
5204,0.000964872597251,0.000964872597251
5205,0.0009643245139159,0.0009643245139159
5206,0.0009746408904902,0.0009746408904902
5207,0.000921341474168,0.000921341474168
5208,0.0009974794229492,0.0009974794229492
5209,0.0008826047414913,0.0008826047414913
5210,0.0009051997913047,0.0009051997913047
5211,0.0009765707654878,0.0009765707654878
5212,0.0009952938416972,0.0009952938416972
5213,0.0010223408462479,0.0010223408462479
5214,0.000963419675827,0.000963419675827
5215,0.0008654303383082,0.0008654303383082
5216,0.000989168533124,0.000989168533124
5217,0.0010124943219125,0.0010124943219125
5218,0.0009720607777126,0.0009720607777126
5219,0.0009726390708237,0.0009726390708237
5220,0.000964070612099,0.000964070612099
5221,0.0009723498369567,0.0009723498369567
5222,0.000952805916313,0.000952805916313
5223,0.0009086041245609,0.0009086041245609
5224,0.0009277876815758,0.0009277876815758
5225,0.0009387159370817,0.0009387159370817
5226,0.0009178213076665,0.0009178213076665
5227,0.0009326696163043,0.0009326696163043
5228,0.0009712870814837,0.0009712870814837
5229,0.0010039955377578,0.0010039955377578
5230,0.0008794727618806,0.0008794727618806
5231,0.0009543757769279,0.0009543757769279
5232,0.0009714757907204,0.0009714757907204
5233,0.0009009583736769,0.0009009583736769
5234,0.0008936522644944,0.0008936522644944
5235,0.0010619049426168,0.0010619049426168
5236,0.0010108209680765,0.0010108209680765
5237,0.0009659582865424,0.0009659582865424
5238,0.0009503891342319,0.0009503891342319
5239,0.0008867307333275,0.0008867307333275
5240,0.001098605338484,0.001098605338484
5241,0.0010665385052561,0.0010665385052561
5242,0.0009575160220265,0.0009575160220265
5243,0.0009634824236854,0.0009634824236854
5244,0.0009562152554281,0.0009562152554281
5245,0.0008711001137271,0.0008711001137271
5246,0.0010333564132452,0.0010333564132452
5247,0.0009106323122978,0.0009106323122978
5248,0.00098699668888,0.00098699668888
5249,0.000903834355995,0.000903834355995
5250,0.0009600592893548,0.0009600592893548
5251,0.0009025665349327,0.0009025665349327
5252,0.0009623591322451,0.0009623591322451
5253,0.0009272949537262,0.0009272949537262
5254,0.0008740196935832,0.0008740196935832
5255,0.0009702129173092,0.0009702129173092
5256,0.0009467430645599,0.0009467430645599
5257,0.0008508054888807,0.0008508054888807
5258,0.0009946080390363,0.0009946080390363
5259,0.0010376686695963,0.0010376686695963
5260,0.0009813077049329,0.0009813077049329
5261,0.0009191244025714,0.0009191244025714
5262,0.0009351664339192,0.0009351664339192
5263,0.0009679915965534,0.0009679915965534
5264,0.0009536769357509,0.0009536769357509
5265,0.0009762026020325,0.0009762026020325
5266,0.0009223189554177,0.0009223189554177
5267,0.000954350514803,0.000954350514803
5268,0.0009877997217699,0.0009877997217699
5269,0.0009765748400241,0.0009765748400241
5270,0.0009709944715723,0.0009709944715723
5271,0.0010276364628225,0.0010276364628225
5272,0.0010333725949749,0.0010333725949749
5273,0.0009484558249823,0.0009484558249823
5274,0.0009339826647192,0.0009339826647192
5275,0.0009054317488335,0.0009054317488335
5276,0.0010582513641566,0.0010582513641566
5277,0.0009768637828528,0.0009768637828528
5278,0.000933882954996,0.000933882954996
5279,0.0009928074432536,0.0009928074432536
5280,0.0009943901095539,0.0009943901095539
5281,0.0009992907289415,0.0009992907289415
5282,0.0010225104633718,0.0010225104633718
5283,0.000907264300622,0.000907264300622
5284,0.0010059743653982,0.0010059743653982
5285,0.000949376146309,0.000949376146309
5286,0.000966029241681,0.000966029241681
5287,0.0009303983533754,0.0009303983533754
5288,0.0009113284759223,0.0009113284759223
5289,0.0008271946571767,0.0008271946571767
5290,0.0010457215830683,0.0010457215830683
5291,0.0009981859475374,0.0009981859475374
5292,0.0009042567107826,0.0009042567107826
5293,0.0009511261596344,0.0009511261596344
5294,0.0010028713149949,0.0010028713149949
5295,0.0009318247903138,0.0009318247903138
5296,0.0009350434993393,0.0009350434993393
5297,0.0010621743276715,0.0010621743276715
5298,0.0008994512609206,0.0008994512609206
5299,0.0009646371472626,0.0009646371472626
5300,0.0009582305792719,0.0009582305792719
5301,0.0009996121516451,0.0009996121516451
5302,0.0009485578630119,0.0009485578630119
5303,0.0009360839612782,0.0009360839612782
5304,0.00089312705677,0.00089312705677
5305,0.0009884776081889,0.0009884776081889
5306,0.0010369983501732,0.0010369983501732
5307,0.0009372585336677,0.0009372585336677
5308,0.0009500797605141,0.0009500797605141
5309,0.0009326922590844,0.0009326922590844
5310,0.0009692172752693,0.0009692172752693
5311,0.0010227031307294,0.0010227031307294
5312,0.0009616618626751,0.0009616618626751
5313,0.0011243873741477,0.0011243873741477
5314,0.0009064682526513,0.0009064682526513
5315,0.0009288271539844,0.0009288271539844
5316,0.0009352475753985,0.0009352475753985
5317,0.0008986382745206,0.0008986382745206
5318,0.0009314866038039,0.0009314866038039
5319,0.0009171243873424,0.0009171243873424
5320,0.0009822978172451,0.0009822978172451
5321,0.0009748525335453,0.0009748525335453
5322,0.0009882473386824,0.0009882473386824
5323,0.0009531565010547,0.0009531565010547
5324,0.0009964671917259,0.0009964671917259
5325,0.0009059160365723,0.0009059160365723
5326,0.0009691392770037,0.0009691392770037
5327,0.0009469830547459,0.0009469830547459
5328,0.0010502573568373,0.0010502573568373
5329,0.0010684233857318,0.0010684233857318
5330,0.0009706125129014,0.0009706125129014
5331,0.0010109196882694,0.0010109196882694
5332,0.0009403927251696,0.0009403927251696
5333,0.0008939276449382,0.0008939276449382
5334,0.0010283737210556,0.0010283737210556
5335,0.0009910007938742,0.0009910007938742
5336,0.0009449904900975,0.0009449904900975
5337,0.0009337675292044,0.0009337675292044
5338,0.0009297680226154,0.0009297680226154
5339,0.0009248736314475,0.0009248736314475
5340,0.000961612269748,0.000961612269748
5341,0.000988591229543,0.000988591229543
5342,0.0009415305685251,0.0009415305685251
5343,0.0010410031536594,0.0010410031536594
5344,0.0009192192810587,0.0009192192810587
5345,0.0009048473439179,0.0009048473439179
5346,0.000941117585171,0.000941117585171
5347,0.001024471479468,0.001024471479468
5348,0.000981893739663,0.000981893739663
5349,0.0009190152049995,0.0009190152049995
5350,0.0008652684045955,0.0008652684045955
5351,0.0009496547863818,0.0009496547863818
5352,0.0009881071746349,0.0009881071746349
5353,0.0009975936263799,0.0009975936263799
5354,0.0008710594265721,0.0008710594265721
5355,0.0009629496489651,0.0009629496489651
5356,0.0009730727178975,0.0009730727178975
5357,0.0009121928014792,0.0009121928014792
5358,0.0010151981841772,0.0010151981841772
5359,0.0009643058292567,0.0009643058292567
5360,0.001028747530654,0.001028747530654
5361,0.0009727178839966,0.0009727178839966
5362,0.0009943863842636,0.0009943863842636
5363,0.0009468227508477,0.0009468227508477
5364,0.0010565308621153,0.0010565308621153
5365,0.0009412562358193,0.0009412562358193
5366,0.0008882032707333,0.0008882032707333
5367,0.0009339560638181,0.0009339560638181
5368,0.0008701795595698,0.0008701795595698
5369,0.0009715104824863,0.0009715104824863
5370,0.0009821059647947,0.0009821059647947
5371,0.0009627413237467,0.0009627413237467
5372,0.000956441857852,0.000956441857852
5373,0.0009253619937226,0.0009253619937226
5374,0.000971456291154,0.000971456291154
5375,0.00092120654881,0.00092120654881
5376,0.001037634559907,0.001037634559907
5377,0.0009464251925237,0.0009464251925237
5378,0.0008826758130453,0.0008826758130453
5379,0.0009461717563681,0.0009461717563681
5380,0.0009523556218482,0.0009523556218482
5381,0.0009168789256364,0.0009168789256364
5382,0.0009206184768117,0.0009206184768117
5383,0.0009702637908048,0.0009702637908048
5384,0.0010855179280042,0.0010855179280042
5385,0.0009482917375862,0.0009482917375862
5386,0.0010140727972611,0.0010140727972611
5387,0.0009358283132314,0.0009358283132314
5388,0.0009915234986692,0.0009915234986692
5389,0.0009276792407035,0.0009276792407035
5390,0.0009589012479409,0.0009589012479409
5391,0.0009377507376484,0.0009377507376484
5392,0.0010022304486483,0.0010022304486483
5393,0.0010048787808045,0.0010048787808045
5394,0.0010016248561441,0.0010016248561441
5395,0.0009506757487542,0.0009506757487542
5396,0.0009241359075531,0.0009241359075531
5397,0.0010063317604362,0.0010063317604362
5398,0.0009639093768782,0.0009639093768782
5399,0.000883566099219,0.000883566099219
5400,0.0009685567347332,0.0009685567347332
5401,0.000999845098704,0.000999845098704
5402,0.0009780614636838,0.0009780614636838
5403,0.0010237966198474,0.0010237966198474
5404,0.0008908452000468,0.0008908452000468
5405,0.000976919545792,0.000976919545792
5406,0.0009427976328879,0.0009427976328879
5407,0.0008887656731531,0.0008887656731531
5408,0.0009974812855944,0.0009974812855944
5409,0.0009232495212927,0.0009232495212927
5410,0.0010040162596851,0.0010040162596851
5411,0.001009099651128,0.001009099651128
5412,0.0009455705876462,0.0009455705876462
5413,0.0009734803461469,0.0009734803461469
5414,0.0009078732109628,0.0009078732109628
5415,0.000930406677071,0.000930406677071
5416,0.000970704422798,0.000970704422798
5417,0.0009742621332406,0.0009742621332406
5418,0.0010083513334393,0.0010083513334393
5419,0.0009936795104295,0.0009936795104295
5420,0.0008977762190625,0.0008977762190625
5421,0.0010010934202,0.0010010934202
5422,0.0010254255030304,0.0010254255030304
5423,0.0010038922773674,0.0010038922773674
5424,0.000923930783756,0.000923930783756
5425,0.0009461647132411,0.0009461647132411
5426,0.0009533304837532,0.0009533304837532
5427,0.0008952314965426,0.0008952314965426
5428,0.0009220690699294,0.0009220690699294
5429,0.0009249982540495,0.0009249982540495
5430,0.0009332297486253,0.0009332297486253
5431,0.0010166101856157,0.0010166101856157
5432,0.0009526421199552,0.0009526421199552
5433,0.0009351926273666,0.0009351926273666
5434,0.0009755128412507,0.0009755128412507
5435,0.00100325839594,0.00100325839594
5436,0.0008679183665663,0.0008679183665663
5437,0.0010005712974816,0.0010005712974816
5438,0.0010131504386663,0.0010131504386663
5439,0.0009730737656354,0.0009730737656354
5440,0.0010050246492028,0.0010050246492028
5441,0.0009558223537169,0.0009558223537169
5442,0.000988864689134,0.000988864689134
5443,0.0009157311869785,0.0009157311869785
5444,0.0009252343443222,0.0009252343443222
5445,0.0009784181602299,0.0009784181602299
5446,0.0009606588864699,0.0009606588864699
5447,0.0009787023300305,0.0009787023300305
5448,0.0010285396128892,0.0010285396128892
5449,0.0008904684218578,0.0008904684218578
5450,0.0009777934756129,0.0009777934756129
5451,0.0009901884477585,0.0009901884477585
5452,0.0008745190571062,0.0008745190571062
5453,0.0009621129138395,0.0009621129138395
5454,0.000941964040976,0.000941964040976
5455,0.0009400614071637,0.0009400614071637
5456,0.0009104956989176,0.0009104956989176
5457,0.0009370932821184,0.0009370932821184
5458,0.0010181576944887,0.0010181576944887
5459,0.0010539323557168,0.0010539323557168
5460,0.0009711431921459,0.0009711431921459
5461,0.0009727518772706,0.0009727518772706
5462,0.0009407763718627,0.0009407763718627
5463,0.0009658241760917,0.0009658241760917
5464,0.0009587770910002,0.0009587770910002
5465,0.000998260336928,0.000998260336928
5466,0.0010344361653551,0.0010344361653551
5467,0.0009255249169655,0.0009255249169655
5468,0.0009808740578591,0.0009808740578591
5469,0.0009623490041121,0.0009623490041121
5470,0.000962509366218,0.000962509366218
5471,0.0009557285811752,0.0009557285811752
5472,0.0009050633525475,0.0009050633525475
5473,0.0010703783482313,0.0010703783482313
5474,0.0009442423470318,0.0009442423470318
5475,0.0010016302112489,0.0010016302112489
5476,0.0009542821208015,0.0009542821208015
5477,0.00094184523914,0.00094184523914
5478,0.0009344864520244,0.0009344864520244
5479,0.0009897944983094,0.0009897944983094
5480,0.0010204793652519,0.0010204793652519
5481,0.0009704576223157,0.0009704576223157
5482,0.0009151943959295,0.0009151943959295
5483,0.0009368478204123,0.0009368478204123
5484,0.0009636956383474,0.0009636956383474
5485,0.000965814338997,0.000965814338997
5486,0.0009039439028128,0.0009039439028128
5487,0.0008472006302326,0.0008472006302326
5488,0.0009586115484125,0.0009586115484125
5489,0.0009629042469896,0.0009629042469896
5490,0.0008923129062168,0.0008923129062168
5491,0.000970528461039,0.000970528461039
5492,0.0009235425968654,0.0009235425968654
5493,0.0009112004772759,0.0009112004772759
5494,0.0009835856035351,0.0009835856035351
5495,0.0009537074947729,0.0009537074947729
5496,0.0008894695201888,0.0008894695201888
5497,0.0010173249756917,0.0010173249756917
5498,0.0009725576965138,0.0009725576965138
5499,0.0010473236907273,0.0010473236907273
5500,0.0009381286799907,0.0009381286799907
5501,0.0009522035834379,0.0009522035834379
5502,0.0010549656581133,0.0010549656581133
5503,0.0010471350979059,0.0010471350979059
5504,0.0009344003046862,0.0009344003046862
5505,0.000910279166419,0.000910279166419
5506,0.0009481856250204,0.0009481856250204
5507,0.0009299671510234,0.0009299671510234
5508,0.0010366030037403,0.0010366030037403
5509,0.0009272038587369,0.0009272038587369
5510,0.000873006414622,0.000873006414622
5511,0.0009325111750513,0.0009325111750513
5512,0.0009092902182601,0.0009092902182601
5513,0.0010122255189344,0.0010122255189344
5514,0.0009195927996188,0.0009195927996188
5515,0.0008721075137145,0.0008721075137145
5516,0.0009773396886885,0.0009773396886885
5517,0.0008931269403547,0.0008931269403547
5518,0.0009376662783324,0.0009376662783324
5519,0.0010086371330544,0.0010086371330544
5520,0.0010325007606297,0.0010325007606297
5521,0.0009101892937906,0.0009101892937906
5522,0.0009897178970277,0.0009897178970277
5523,0.0010877893073484,0.0010877893073484
5524,0.000977449119091,0.000977449119091
5525,0.0009508938528597,0.0009508938528597
5526,0.0010377044091001,0.0010377044091001
5527,0.0009331227629445,0.0009331227629445
5528,0.0008737712632864,0.0008737712632864
5529,0.0009790295735001,0.0009790295735001
5530,0.0009258278296329,0.0009258278296329
5531,0.0010265209712088,0.0010265209712088
5532,0.0009656136389821,0.0009656136389821
5533,0.0009026659536175,0.0009026659536175
5534,0.0008963418658822,0.0008963418658822
5535,0.000998769653961,0.000998769653961
5536,0.0009190474520437,0.0009190474520437
5537,0.0009864480234682,0.0009864480234682
5538,0.0010074914898723,0.0010074914898723
5539,0.0009878122946247,0.0009878122946247
5540,0.0010144127300009,0.0010144127300009
5541,0.001030454528518,0.001030454528518
5542,0.00097555690445,0.00097555690445
5543,0.0008781586075201,0.0008781586075201
5544,0.0009498407598584,0.0009498407598584
5545,0.0009060322772711,0.0009060322772711
5546,0.0009955309797078,0.0009955309797078
5547,0.0009734166669659,0.0009734166669659
5548,0.0009303151164203,0.0009303151164203
5549,0.0010011937702074,0.0010011937702074
5550,0.0010395343415439,0.0010395343415439
5551,0.0009119649184867,0.0009119649184867
5552,0.000953693583142,0.000953693583142
5553,0.0009429263300262,0.0009429263300262
5554,0.0008790376014076,0.0008790376014076
5555,0.0009021473233588,0.0009021473233588
5556,0.0008986015454865,0.0008986015454865
5557,0.0008968794136308,0.0008968794136308
5558,0.0010202866978943,0.0010202866978943
5559,0.0009198384359478,0.0009198384359478
5560,0.001003606012091,0.001003606012091
5561,0.0009046321501955,0.0009046321501955
5562,0.0008933130884543,0.0008933130884543
5563,0.0009808496106415,0.0009808496106415
5564,0.0010169496526941,0.0010169496526941
5565,0.0009710201993584,0.0009710201993584
5566,0.0009431279031559,0.0009431279031559
5567,0.0008992489892989,0.0008992489892989
5568,0.0009991255355998,0.0009991255355998
5569,0.0008734798175282,0.0008734798175282
5570,0.0010084552923217,0.0010084552923217
5571,0.0009497941937297,0.0009497941937297
5572,0.0009595957817509,0.0009595957817509
5573,0.0009513290133327,0.0009513290133327
5574,0.0010389490053057,0.0010389490053057
5575,0.0010552988387644,0.0010552988387644
5576,0.0010135513730347,0.0010135513730347
5577,0.0009433919331058,0.0009433919331058
5578,0.0009343343554064,0.0009343343554064
5579,0.0009919549338519,0.0009919549338519
5580,0.0009734524646773,0.0009734524646773
5581,0.0009617317700758,0.0009617317700758
5582,0.000972069625277,0.000972069625277
5583,0.0008754994487389,0.0008754994487389
5584,0.0009890622459352,0.0009890622459352
5585,0.0009413158986717,0.0009413158986717
5586,0.0009258156642317,0.0009258156642317
5587,0.0009596699383109,0.0009596699383109
5588,0.0009880973957479,0.0009880973957479
5589,0.0010050735436379,0.0010050735436379
5590,0.0009344023419544,0.0009344023419544
5591,0.0009220631909556,0.0009220631909556
5592,0.0009917749557644,0.0009917749557644
5593,0.0009166579111479,0.0009166579111479
5594,0.0009403084404766,0.0009403084404766
5595,0.0010034404695034,0.0010034404695034
5596,0.0009372234926559,0.0009372234926559
5597,0.0010117881465703,0.0010117881465703
5598,0.0010192893678322,0.0010192893678322
5599,0.0009109348175115,0.0009109348175115
5600,0.0009152310085482,0.0009152310085482
5601,0.0009423205046914,0.0009423205046914
5602,0.0009370360057801,0.0009370360057801
5603,0.0009716357453726,0.0009716357453726
5604,0.0009799008257687,0.0009799008257687
5605,0.0009200605563819,0.0009200605563819
5606,0.0009800757979974,0.0009800757979974
5607,0.0009813621873036,0.0009813621873036
5608,0.0009899374563246,0.0009899374563246
5609,0.0009898048592731,0.0009898048592731
5610,0.0009754971833899,0.0009754971833899
5611,0.0010210840264335,0.0010210840264335
5612,0.0009251808514818,0.0009251808514818
5613,0.0009161613415926,0.0009161613415926
5614,0.0009660512441769,0.0009660512441769
5615,0.001005214639008,0.001005214639008
5616,0.0009743779664859,0.0009743779664859
5617,0.0009696765337139,0.0009696765337139
5618,0.0009460565634071,0.0009460565634071
5619,0.0009179711923934,0.0009179711923934
5620,0.0009664824465289,0.0009664824465289
5621,0.0009591263369657,0.0009591263369657
5622,0.0009562235791236,0.0009562235791236
5623,0.0008954830700531,0.0008954830700531
5624,0.0009892435045912,0.0009892435045912
5625,0.0009296133648604,0.0009296133648604
5626,0.0009618765907362,0.0009618765907362
5627,0.0009642574004828,0.0009642574004828
5628,0.0009561684564687,0.0009561684564687
5629,0.0009213333250954,0.0009213333250954
5630,0.0009811546187847,0.0009811546187847
5631,0.0008825747063383,0.0008825747063383
5632,0.0009991008555516,0.0009991008555516
5633,0.0008941404521465,0.0008941404521465
5634,0.0009565145010128,0.0009565145010128
5635,0.0009675670880824,0.0009675670880824
5636,0.0009748059674166,0.0009748059674166
5637,0.000859671505168,0.000859671505168
5638,0.0010866759112104,0.0010866759112104
5639,0.0009468011558055,0.0009468011558055
5640,0.0009389148908667,0.0009389148908667
5641,0.0009509267983958,0.0009509267983958
5642,0.000922905979678,0.000922905979678
5643,0.0008845578413456,0.0008845578413456
5644,0.0009498835424892,0.0009498835424892
5645,0.0010115273762494,0.0010115273762494
5646,0.0009976250585168,0.0009976250585168
5647,0.0009952352847903,0.0009952352847903
5648,0.0009181530331261,0.0009181530331261
5649,0.0009760713437572,0.0009760713437572
5650,0.0009085772326216,0.0009085772326216
5651,0.0009444940369576,0.0009444940369576
5652,0.0009540287428535,0.0009540287428535
5653,0.0009226647089235,0.0009226647089235
5654,0.0009439614950679,0.0009439614950679
5655,0.0009361219126731,0.0009361219126731
5656,0.0009268908761441,0.0009268908761441
5657,0.0009628115221858,0.0009628115221858
5658,0.0009687495767138,0.0009687495767138
5659,0.000973773363512,0.000973773363512
5660,0.0009928153594955,0.0009928153594955
5661,0.0008929520263336,0.0008929520263336
5662,0.0009032171801663,0.0009032171801663
5663,0.0009242024389095,0.0009242024389095
5664,0.0009463991736993,0.0009463991736993
5665,0.0009390747291035,0.0009390747291035
5666,0.0009161079069599,0.0009161079069599
5667,0.0009197886683978,0.0009197886683978
5668,0.0008783717057667,0.0008783717057667
5669,0.0009410034399479,0.0009410034399479
5670,0.000919462647289,0.000919462647289
5671,0.0009296569623984,0.0009296569623984
5672,0.0009557953453622,0.0009557953453622
5673,0.0009775110520422,0.0009775110520422
5674,0.0009994870051741,0.0009994870051741
5675,0.000925212574657,0.000925212574657
5676,0.0009473233949393,0.0009473233949393
5677,0.0009109650272876,0.0009109650272876
5678,0.0009781186236068,0.0009781186236068
5679,0.0009246790432371,0.0009246790432371
5680,0.0010015608277171,0.0010015608277171
5681,0.0009311857284046,0.0009311857284046
5682,0.0009750974713824,0.0009750974713824
5683,0.0009420049027539,0.0009420049027539
5684,0.0009157766471616,0.0009157766471616
5685,0.000893953081686,0.000893953081686
5686,0.0009418703266419,0.0009418703266419
5687,0.0009785287547856,0.0009785287547856
5688,0.0009988544043153,0.0009988544043153
5689,0.0009103915072046,0.0009103915072046
5690,0.0009237661142833,0.0009237661142833
5691,0.0009869642090052,0.0009869642090052
5692,0.0008780170464888,0.0008780170464888
5693,0.0009304588311351,0.0009304588311351
5694,0.0009321965044364,0.0009321965044364
5695,0.000933984236326,0.000933984236326
5696,0.0009616179158911,0.0009616179158911
5697,0.0009463872411288,0.0009463872411288
5698,0.0008683304768055,0.0008683304768055
5699,0.0009114710264839,0.0009114710264839
5700,0.0008842629031278,0.0008842629031278
5701,0.0010262328432872,0.0010262328432872
5702,0.0009605336235836,0.0009605336235836
5703,0.0008971876231953,0.0008971876231953
5704,0.0009682364761829,0.0009682364761829
5705,0.0009511537500657,0.0009511537500657
5706,0.000901790917851,0.000901790917851
5707,0.0009867514017969,0.0009867514017969
5708,0.0009685091208666,0.0009685091208666
5709,0.0009799086255952,0.0009799086255952
5710,0.0009822357678785,0.0009822357678785
5711,0.0008660894236527,0.0008660894236527
5712,0.0010557401692494,0.0010557401692494
5713,0.0010139651130884,0.0010139651130884
5714,0.0010079452767968,0.0010079452767968
5715,0.0009516741265542,0.0009516741265542
5716,0.0008948688046075,0.0008948688046075
5717,0.000930203415919,0.000930203415919
5718,0.0009382999269291,0.0009382999269291
5719,0.001048898557201,0.001048898557201
5720,0.0009251713636331,0.0009251713636331
5721,0.0009431075886823,0.0009431075886823
5722,0.0009189234115183,0.0009189234115183
5723,0.0008986971806734,0.0008986971806734
5724,0.0009971561376005,0.0009971561376005
5725,0.0009641757933422,0.0009641757933422
5726,0.0009066725033335,0.0009066725033335
5727,0.0009312999318353,0.0009312999318353
5728,0.000930932117626,0.000930932117626
5729,0.0009734746417962,0.0009734746417962
5730,0.0009686148841865,0.0009686148841865
5731,0.0009687423007562,0.0009687423007562
5732,0.0010143291437998,0.0010143291437998
5733,0.0009723245748318,0.0009723245748318
5734,0.0009077986469492,0.0009077986469492
5735,0.0009865402244031,0.0009865402244031
5736,0.0009626491810195,0.0009626491810195
5737,0.0009505143389105,0.0009505143389105
5738,0.000870791322086,0.000870791322086
5739,0.0010586151620373,0.0010586151620373
5740,0.0009620856144465,0.0009620856144465
5741,0.0010038064792752,0.0010038064792752
5742,0.0009496989077888,0.0009496989077888
5743,0.0010094274766743,0.0010094274766743
5744,0.001002135220915,0.001002135220915
5745,0.0009476118138991,0.0009476118138991
5746,0.0009201496723107,0.0009201496723107
5747,0.0009204019443131,0.0009204019443131
5748,0.0009794041980057,0.0009794041980057
5749,0.0009281061938963,0.0009281061938963
5750,0.0009225542307831,0.0009225542307831
5751,0.0009066700004041,0.0009066700004041
5752,0.0009564257925376,0.0009564257925376
5753,0.0009565453510731,0.0009565453510731
5754,0.0008800834184512,0.0008800834184512
5755,0.0009648922714404,0.0009648922714404
5756,0.0008932903292588,0.0008932903292588
5757,0.0009915506234392,0.0009915506234392
5758,0.0009923500474542,0.0009923500474542
5759,0.000864228408318,0.000864228408318
5760,0.001018218928948,0.001018218928948
5761,0.0009488734649494,0.0009488734649494
5762,0.0009557603043504,0.0009557603043504
5763,0.000961338460911,0.000961338460911
5764,0.0009364942088723,0.0009364942088723
5765,0.0009969971142709,0.0009969971142709
5766,0.0010103258537128,0.0010103258537128
5767,0.0009648543782532,0.0009648543782532
5768,0.0009582666680216,0.0009582666680216
5769,0.000983505975455,0.000983505975455
5770,0.0009814826771616,0.0009814826771616
5771,0.0009541718754917,0.0009541718754917
5772,0.0009805047884583,0.0009805047884583
5773,0.0009691139566712,0.0009691139566712
5774,0.0009247094858437,0.0009247094858437
5775,0.0010071150027215,0.0010071150027215
5776,0.0009370835032314,0.0009370835032314
5777,0.0009966663783416,0.0009966663783416
5778,0.0009560032049193,0.0009560032049193
5779,0.0009104319033212,0.0009104319033212
5780,0.0009068814688362,0.0009068814688362
5781,0.0009699913207441,0.0009699913207441
5782,0.001053552608937,0.001053552608937
5783,0.0008816680056042,0.0008816680056042
5784,0.0009537752484902,0.0009537752484902
5785,0.0009796898812055,0.0009796898812055
5786,0.0009793250355869,0.0009793250355869
5787,0.0009568798122927,0.0009568798122927
5788,0.0009222571388818,0.0009222571388818
5789,0.0009730746387504,0.0009730746387504
5790,0.0010408706730231,0.0010408706730231
5791,0.0010229096515104,0.0010229096515104
5792,0.0010135128395631,0.0010135128395631
5793,0.0008594112587161,0.0008594112587161
5794,0.0010152697796002,0.0010152697796002
5795,0.0009833249496296,0.0009833249496296
5796,0.0009162251953966,0.0009162251953966
5797,0.0009301133686676,0.0009301133686676
5798,0.0009626805549487,0.0009626805549487
5799,0.0009279001969844,0.0009279001969844
5800,0.0010005069198086,0.0010005069198086
5801,0.0010155393974855,0.0010155393974855
5802,0.000926990294829,0.000926990294829
5803,0.0009761780966073,0.0009761780966073
5804,0.0009654341265559,0.0009654341265559
5805,0.0010206649312749,0.0010206649312749
5806,0.0009134580614045,0.0009134580614045
5807,0.0009546837536618,0.0009546837536618
5808,0.0008895026985555,0.0008895026985555
5809,0.000959763303399,0.000959763303399
5810,0.0009929988300427,0.0009929988300427
5811,0.0009677631314843,0.0009677631314843
5812,0.0009849526686593,0.0009849526686593
5813,0.0009108676458708,0.0009108676458708
5814,0.0009942449396476,0.0009942449396476
5815,0.0010119548533111,0.0010119548533111
5816,0.0009285315754823,0.0009285315754823
5817,0.000958549848292,0.000958549848292
5818,0.0009851907379925,0.0009851907379925
5819,0.0010009421966969,0.0010009421966969
5820,0.0010148476576432,0.0010148476576432
5821,0.0009705192642286,0.0009705192642286
5822,0.0010276021203026,0.0010276021203026
5823,0.0010142340324819,0.0010142340324819
5824,0.0009320257231593,0.0009320257231593
5825,0.0008855192572809,0.0008855192572809
5826,0.0010105776600539,0.0010105776600539
5827,0.00093358597951,0.00093358597951
5828,0.0009190043783746,0.0009190043783746
5829,0.0010247119935229,0.0010247119935229
5830,0.0009183734073303,0.0009183734073303
5831,0.0009041851153597,0.0009041851153597
5832,0.0009779478423297,0.0009779478423297
5833,0.0009257706697098,0.0009257706697098
5834,0.000915702432394,0.000915702432394
5835,0.0009425184689462,0.0009425184689462
5836,0.0009180454071611,0.0009180454071611
5837,0.0010189344175159,0.0010189344175159
5838,0.0010149636073037,0.0010149636073037
5839,0.0009766384027898,0.0009766384027898
5840,0.0009285958949476,0.0009285958949476
5841,0.000935529184062,0.000935529184062
5842,0.0009419067646376,0.0009419067646376
5843,0.0009227455593645,0.0009227455593645
5844,0.0009144181967712,0.0009144181967712
5845,0.0009400139097124,0.0009400139097124
5846,0.0009680623770691,0.0009680623770691
5847,0.0010029801633208,0.0010029801633208
5848,0.000958647869993,0.000958647869993
5849,0.0009717858047224,0.0009717858047224
5850,0.0008975549135357,0.0008975549135357
5851,0.0009045584592968,0.0009045584592968
5852,0.0009531001560389,0.0009531001560389
5853,0.0009508336079306,0.0009508336079306
5854,0.0010121800005435,0.0010121800005435
5855,0.0009721280657686,0.0009721280657686
5856,0.0008768240222707,0.0008768240222707
5857,0.0010182601399719,0.0010182601399719
5858,0.0009271831950172,0.0009271831950172
5859,0.0009514592820778,0.0009514592820778
5860,0.0009539061575196,0.0009539061575196
5861,0.0009534607524983,0.0009534607524983
5862,0.0009881271980702,0.0009881271980702
5863,0.0009634149610064,0.0009634149610064
5864,0.000920902530197,0.000920902530197
5865,0.0010664388537406,0.0010664388537406
5866,0.0009354306384921,0.0009354306384921
5867,0.00099847628735,0.00099847628735
5868,0.0009947922080755,0.0009947922080755
5869,0.0010625955183058,0.0010625955183058
5870,0.0009449795470573,0.0009449795470573
5871,0.000952866510488,0.000952866510488
5872,0.0009001836879178,0.0009001836879178
5873,0.0008810421568341,0.0008810421568341
5874,0.000971301284153,0.000971301284153
5875,0.0009072158718481,0.0009072158718481
5876,0.0009297835640609,0.0009297835640609
5877,0.0009577137534506,0.0009577137534506
5878,0.0008688439265824,0.0008688439265824
5879,0.0009606294916011,0.0009606294916011
5880,0.0009892804082483,0.0009892804082483
5881,0.0009408348705619,0.0009408348705619
5882,0.000971428817138,0.000971428817138
5883,0.0009178759646601,0.0009178759646601
5884,0.0010120263323187,0.0010120263323187
5885,0.0009373250068165,0.0009373250068165
5886,0.0009198606130667,0.0009198606130667
5887,0.0009463829337619,0.0009463829337619
5888,0.000879795057699,0.000879795057699
5889,0.0010085200192406,0.0010085200192406
5890,0.000943410093896,0.000943410093896
5891,0.0009956731228157,0.0009956731228157
5892,0.0009405048913322,0.0009405048913322
5893,0.0009830108610913,0.0009830108610913
5894,0.000975590897724,0.000975590897724
5895,0.000928857771214,0.000928857771214
5896,0.000908511749003,0.000908511749003
5897,0.0009106802754104,0.0009106802754104
5898,0.0008958089747466,0.0008958089747466
5899,0.0009137974120676,0.0009137974120676
5900,0.0009972020052373,0.0009972020052373
5901,0.0009410798666067,0.0009410798666067
5902,0.0010177452350035,0.0010177452350035
5903,0.0009516641730442,0.0009516641730442
5904,0.0008962966967374,0.0008962966967374
5905,0.0009487040224485,0.0009487040224485
5906,0.0008865751442499,0.0008865751442499
5907,0.0009040826116688,0.0009040826116688
5908,0.0008640551823191,0.0008640551823191
5909,0.0009214669116772,0.0009214669116772
5910,0.0009239503415301,0.0009239503415301
5911,0.0009650263236835,0.0009650263236835
5912,0.0009643899975344,0.0009643899975344
5913,0.0009488833602517,0.0009488833602517
5914,0.0009202744695357,0.0009202744695357
5915,0.0008909013704396,0.0008909013704396
5916,0.0009680123184807,0.0009680123184807
5917,0.0008878823718987,0.0008878823718987
5918,0.0009847412584349,0.0009847412584349
5919,0.0009675917681306,0.0009675917681306
5920,0.0009826251771301,0.0009826251771301
5921,0.0009283684776164,0.0009283684776164
5922,0.000960219244007,0.000960219244007
5923,0.0009459593566134,0.0009459593566134
5924,0.0009225976536981,0.0009225976536981
5925,0.0008748184191063,0.0008748184191063
5926,0.0009488669456914,0.0009488669456914
5927,0.0009751503239385,0.0009751503239385
5928,0.0009507945505902,0.0009507945505902
5929,0.000953595037572,0.000953595037572
5930,0.0009431459475308,0.0009431459475308
5931,0.0009508410585112,0.0009508410585112
5932,0.0009875340620055,0.0009875340620055
5933,0.0010475718881934,0.0010475718881934
5934,0.0009973873384296,0.0009973873384296
5935,0.0009936429560184,0.0009936429560184
5936,0.0008885503048077,0.0008885503048077
5937,0.0009291461901739,0.0009291461901739
5938,0.0009800294646993,0.0009800294646993
5939,0.0009045073529705,0.0009045073529705
5940,0.0009779679821804,0.0009779679821804
5941,0.0009789376053959,0.0009789376053959
5942,0.0009842650033533,0.0009842650033533
5943,0.000977155053988,0.000977155053988
5944,0.0009566167136654,0.0009566167136654
5945,0.0009380506817251,0.0009380506817251
5946,0.0009877776028588,0.0009877776028588
5947,0.0009229068527929,0.0009229068527929
5948,0.0008953975629992,0.0008953975629992
5949,0.0009813574142754,0.0009813574142754
5950,0.0009581348276697,0.0009581348276697
5951,0.0009794197976589,0.0009794197976589
5952,0.0009340986143797,0.0009340986143797
5953,0.001008307095617,0.001008307095617
5954,0.000897375808563,0.000897375808563
5955,0.0009876625845208,0.0009876625845208
5956,0.0009478506399318,0.0009478506399318
5957,0.0009670134750194,0.0009670134750194
5958,0.0010247669415548,0.0010247669415548
5959,0.0010026842355728,0.0010026842355728
5960,0.0009685057448223,0.0009685057448223
5961,0.0008699427708052,0.0008699427708052
5962,0.0009478738647885,0.0009478738647885
5963,0.0010229123290628,0.0010229123290628
5964,0.0009370364714413,0.0009370364714413
5965,0.0009701391682028,0.0009701391682028
5966,0.0009453989332541,0.0009453989332541
5967,0.0009876112453639,0.0009876112453639
5968,0.0009135528816841,0.0009135528816841
5969,0.0008547388133592,0.0008547388133592
5970,0.0009063862962648,0.0009063862962648
5971,0.0009288472356274,0.0009288472356274
5972,0.0009815859375521,0.0009815859375521
5973,0.0009769095340743,0.0009769095340743
5974,0.0009735855855979,0.0009735855855979
5975,0.0009762214613147,0.0009762214613147
5976,0.0008967405883595,0.0008967405883595
5977,0.0009728624136187,0.0009728624136187
5978,0.0009102057083509,0.0009102057083509
5979,0.0009401791030541,0.0009401791030541
5980,0.0009422125876881,0.0009422125876881
5981,0.000909999536816,0.000909999536816
5982,0.000936581636779,0.000936581636779
5983,0.0009632132714614,0.0009632132714614
5984,0.0009443298913538,0.0009443298913538
5985,0.00100082391873,0.00100082391873
5986,0.0010061161592602,0.0010061161592602
5987,0.0009336419752798,0.0009336419752798
5988,0.0010409541428089,0.0010409541428089
5989,0.0009146359516307,0.0009146359516307
5990,0.0009475816623307,0.0009475816623307
5991,0.0008717569289728,0.0008717569289728
5992,0.0008882319671101,0.0008882319671101
5993,0.0009371909545734,0.0009371909545734
5994,0.0009163888753391,0.0009163888753391
5995,0.0009977519512176,0.0009977519512176
5996,0.0008743461803533,0.0008743461803533
5997,0.0010151593014597,0.0010151593014597
5998,0.0009618056938052,0.0009618056938052
5999,0.0009916567942127,0.0009916567942127
6000,0.000995555659756,0.000995555659756
6001,0.0009280952508561,0.0009280952508561
6002,0.0009470588411204,0.0009470588411204
6003,0.0009716796921566,0.0009716796921566
6004,0.0008946142625063,0.0008946142625063
6005,0.0010526746045798,0.0010526746045798
6006,0.0009381809504702,0.0009381809504702
6007,0.0009184011723846,0.0009184011723846
6008,0.000956755829975,0.000956755829975
6009,0.0008681563776917,0.0008681563776917
6010,0.0009983971249312,0.0009983971249312
6011,0.0009563014609739,0.0009563014609739
6012,0.0008966954774223,0.0008966954774223
6013,0.0009047497878782,0.0009047497878782
6014,0.0009219432831741,0.0009219432831741
6015,0.0008926741429604,0.0008926741429604
6016,0.0009221495129168,0.0009221495129168
6017,0.0009009469067677,0.0009009469067677
6018,0.0008896949002519,0.0008896949002519
6019,0.0009314899798482,0.0009314899798482
6020,0.0008844544645398,0.0008844544645398
6021,0.0010111120063811,0.0010111120063811
6022,0.0009229825809597,0.0009229825809597
6023,0.0010607007425278,0.0010607007425278
6024,0.0009635656606405,0.0009635656606405
6025,0.0009659599163569,0.0009659599163569
6026,0.0010257849935442,0.0010257849935442
6027,0.0009742868132889,0.0009742868132889
6028,0.0011123589938506,0.0011123589938506
6029,0.0010443459032103,0.0010443459032103
6030,0.0009511855896562,0.0009511855896562
6031,0.0009322970872744,0.0009322970872744
6032,0.0009866576874628,0.0009866576874628
6033,0.0009968040976673,0.0009968040976673
6034,0.0010086926631629,0.0010086926631629
6035,0.001012320513837,0.001012320513837
6036,0.0008864247938618,0.0008864247938618
6037,0.0009414994856342,0.0009414994856342
6038,0.0009881739970296,0.0009881739970296
6039,0.0010330795776098,0.0010330795776098
6040,0.0009013722883537,0.0009013722883537
6041,0.0008751099230721,0.0008751099230721
6042,0.000974113412667,0.000974113412667
6043,0.0009365818696096,0.0009365818696096
6044,0.0009868080960586,0.0009868080960586
6045,0.0009863552404567,0.0009863552404567
6046,0.0009698185604065,0.0009698185604065
6047,0.0009739839006215,0.0009739839006215
6048,0.0009710720623843,0.0009710720623843
6049,0.0009527025977149,0.0009527025977149
6050,0.000897986406926,0.000897986406926
6051,0.000931370886974,0.000931370886974
6052,0.0009740681853145,0.0009740681853145
6053,0.0009454184910282,0.0009454184910282
6054,0.0009276574128307,0.0009276574128307
6055,0.000916370365303,0.000916370365303
6056,0.0010248456383123,0.0010248456383123
6057,0.0009626680985093,0.0009626680985093
6058,0.0008803543169051,0.0008803543169051
6059,0.0009550025570206,0.0009550025570206
6060,0.0009636038448661,0.0009636038448661
6061,0.0009696771739982,0.0009696771739982
6062,0.0009810290066525,0.0009810290066525
6063,0.0009684988181106,0.0009684988181106
6064,0.000912046409212,0.000912046409212
6065,0.0010600292589515,0.0010600292589515
6066,0.00096889922861,0.00096889922861
6067,0.0009084177436307,0.0009084177436307
6068,0.0009327745065093,0.0009327745065093
6069,0.0009758353116922,0.0009758353116922
6070,0.0008745739469304,0.0008745739469304
6071,0.0009562100167386,0.0009562100167386
6072,0.0009226948022842,0.0009226948022842
6073,0.0009156566229648,0.0009156566229648
6074,0.0009387056343257,0.0009387056343257
6075,0.0009783114073798,0.0009783114073798
6076,0.0009226171532645,0.0009226171532645
6077,0.000935876276344,0.000935876276344
6078,0.0009257092024199,0.0009257092024199
6079,0.00090339302551,0.00090339302551
6080,0.0009408466867171,0.0009408466867171
6081,0.0009508992661722,0.0009508992661722
6082,0.0009636387694627,0.0009636387694627
6083,0.0009593018330633,0.0009593018330633
6084,0.0009838655823841,0.0009838655823841
6085,0.0009493174147792,0.0009493174147792
6086,0.0009569883695803,0.0009569883695803
6087,0.0009628853294998,0.0009628853294998
6088,0.0009438730194233,0.0009438730194233
6089,0.0009150823461823,0.0009150823461823
6090,0.0008755572489462,0.0008755572489462
6091,0.0010566681157797,0.0010566681157797
6092,0.0009660830255597,0.0009660830255597
6093,0.0009664478129707,0.0009664478129707
6094,0.000881640589796,0.000881640589796
6095,0.0008954866207204,0.0008954866207204
6096,0.0009894432732835,0.0009894432732835
6097,0.0009361068368889,0.0009361068368889
6098,0.0010069974232465,0.0010069974232465
6099,0.0009219065541401,0.0009219065541401
6100,0.0009501596796326,0.0009501596796326
6101,0.0009263446554541,0.0009263446554541
6102,0.0008582214359194,0.0008582214359194
6103,0.0009855164680629,0.0009855164680629
6104,0.001007029088214,0.001007029088214
6105,0.0008691016118973,0.0008691016118973
6106,0.0010627033188939,0.0010627033188939
6107,0.0009789065225049,0.0009789065225049
6108,0.0009408291080035,0.0009408291080035
6109,0.000873056880664,0.000873056880664
6110,0.0010470321867614,0.0010470321867614
6111,0.0009028698550537,0.0009028698550537
6112,0.0010183720150962,0.0010183720150962
6113,0.0009740464156493,0.0009740464156493
6114,0.0009397924295626,0.0009397924295626
6115,0.0010505323298275,0.0010505323298275
6116,0.0009598897304385,0.0009598897304385
6117,0.0010456054005771,0.0010456054005771
6118,0.0008844000403769,0.0008844000403769
6119,0.0010425101500004,0.0010425101500004
6120,0.0009193141013383,0.0009193141013383
6121,0.0009975978173315,0.0009975978173315
6122,0.0009884858736768,0.0009884858736768
6123,0.0008936628582887,0.0008936628582887
6124,0.0009841065621003,0.0009841065621003
6125,0.0009643423254601,0.0009643423254601
6126,0.0009266279521398,0.0009266279521398
6127,0.0009596900781616,0.0009596900781616
6128,0.0010279349517077,0.0010279349517077
6129,0.0009816824458539,0.0009816824458539
6130,0.0009155063307844,0.0009155063307844
6131,0.0009590617846697,0.0009590617846697
6132,0.0009456439875066,0.0009456439875066
6133,0.0008906587027013,0.0008906587027013
6134,0.0010005625663325,0.0010005625663325
6135,0.0008785750251263,0.0008785750251263
6136,0.0010175472125411,0.0010175472125411
6137,0.0009869842324405,0.0009869842324405
6138,0.0009748267475515,0.0009748267475515
6139,0.0009623478981666,0.0009623478981666
6140,0.001007750397548,0.001007750397548
6141,0.0009633743902668,0.0009633743902668
6142,0.0009085504570975,0.0009085504570975
6143,0.0008705488289706,0.0008705488289706
6144,0.0008599944412708,0.0008599944412708
6145,0.0008608158095739,0.0008608158095739
6146,0.0009593667346052,0.0009593667346052
6147,0.0009267898858524,0.0009267898858524
6148,0.0009809683542698,0.0009809683542698
6149,0.0009348295861855,0.0009348295861855
6150,0.0009221356012858,0.0009221356012858
6151,0.0009474821854382,0.0009474821854382
6152,0.0009512704564258,0.0009512704564258
6153,0.0009888510685414,0.0009888510685414
6154,0.0009504354093223,0.0009504354093223
6155,0.0009540905593894,0.0009540905593894
6156,0.000929873320274,0.000929873320274
6157,0.0009885176550596,0.0009885176550596
6158,0.000893737655133,0.000893737655133
6159,0.001010981737636,0.001010981737636
6160,0.0010701102437451,0.0010701102437451
6161,0.0009158058674074,0.0009158058674074
6162,0.0009849516209214,0.0009849516209214
6163,0.0009913401445373,0.0009913401445373
6164,0.000910576141905,0.000910576141905
6165,0.00105744053144,0.00105744053144
6166,0.0009823159780353,0.0009823159780353
6167,0.0010024858638644,0.0010024858638644
6168,0.0009658083436079,0.0009658083436079
6169,0.0009393440559506,0.0009393440559506
6170,0.0010624184506013,0.0010624184506013
6171,0.0009642970981076,0.0009642970981076
6172,0.0009117342415265,0.0009117342415265
6173,0.0009929231600835,0.0009929231600835
6174,0.000889191054739,0.000889191054739
6175,0.0009245134424418,0.0009245134424418
6176,0.0009525291388854,0.0009525291388854
6177,0.0009712941828183,0.0009712941828183
6178,0.0009874915704131,0.0009874915704131
6179,0.0010096793994307,0.0010096793994307
6180,0.000972282141447,0.000972282141447
6181,0.0009668005513958,0.0009668005513958
6182,0.0009742132388055,0.0009742132388055
6183,0.0009607396204955,0.0009607396204955
6184,0.0010226591257378,0.0010226591257378
6185,0.0009491888340562,0.0009491888340562
6186,0.0009896659757941,0.0009896659757941
6187,0.0010201936820521,0.0010201936820521
6188,0.0009184355149045,0.0009184355149045
6189,0.0009724066476337,0.0009724066476337
6190,0.0010108109563589,0.0010108109563589
6191,0.0009284924017265,0.0009284924017265
6192,0.0010071122087538,0.0010071122087538
6193,0.000980794779025,0.000980794779025
6194,0.0008640282321721,0.0008640282321721
6195,0.000899686012417,0.000899686012417
6196,0.0010096951154991,0.0010096951154991
6197,0.0009155864827334,0.0009155864827334
6198,0.0009499751613475,0.0009499751613475
6199,0.0009775765938684,0.0009775765938684
6200,0.0009297878132201,0.0009297878132201
6201,0.000959088676609,0.000959088676609
6202,0.0009363042772747,0.0009363042772747
6203,0.0009047585190273,0.0009047585190273
6204,0.0009249757858924,0.0009249757858924
6205,0.001027172547765,0.001027172547765
6206,0.0010113972239196,0.0010113972239196
6207,0.000962263031397,0.000962263031397
6208,0.0009917437564581,0.0009917437564581
6209,0.0009334931964986,0.0009334931964986
6210,0.0009889469947665,0.0009889469947665
6211,0.0009627338149584,0.0009627338149584
6212,0.0009058223222382,0.0009058223222382
6213,0.0009527830407023,0.0009527830407023
6214,0.0011305797379463,0.0011305797379463
6215,0.0008725367370061,0.0008725367370061
6216,0.0010615991195663,0.0010615991195663
6217,0.001032406464219,0.001032406464219
6218,0.0009989583631977,0.0009989583631977
6219,0.0010366912465542,0.0010366912465542
6220,0.0009635364986024,0.0009635364986024
6221,0.0009327237494289,0.0009327237494289
6222,0.0009059989824891,0.0009059989824891
6223,0.0010520166251808,0.0010520166251808
6224,0.0009188770200125,0.0009188770200125
6225,0.0009165750234387,0.0009165750234387
6226,0.0009206798276863,0.0009206798276863
6227,0.0009675067849457,0.0009675067849457
6228,0.0010289812926203,0.0010289812926203
6229,0.0008988291956484,0.0008988291956484
6230,0.0008643410401418,0.0008643410401418
6231,0.0009322952246293,0.0009322952246293
6232,0.0008851683232933,0.0008851683232933
6233,0.0009386194869875,0.0009386194869875
6234,0.0009015566320158,0.0009015566320158
6235,0.0008789157727733,0.0008789157727733
6236,0.001093688653782,0.001093688653782
6237,0.0010406797518953,0.0010406797518953
6238,0.001028221216984,0.001028221216984
6239,0.0011348933912813,0.0011348933912813
6240,0.0010396372526884,0.0010396372526884
6241,0.0010185765568166,0.0010185765568166
6242,0.0010320271831005,0.0010320271831005
6243,0.0010785635095089,0.0010785635095089
6244,0.0010462222853675,0.0010462222853675
6245,0.0010512452572584,0.0010512452572584
6246,0.0011313495924696,0.0011313495924696
6247,0.0010033942526206,0.0010033942526206
6248,0.0010166182182729,0.0010166182182729
6249,0.0010382181499153,0.0010382181499153
6250,0.0009116301080211,0.0009116301080211
6251,0.0009779350366443,0.0009779350366443
6252,0.0009514046832919,0.0009514046832919
6253,0.0009381410200148,0.0009381410200148
6254,0.0009830601047724,0.0009830601047724
6255,0.0008720797486603,0.0008720797486603
6256,0.0008812191081233,0.0008812191081233
6257,0.0008784961537458,0.0008784961537458
6258,0.000860110099893,0.000860110099893
6259,0.0009723675902932,0.0009723675902932
6260,0.0010293886298313,0.0010293886298313
6261,0.000991438399069,0.000991438399069
6262,0.0010293743107467,0.0010293743107467
6263,0.0009145672665908,0.0009145672665908
6264,0.0009263640968129,0.0009263640968129
6265,0.0009329582680948,0.0009329582680948
6266,0.0009121489711105,0.0009121489711105
6267,0.0009274490294046,0.0009274490294046
6268,0.0009488930227234,0.0009488930227234
6269,0.0009957870934158,0.0009957870934158
6270,0.0009919084841385,0.0009919084841385
6271,0.0010456484742462,0.0010456484742462
6272,0.0009649445419199,0.0009649445419199
6273,0.0009032549569383,0.0009032549569383
6274,0.0009034457616508,0.0009034457616508
6275,0.0009819169063121,0.0009819169063121
6276,0.0008864354458637,0.0008864354458637
6277,0.000935235468205,0.000935235468205
6278,0.0009178540785796,0.0009178540785796
6279,0.0009777456289157,0.0009777456289157
6280,0.0009627540130168,0.0009627540130168
6281,0.000915489916224,0.000915489916224
6282,0.0009612370631657,0.0009612370631657
6283,0.0009662539232522,0.0009662539232522
6284,0.0009489285293966,0.0009489285293966
6285,0.0008610952063463,0.0008610952063463
6286,0.0009609945700503,0.0009609945700503
6287,0.0009419972775503,0.0009419972775503
6288,0.0009363147546537,0.0009363147546537
6289,0.0009800361003726,0.0009800361003726
6290,0.0009314719354733,0.0009314719354733
6291,0.0009521504398435,0.0009521504398435
6292,0.0010693566873669,0.0010693566873669
6293,0.0008339611813426,0.0008339611813426
6294,0.0010239114053547,0.0010239114053547
6295,0.0009871624642983,0.0009871624642983
6296,0.0009466183837503,0.0009466183837503
6297,0.0009849551133811,0.0009849551133811
6298,0.0009391457424499,0.0009391457424499
6299,0.0009504496701993,0.0009504496701993
6300,0.000907668552827,0.000907668552827
6301,0.0009371474734507,0.0009371474734507
6302,0.0009382441057823,0.0009382441057823
6303,0.0009796060621738,0.0009796060621738
6304,0.0008934567449614,0.0008934567449614
6305,0.0009827505564317,0.0009827505564317
6306,0.0009207346010953,0.0009207346010953
6307,0.0009069974767044,0.0009069974767044
6308,0.0009068218059837,0.0009068218059837
6309,0.0009013594244606,0.0009013594244606
6310,0.0009904119651764,0.0009904119651764
6311,0.0009991212282329,0.0009991212282329
6312,0.0010012148413807,0.0010012148413807
6313,0.0009409060003235,0.0009409060003235
6314,0.0010157433571293,0.0010157433571293
6315,0.000956958043389,0.000956958043389
6316,0.0010278420522809,0.0010278420522809
6317,0.0008789238054305,0.0008789238054305
6318,0.001005102880299,0.001005102880299
6319,0.0010438899043947,0.0010438899043947
6320,0.0009930040687322,0.0009930040687322
6321,0.0009918651776388,0.0009918651776388
6322,0.0009732323815114,0.0009732323815114
6323,0.0008690866525284,0.0008690866525284
6324,0.0009902553865686,0.0009902553865686
6325,0.0009321421384811,0.0009321421384811
6326,0.000978913041763,0.000978913041763
6327,0.0010346272028982,0.0010346272028982
6328,0.0009363842546008,0.0009363842546008
6329,0.0009241582010872,0.0009241582010872
6330,0.0009338514064438,0.0009338514064438
6331,0.0009988452075049,0.0009988452075049
6332,0.0008957634563557,0.0008957634563557
6333,0.0008902146946638,0.0008902146946638
6334,0.0009481312590651,0.0009481312590651
6335,0.0008907510200515,0.0008907510200515
6336,0.0009158925386145,0.0009158925386145
6337,0.0010052581783384,0.0010052581783384
6338,0.0009345421567559,0.0009345421567559
6339,0.0010080042993649,0.0010080042993649
6340,0.0010352450190111,0.0010352450190111
6341,0.0009765358990989,0.0009765358990989
6342,0.0009849441703408,0.0009849441703408
6343,0.0009767053415998,0.0009767053415998
6344,0.000925182539504,0.000925182539504
6345,0.0009462081943638,0.0009462081943638
6346,0.0009595668525435,0.0009595668525435
6347,0.0009453229722566,0.0009453229722566
6348,0.0009994935244321,0.0009994935244321
6349,0.0010135628981515,0.0010135628981515
6350,0.0009687643032521,0.0009687643032521
6351,0.0009246774716302,0.0009246774716302
6352,0.0009934643749147,0.0009934643749147
6353,0.0009046859340742,0.0009046859340742
6354,0.0009588956017978,0.0009588956017978
6355,0.0009306190768256,0.0009306190768256
6356,0.0009826542809605,0.0009826542809605
6357,0.000967897940427,0.000967897940427
6358,0.0010717039695009,0.0010717039695009
6359,0.0008677861769683,0.0008677861769683
6360,0.0009587096283212,0.0009587096283212
6361,0.0009770693723112,0.0009770693723112
6362,0.0009762422414496,0.0009762422414496
6363,0.0009020054130814,0.0009020054130814
6364,0.000970764318481,0.000970764318481
6365,0.0009438211563974,0.0009438211563974
6366,0.0010157618671655,0.0010157618671655
6367,0.0009832356590777,0.0009832356590777
6368,0.0009716666536405,0.0009716666536405
6369,0.0008909608004614,0.0008909608004614
6370,0.0009809944313019,0.0009809944313019
6371,0.0009402362629771,0.0009402362629771
6372,0.0010162428952753,0.0010162428952753
6373,0.0009761653491295,0.0009761653491295
6374,0.0009312686743214,0.0009312686743214
6375,0.0009470225777477,0.0009470225777477
6376,0.0009787620510905,0.0009787620510905
6377,0.00098706362769,0.00098706362769
6378,0.0010229225736111,0.0010229225736111
6379,0.0009321929537691,0.0009321929537691
6380,0.0009453526581637,0.0009453526581637
6381,0.0009965320350602,0.0009965320350602
6382,0.0010380569146946,0.0010380569146946
6383,0.0009992916602641,0.0009992916602641
6384,0.0009574994328431,0.0009574994328431
6385,0.0009430035133846,0.0009430035133846
6386,0.000918926030863,0.000918926030863
6387,0.0009568412206135,0.0009568412206135
6388,0.0009822237771004,0.0009822237771004
6389,0.000916775141377,0.000916775141377
6390,0.0010431460104882,0.0010431460104882
6391,0.0009868486085906,0.0009868486085906
6392,0.0009989901445806,0.0009989901445806
6393,0.0009649515268392,0.0009649515268392
6394,0.0010362392058596,0.0010362392058596
6395,0.0009455819963477,0.0009455819963477
6396,0.000977300805971,0.000977300805971
6397,0.0010527685517445,0.0010527685517445
6398,0.0009553043637424,0.0009553043637424
6399,0.0009132219129242,0.0009132219129242
6400,0.0010238295653834,0.0010238295653834
6401,0.0009157684980891,0.0009157684980891
6402,0.0009613154106773,0.0009613154106773
6403,0.0009069045772776,0.0009069045772776
6404,0.0009360123658552,0.0009360123658552
6405,0.0009903366444632,0.0009903366444632
6406,0.0009629605920054,0.0009629605920054
6407,0.0009719043737277,0.0009719043737277
6408,0.0009667970007285,0.0009667970007285
6409,0.0010072315344586,0.0010072315344586
6410,0.0009048962965607,0.0009048962965607
6411,0.0009539170423522,0.0009539170423522
6412,0.0009758954984135,0.0009758954984135
6413,0.0009544283966533,0.0009544283966533
6414,0.0009903002064675,0.0009903002064675
6415,0.0009330386528745,0.0009330386528745
6416,0.0008771538850851,0.0008771538850851
6417,0.0009372687200084,0.0009372687200084
6418,0.0009154626750387,0.0009154626750387
6419,0.0008742348873056,0.0008742348873056
6420,0.0008672835538163,0.0008672835538163
6421,0.0009345971629954,0.0009345971629954
6422,0.0009638234041631,0.0009638234041631
6423,0.0008907443261705,0.0008907443261705
6424,0.0008925877627916,0.0008925877627916
6425,0.0009217878687195,0.0009217878687195
6426,0.0009226644178852,0.0009226644178852
6427,0.0009727093856781,0.0009727093856781
6428,0.0009374869987368,0.0009374869987368
6429,0.000951164169237,0.000951164169237
6430,0.0009105332428589,0.0009105332428589
6431,0.000948674918618,0.000948674918618
6432,0.0009144616196863,0.0009144616196863
6433,0.000925091211684,0.000925091211684
6434,0.0009403693256899,0.0009403693256899
6435,0.000959490891546,0.000959490891546
6436,0.0008875843486748,0.0008875843486748
6437,0.0009158704197034,0.0009158704197034
6438,0.0009907962521538,0.0009907962521538
6439,0.0009130628895945,0.0009130628895945
6440,0.0009073097025975,0.0009073097025975
6441,0.0009548027301207,0.0009548027301207
6442,0.0009644823148846,0.0009644823148846
6443,0.0011121047427877,0.0011121047427877
6444,0.0009923104662448,0.0009923104662448
6445,0.0009991590632125,0.0009991590632125
6446,0.0009056917042471,0.0009056917042471
6447,0.0009607889223843,0.0009607889223843
6448,0.0009279703954234,0.0009279703954234
6449,0.0009295984054915,0.0009295984054915
6450,0.0008490565232932,0.0008490565232932
6451,0.0009116650326177,0.0009116650326177
6452,0.0009894197573885,0.0009894197573885
6453,0.0009953354019671,0.0009953354019671
6454,0.0009366803569719,0.0009366803569719
6455,0.0009249831200577,0.0009249831200577
6456,0.0009857532568275,0.0009857532568275
6457,0.0010114099131897,0.0010114099131897
6458,0.0009609744884073,0.0009609744884073
6459,0.0009590173722244,0.0009590173722244
6460,0.0008177350391633,0.0008177350391633
6461,0.0009573581628501,0.0009573581628501
6462,0.0010339707368984,0.0010339707368984
6463,0.0009875323157757,0.0009875323157757
6464,0.0009731987956911,0.0009731987956911
6465,0.0010338022839277,0.0010338022839277
6466,0.0009306679130531,0.0009306679130531
6467,0.0009023097227327,0.0009023097227327
6468,0.0009449733188375,0.0009449733188375
6469,0.0008827235433273,0.0008827235433273
6470,0.0009416305110789,0.0009416305110789
6471,0.0009397463873028,0.0009397463873028
6472,0.0009590394329279,0.0009590394329279
6473,0.0010579816298559,0.0010579816298559
6474,0.0009808582253754,0.0009808582253754
6475,0.0009639670606702,0.0009639670606702
6476,0.0009175426093861,0.0009175426093861
6477,0.0009525981149636,0.0009525981149636
6478,0.0010030454723164,0.0010030454723164
6479,0.0009552698465995,0.0009552698465995
6480,0.0010572895407676,0.0010572895407676
6481,0.0009062141180038,0.0009062141180038
6482,0.0009332139161415,0.0009332139161415
6483,0.0009343678830191,0.0009343678830191
6484,0.000930973154027,0.000930973154027
6485,0.0008976027602329,0.0008976027602329
6486,0.0009924820624291,0.0009924820624291
6487,0.0008989595808088,0.0008989595808088
6488,0.0009528177906759,0.0009528177906759
6489,0.0009286628337576,0.0009286628337576
6490,0.0009569612448103,0.0009569612448103
6491,0.0009270575246773,0.0009270575246773
6492,0.0008835231419652,0.0008835231419652
6493,0.000967671687249,0.000967671687249
6494,0.0009163622744381,0.0009163622744381
6495,0.0009550778195261,0.0009550778195261
6496,0.0009766556322574,0.0009766556322574
6497,0.0009946348145604,0.0009946348145604
6498,0.0009396509267389,0.0009396509267389
6499,0.0009357963572256,0.0009357963572256
6500,0.0009355503716506,0.0009355503716506
6501,0.0009781614644452,0.0009781614644452
6502,0.0009319828823208,0.0009319828823208
6503,0.0008976350072771,0.0008976350072771
6504,0.0008872038451954,0.0008872038451954
6505,0.0009471695520915,0.0009471695520915
6506,0.0010349488584324,0.0010349488584324
6507,0.0009598228498362,0.0009598228498362
6508,0.0009788784664124,0.0009788784664124
6509,0.0009639100171625,0.0009639100171625
6510,0.000984146958217,0.000984146958217
6511,0.0009329700842499,0.0009329700842499
6512,0.0009944941848516,0.0009944941848516
6513,0.000923182873521,0.000923182873521
6514,0.0008985034655779,0.0008985034655779
6515,0.0009636700851842,0.0009636700851842
6516,0.0010178966913372,0.0010178966913372
6517,0.0009821425192058,0.0009821425192058
6518,0.0009372623171657,0.0009372623171657
6519,0.0009346179431304,0.0009346179431304
6520,0.0009821879211813,0.0009821879211813
6521,0.0009242335218004,0.0009242335218004
6522,0.0010218090610578,0.0010218090610578
6523,0.0009920314187183,0.0009920314187183
6524,0.0009315854986198,0.0009315854986198
6525,0.0009522355976514,0.0009522355976514
6526,0.0009881772566586,0.0009881772566586
6527,0.000887834932655,0.000887834932655
6528,0.0010401844047009,0.0010401844047009
6529,0.0009856859687715,0.0009856859687715
6530,0.0008841827511787,0.0008841827511787
6531,0.0010621509281918,0.0010621509281918
6532,0.0008734876755625,0.0008734876755625
6533,0.0009680998628027,0.0009680998628027
6534,0.0009973146952688,0.0009973146952688
6535,0.0009538462618365,0.0009538462618365
6536,0.0009211585856974,0.0009211585856974
6537,0.0009622459765523,0.0009622459765523
6538,0.0009997093584388,0.0009997093584388
6539,0.0010106044355779,0.0010106044355779
6540,0.000982760451734,0.000982760451734
6541,0.0008814988541416,0.0008814988541416
6542,0.0009399966220371,0.0009399966220371
6543,0.0009366210433654,0.0009366210433654
6544,0.0009309698361903,0.0009309698361903
6545,0.0009756137733347,0.0009756137733347
6546,0.0009797887178137,0.0009797887178137
6547,0.000915597891435,0.000915597891435
6548,0.0010220040567219,0.0010220040567219
6549,0.0009400488343089,0.0009400488343089
6550,0.0009063470060937,0.0009063470060937
6551,0.0009668295970186,0.0009668295970186
6552,0.0010233307257294,0.0010233307257294
6553,0.0010169798042625,0.0010169798042625
6554,0.0010425207437947,0.0010425207437947
6555,0.00089995568851,0.00089995568851
6556,0.0008848146535456,0.0008848146535456
6557,0.0010293656960129,0.0010293656960129
6558,0.0009944934863597,0.0009944934863597
6559,0.0009368853061459,0.0009368853061459
6560,0.0009434965904802,0.0009434965904802
6561,0.0009813915239647,0.0009813915239647
6562,0.0008792618755251,0.0008792618755251
6563,0.0009690805454738,0.0009690805454738
6564,0.0010771524393931,0.0010771524393931
6565,0.0010848523816093,0.0010848523816093
6566,0.0009659575298428,0.0009659575298428
6567,0.0009747475851327,0.0009747475851327
6568,0.0009959414601325,0.0009959414601325
6569,0.0009583187638781,0.0009583187638781
6570,0.0010422720806673,0.0010422720806673
6571,0.0009571395930834,0.0009571395930834
6572,0.0010434294817969,0.0010434294817969
6573,0.0010254448279738,0.0010254448279738
6574,0.0008820957154966,0.0008820957154966
6575,0.0009642573422752,0.0009642573422752
6576,0.0009785637957975,0.0009785637957975
6577,0.0009300884557887,0.0009300884557887
6578,0.0011029741726815,0.0011029741726815
6579,0.0009984925854951,0.0009984925854951
6580,0.0009377998649142,0.0009377998649142
6581,0.0009772470220923,0.0009772470220923
6582,0.001028899103403,0.001028899103403
6583,0.000928784138523,0.000928784138523
6584,0.0008668000809848,0.0008668000809848
6585,0.0010490547865629,0.0010490547865629
6586,0.0009674039320088,0.0009674039320088
6587,0.0010015442967414,0.0010015442967414
6588,0.0009892731904983,0.0009892731904983
6589,0.0009317707736045,0.0009317707736045
6590,0.0009568425593897,0.0009568425593897
6591,0.0009556941804476,0.0009556941804476
6592,0.0009813153883442,0.0009813153883442
6593,0.0010626771254464,0.0010626771254464
6594,0.0009268353460356,0.0009268353460356
6595,0.0009529463713988,0.0009529463713988
6596,0.0009586326195858,0.0009586326195858
6597,0.000924508087337,0.000924508087337
6598,0.0009257136844098,0.0009257136844098
6599,0.0009306713473051,0.0009306713473051
6600,0.000976505165454,0.000976505165454
6601,0.0009683448006398,0.0009683448006398
6602,0.0009373305365443,0.0009373305365443
6603,0.0009400516282767,0.0009400516282767
6604,0.0009765834547579,0.0009765834547579
6605,0.0009274441399611,0.0009274441399611
6606,0.0009731503087095,0.0009731503087095
6607,0.0010111695155501,0.0010111695155501
6608,0.0009743474074639,0.0009743474074639
6609,0.000901982653886,0.000901982653886
6610,0.0009981284383684,0.0009981284383684
6611,0.000974042341113,0.000974042341113
6612,0.0008997918921522,0.0008997918921522
6613,0.0009946944192051,0.0009946944192051
6614,0.0009378503891639,0.0009378503891639
6615,0.000918271834962,0.000918271834962
6616,0.0010535111650824,0.0010535111650824
6617,0.0009776791557669,0.0009776791557669
6618,0.0009161371272057,0.0009161371272057
6619,0.0009925165213644,0.0009925165213644
6620,0.0009038324933499,0.0009038324933499
6621,0.0009793508797883,0.0009793508797883
6622,0.0010264863958582,0.0010264863958582
6623,0.0010034205624833,0.0010034205624833
6624,0.0009032488451339,0.0009032488451339
6625,0.0009264360414817,0.0009264360414817
6626,0.0009589054971002,0.0009589054971002
6627,0.0009370654588565,0.0009370654588565
6628,0.0009995200671255,0.0009995200671255
6629,0.0008837734349071,0.0008837734349071
6630,0.0009655116591602,0.0009655116591602
6631,0.000981286400929,0.000981286400929
6632,0.0010374785633757,0.0010374785633757
6633,0.0009029383072629,0.0009029383072629
6634,0.0009081593016162,0.0009081593016162
6635,0.0009892507223412,0.0009892507223412
6636,0.0009967205114662,0.0009967205114662
6637,0.0009533595875836,0.0009533595875836
6638,0.0009840542916208,0.0009840542916208
6639,0.0009375477675348,0.0009375477675348
6640,0.0009082410833798,0.0009082410833798
6641,0.0009302901453338,0.0009302901453338
6642,0.0009700687369331,0.0009700687369331
6643,0.0009495067643001,0.0009495067643001
6644,0.000913867377676,0.000913867377676
6645,0.0009473499958403,0.0009473499958403
6646,0.0009250016300939,0.0009250016300939
6647,0.0009350048494525,0.0009350048494525
6648,0.0010014798026531,0.0010014798026531
6649,0.000892974960152,0.000892974960152
6650,0.0009126301738433,0.0009126301738433
6651,0.0009282220853492,0.0009282220853492
6652,0.0010733222588896,0.0010733222588896
6653,0.0009487880743108,0.0009487880743108
6654,0.0009121819748543,0.0009121819748543
6655,0.0009888405911624,0.0009888405911624
6656,0.0009783285204321,0.0009783285204321
6657,0.0010473558213561,0.0010473558213561
6658,0.0008985787280835,0.0008985787280835
6659,0.00091724016238,0.00091724016238
6660,0.0009416704415343,0.0009416704415343
6661,0.000913921627216,0.000913921627216
6662,0.00090867705876,0.00090867705876
6663,0.0009828278562054,0.0009828278562054
6664,0.0009410956990905,0.0009410956990905
6665,0.0009300853125751,0.0009300853125751
6666,0.001033068052493,0.001033068052493
6667,0.0008730926201678,0.0008730926201678
6668,0.0009271207964047,0.0009271207964047
6669,0.0009484507609158,0.0009484507609158
6670,0.0009355343645438,0.0009355343645438
6671,0.000932689581532,0.000932689581532
6672,0.0010301918955519,0.0010301918955519
6673,0.0009766743751242,0.0009766743751242
6674,0.0009540426544845,0.0009540426544845
6675,0.0008662944892421,0.0008662944892421
6676,0.0009490129305049,0.0009490129305049
6677,0.0009529577801004,0.0009529577801004
6678,0.0009297991055063,0.0009297991055063
6679,0.0010250370251014,0.0010250370251014
6680,0.0010147440480068,0.0010147440480068
6681,0.0009807955939322,0.0009807955939322
6682,0.0009257229394279,0.0009257229394279
6683,0.0009864572202786,0.0009864572202786
6684,0.0009994553402066,0.0009994553402066
6685,0.0010199528187513,0.0010199528187513
6686,0.0009129605605266,0.0009129605605266
6687,0.0009447287302464,0.0009447287302464
6688,0.0009282931569032,0.0009282931569032
6689,0.0008732601418159,0.0008732601418159
6690,0.0009202005458064,0.0009202005458064
6691,0.0009026522748172,0.0009026522748172
6692,0.0010169338202103,0.0010169338202103
6693,0.0009082870092242,0.0009082870092242
6694,0.0009479443542659,0.0009479443542659
6695,0.0009290720336139,0.0009290720336139
6696,0.0009122561314143,0.0009122561314143
6697,0.0009880308061838,0.0009880308061838
6698,0.0009506175410933,0.0009506175410933
6699,0.0009410378406755,0.0009410378406755
6700,0.0009795024525374,0.0009795024525374
6701,0.0009477413841523,0.0009477413841523
6702,0.0008676662109792,0.0008676662109792
6703,0.0008970304043032,0.0008970304043032
6704,0.0009790370240807,0.0009790370240807
6705,0.0009745578863658,0.0009745578863658
6706,0.0009277626522816,0.0009277626522816
6707,0.0009247188572771,0.0009247188572771
6708,0.0009535963181406,0.0009535963181406
6709,0.000978353084065,0.000978353084065
6710,0.0009039608994498,0.0009039608994498
6711,0.0009591589914634,0.0009591589914634
6712,0.0009783977875486,0.0009783977875486
6713,0.0009909633081406,0.0009909633081406
6714,0.0010072760051116,0.0010072760051116
6715,0.0009948590304702,0.0009948590304702
6716,0.0010326297488063,0.0010326297488063
6717,0.0009608395048417,0.0009608395048417
6718,0.0009278749348595,0.0009278749348595
6719,0.0008842755923978,0.0008842755923978
6720,0.000967179890722,0.000967179890722
6721,0.0009413182269781,0.0009413182269781
6722,0.0010184270795434,0.0010184270795434
6723,0.0008766500977799,0.0008766500977799
6724,0.0010192563058808,0.0010192563058808
6725,0.0009762161062099,0.0009762161062099
6726,0.0009830837370827,0.0009830837370827
6727,0.0008849509758874,0.0008849509758874
6728,0.0009981705807149,0.0009981705807149
6729,0.000994331203401,0.000994331203401
6730,0.000917742610909,0.000917742610909
6731,0.0009447220363654,0.0009447220363654
6732,0.0009508810471743,0.0009508810471743
6733,0.0009574660798534,0.0009574660798534
6734,0.0010027883108705,0.0010027883108705
6735,0.0009282556129619,0.0009282556129619
6736,0.0009455003309994,0.0009455003309994
6737,0.0009453360689803,0.0009453360689803
6738,0.0009701763628982,0.0009701763628982
6739,0.0010168032022193,0.0010168032022193
6740,0.0009150641853921,0.0009150641853921
6741,0.0009919711155816,0.0009919711155816
6742,0.0009714011684991,0.0009714011684991
6743,0.0009485866175964,0.0009485866175964
6744,0.000995265552774,0.000995265552774
6745,0.0009077517315745,0.0009077517315745
6746,0.0009164685034193,0.0009164685034193
6747,0.001021108822897,0.001021108822897
6748,0.0009242502856068,0.0009242502856068
6749,0.0009441612055525,0.0009441612055525
6750,0.0009691666928119,0.0009691666928119
6751,0.0009630469721741,0.0009630469721741
6752,0.0010074669262394,0.0010074669262394
6753,0.0009599531185813,0.0009599531185813
6754,0.0010028730612248,0.0010028730612248
6755,0.0008746443782001,0.0008746443782001
6756,0.0009791057091206,0.0009791057091206
6757,0.0009486911003477,0.0009486911003477
6758,0.000883481639903,0.000883481639903
6759,0.0009611701243557,0.0009611701243557
6760,0.0008923354325816,0.0008923354325816
6761,0.0009286566055379,0.0009286566055379
6762,0.0009545383509248,0.0009545383509248
6763,0.0009889381472021,0.0009889381472021
6764,0.0009743084083311,0.0009743084083311
6765,0.000896951474715,0.000896951474715
6766,0.0010237207170575,0.0010237207170575
6767,0.00091758108465,0.00091758108465
6768,0.0009549958049319,0.0009549958049319
6769,0.0009621423087082,0.0009621423087082
6770,0.0010039976332336,0.0010039976332336
6771,0.0009589812834747,0.0009589812834747
6772,0.0009587593376636,0.0009587593376636
6773,0.0009904565522447,0.0009904565522447
6774,0.0009149290272034,0.0009149290272034
6775,0.0009294261108152,0.0009294261108152
6776,0.0009879451245069,0.0009879451245069
6777,0.0009122014744207,0.0009122014744207
6778,0.0009375670342706,0.0009375670342706
6779,0.0010132915340363,0.0010132915340363
6780,0.0009371250635012,0.0009371250635012
6781,0.0009286784334108,0.0009286784334108
6782,0.0009812349453568,0.0009812349453568
6783,0.0008963905274868,0.0008963905274868
6784,0.0009691780433058,0.0009691780433058
6785,0.0009703996474854,0.0009703996474854
6786,0.0010082521475851,0.0010082521475851
6787,0.0009301437530666,0.0009301437530666
6788,0.0010146886343136,0.0010146886343136
6789,0.0009530826937407,0.0009530826937407
6790,0.0008663763292133,0.0008663763292133
6791,0.0009952753316611,0.0009952753316611
6792,0.0009288438595831,0.0009288438595831
6793,0.0009730114252306,0.0009730114252306
6794,0.0008839805377647,0.0008839805377647
6795,0.0009500434971414,0.0009500434971414
6796,0.0010003488278016,0.0010003488278016
6797,0.0009706168784759,0.0009706168784759
6798,0.000959386175964,0.000959386175964
6799,0.0009665212710388,0.0009665212710388
6800,0.0009194880840368,0.0009194880840368
6801,0.0009453134844079,0.0009453134844079
6802,0.0009653695742599,0.0009653695742599
6803,0.0009109932580031,0.0009109932580031
6804,0.0009022048907354,0.0009022048907354
6805,0.0009338372037746,0.0009338372037746
6806,0.0009714829502627,0.0009714829502627
6807,0.0009892401285469,0.0009892401285469
6808,0.0008754395530559,0.0008754395530559
6809,0.0009310586610808,0.0009310586610808
6810,0.0009477672865614,0.0009477672865614
6811,0.0009623019141145,0.0009623019141145
6812,0.001007292070426,0.001007292070426
6813,0.000998075120151,0.000998075120151
6814,0.0010411693947389,0.0010411693947389
6815,0.0009481008746661,0.0009481008746661
6816,0.000998695846647,0.000998695846647
6817,0.0009850448695942,0.0009850448695942
6818,0.0008731562993489,0.0008731562993489
6819,0.0010124201653525,0.0010124201653525
6820,0.0010240587871521,0.0010240587871521
6821,0.0009351655608043,0.0009351655608043
6822,0.00087654433446,0.00087654433446
6823,0.0009965703357011,0.0009965703357011
6824,0.0008954160148277,0.0008954160148277
6825,0.0009596856543794,0.0009596856543794
6826,0.0010058544576168,0.0010058544576168
6827,0.0009547227527946,0.0009547227527946
6828,0.0009565256768837,0.0009565256768837
6829,0.0009332778863608,0.0009332778863608
6830,0.0009668775601312,0.0009668775601312
6831,0.0009448066120967,0.0009448066120967
6832,0.0009737649816088,0.0009737649816088
6833,0.000921917730011,0.000921917730011
6834,0.0009312003385275,0.0009312003385275
6835,0.001007986953482,0.001007986953482
6836,0.0010571271413937,0.0010571271413937
6837,0.0009620079072192,0.0009620079072192
6838,0.0010062847286462,0.0010062847286462
6839,0.001012596534565,0.001012596534565
6840,0.0009613063302822,0.0009613063302822
6841,0.0010451293783262,0.0010451293783262
6842,0.0009745502611622,0.0009745502611622
6843,0.0008908249437808,0.0008908249437808
6844,0.0009218913619406,0.0009218913619406
6845,0.0008955178200267,0.0008955178200267
6846,0.0009241233346983,0.0009241233346983
6847,0.0009715293417684,0.0009715293417684
6848,0.0009135543368756,0.0009135543368756
6849,0.0008757091709412,0.0008757091709412
6850,0.000926453329157,0.000926453329157
6851,0.0010190102038905,0.0010190102038905
6852,0.0009565827785991,0.0009565827785991
6853,0.0009852923685684,0.0009852923685684
6854,0.0009178519831039,0.0009178519831039
6855,0.0009347133454866,0.0009347133454866
6856,0.0010144549887627,0.0010144549887627
6857,0.0009397228714078,0.0009397228714078
6858,0.000908542482648,0.000908542482648
6859,0.0009746862924657,0.0009746862924657
6860,0.0009213147568516,0.0009213147568516
6861,0.000903952983208,0.000903952983208
6862,0.0009193820878863,0.0009193820878863
6863,0.0010588343720883,0.0010588343720883
6864,0.0009765208815224,0.0009765208815224
6865,0.0010709485504776,0.0010709485504776
6866,0.001003784360364,0.001003784360364
6867,0.0009434561361558,0.0009434561361558
6868,0.0009790566982701,0.0009790566982701
6869,0.0009760727989487,0.0009760727989487
6870,0.0009351393091492,0.0009351393091492
6871,0.0009751276229508,0.0009751276229508
6872,0.0008948848699219,0.0008948848699219
6873,0.0009715945343486,0.0009715945343486
6874,0.0009295793133787,0.0009295793133787
6875,0.0009501899476163,0.0009501899476163
6876,0.0010036884341388,0.0010036884341388
6877,0.0009727246360853,0.0009727246360853
6878,0.0009306668653152,0.0009306668653152
6879,0.000932786904741,0.000932786904741
6880,0.0008661106112413,0.0008661106112413
6881,0.0009369550971314,0.0009369550971314
6882,0.0009043092140927,0.0009043092140927
6883,0.0008913445053622,0.0008913445053622
6884,0.0008662128821015,0.0008662128821015
6885,0.0009283872786909,0.0009283872786909
6886,0.0009237321210093,0.0009237321210093
6887,0.0009006034815683,0.0009006034815683
6888,0.0008886997820809,0.0008886997820809
6889,0.0009280683007091,0.0009280683007091
6890,0.0009632990113459,0.0009632990113459
6891,0.0009725152049213,0.0009725152049213
6892,0.0009230582509189,0.0009230582509189
6893,0.0009143724455498,0.0009143724455498
6894,0.00094800372608,0.00094800372608
6895,0.0010423864005133,0.0010423864005133
6896,0.0009725987911224,0.0009725987911224
6897,0.000957102747634,0.000957102747634
6898,0.0009588014800101,0.0009588014800101
6899,0.0010010830592364,0.0010010830592364
6900,0.0008668758673593,0.0008668758673593
6901,0.0008770282729528,0.0008770282729528
6902,0.0009439426939934,0.0009439426939934
6903,0.0009289797162637,0.0009289797162637
6904,0.0009210218559019,0.0009210218559019
6905,0.0009988486999645,0.0009988486999645
6906,0.000977614079602,0.000977614079602
6907,0.000930992537178,0.000930992537178
6908,0.0009421002469025,0.0009421002469025
6909,0.0009296409552916,0.0009296409552916
6910,0.0009135383879765,0.0009135383879765
6911,0.0009570444817654,0.0009570444817654
6912,0.0011009412119165,0.0011009412119165
6913,0.0009543892228975,0.0009543892228975
6914,0.000939893303439,0.000939893303439
6915,0.0009843193693086,0.0009843193693086
6916,0.0009377363021485,0.0009377363021485
6917,0.0010446854867041,0.0010446854867041
6918,0.0010219832183793,0.0010219832183793
6919,0.0009348007151857,0.0009348007151857
6920,0.0010196258081123,0.0010196258081123
6921,0.0010853930143639,0.0010853930143639
6922,0.0008780047064647,0.0008780047064647
6923,0.0009481434244662,0.0009481434244662
6924,0.0010009491816163,0.0010009491816163
6925,0.0009917657589539,0.0009917657589539
6926,0.0009904946200549,0.0009904946200549
6927,0.0009995505679398,0.0009995505679398
6928,0.0009902525926008,0.0009902525926008
6929,0.0009355701622553,0.0009355701622553
6930,0.0009161416674032,0.0009161416674032
6931,0.0010208012536168,0.0010208012536168
6932,0.0009952920954674,0.0009952920954674
6933,0.0009601400233805,0.0009601400233805
6934,0.0009906601626425,0.0009906601626425
6935,0.0009195735910907,0.0009195735910907
6936,0.0009640528587624,0.0009640528587624
6937,0.0009822108549997,0.0009822108549997
6938,0.0009588693501427,0.0009588693501427
6939,0.0009108099620789,0.0009108099620789
6940,0.0009935253765434,0.0009935253765434
6941,0.0010065142996609,0.0010065142996609
6942,0.0009643495432101,0.0009643495432101
6943,0.0009757129591889,0.0009757129591889
6944,0.0009826917666941,0.0009826917666941
6945,0.0009263756801374,0.0009263756801374
6946,0.0008954055374488,0.0008954055374488
6947,0.0009128264500759,0.0009128264500759
6948,0.000926314969547,0.000926314969547
6949,0.0009415611857548,0.0009415611857548
6950,0.0009686463163234,0.0009686463163234
6951,0.0009278867510147,0.0009278867510147
6952,0.0009465853217989,0.0009465853217989
6953,0.0009018623386509,0.0009018623386509
6954,0.0010029247496277,0.0010029247496277
6955,0.0009012019727379,0.0009012019727379
6956,0.0009320296812802,0.0009320296812802
6957,0.0009299702942371,0.0009299702942371
6958,0.0008625734481029,0.0008625734481029
6959,0.001012367894873,0.001012367894873
6960,0.0009582145721651,0.0009582145721651
6961,0.0008444388513453,0.0008444388513453
6962,0.0010058075422421,0.0010058075422421
6963,0.0010236322414129,0.0010236322414129
6964,0.0009352262713946,0.0009352262713946
6965,0.0009048219653777,0.0009048219653777
6966,0.0009322091937065,0.0009322091937065
6967,0.0009906241903081,0.0009906241903081
6968,0.0009450595243833,0.0009450595243833
6969,0.0009692724561318,0.0009692724561318
6970,0.0009671419975347,0.0009671419975347
6971,0.0009975380962714,0.0009975380962714
6972,0.0009386773454025,0.0009386773454025
6973,0.0009375641238875,0.0009375641238875
6974,0.0009073133696801,0.0009073133696801
6975,0.0009457593550905,0.0009457593550905
6976,0.0009346679435111,0.0009346679435111
6977,0.0009620189666748,0.0009620189666748
6978,0.0009907612111419,0.0009907612111419
6979,0.0010168271837756,0.0010168271837756
6980,0.0009826108580455,0.0009826108580455
6981,0.0009196781320497,0.0009196781320497
6982,0.0009903268655762,0.0009903268655762
6983,0.0009306406718678,0.0009306406718678
6984,0.0009993950370699,0.0009993950370699
6985,0.0010251633357256,0.0010251633357256
6986,0.000954566814471,0.000954566814471
6987,0.0008901665569283,0.0008901665569283
6988,0.0008836509659886,0.0008836509659886
6989,0.0009278423385694,0.0009278423385694
6990,0.0010169375455006,0.0010169375455006
6991,0.0010063033550977,0.0010063033550977
6992,0.0009542817715555,0.0009542817715555
6993,0.0009159056353382,0.0009159056353382
6994,0.0010351504897698,0.0010351504897698
6995,0.0009252805029973,0.0009252805029973
6996,0.0008610235527157,0.0008610235527157
6997,0.000934675510507,0.000934675510507
6998,0.0009927898645401,0.0009927898645401
6999,0.0009510046220384,0.0009510046220384
7000,0.0009851371869444,0.0009851371869444
7001,0.0009502235334366,0.0009502235334366
7002,0.0009551593684591,0.0009551593684591
7003,0.0009428361081518,0.0009428361081518
7004,0.0009785661241039,0.0009785661241039
7005,0.0010493798181414,0.0010493798181414
7006,0.0009857600089162,0.0009857600089162
7007,0.0009248747956007,0.0009248747956007
7008,0.0009828626643866,0.0009828626643866
7009,0.0008978459518402,0.0008978459518402
7010,0.00092818075791,0.00092818075791
7011,0.0009348127059638,0.0009348127059638
7012,0.000998658593744,0.000998658593744
7013,0.0009362130076624,0.0009362130076624
7014,0.0009648153209127,0.0009648153209127
7015,0.0009933644905686,0.0009933644905686
7016,0.0009435675456188,0.0009435675456188
7017,0.0010259933769702,0.0010259933769702
7018,0.001056183129549,0.001056183129549
7019,0.0008817634661681,0.0008817634661681
7020,0.0009130928665399,0.0009130928665399
7021,0.0009427836048416,0.0009427836048416
7022,0.0009507279610261,0.0009507279610261
7023,0.0009765792638063,0.0009765792638063
7024,0.0009356549708172,0.0009356549708172
7025,0.0008904713904485,0.0008904713904485
7026,0.0009911586530506,0.0009911586530506
7027,0.0008993640076369,0.0008993640076369
7028,0.0008848277502693,0.0008848277502693
7029,0.0009648560080677,0.0009648560080677
7030,0.000887289061211,0.000887289061211
7031,0.0009094206034205,0.0009094206034205
7032,0.0009752417099662,0.0009752417099662
7033,0.000944766390603,0.000944766390603
7034,0.0009455904364585,0.0009455904364585
7035,0.0009224223904311,0.0009224223904311
7036,0.0010355676058679,0.0010355676058679
7037,0.0009148644749075,0.0009148644749075
7038,0.0009207179537042,0.0009207179537042
7039,0.0009570324327796,0.0009570324327796
7040,0.0009182282956317,0.0009182282956317
7041,0.0009928946383297,0.0009928946383297
7042,0.0009474001126363,0.0009474001126363
7043,0.0009087863727472,0.0009087863727472
7044,0.0009391305502504,0.0009391305502504
7045,0.0009924994083121,0.0009924994083121
7046,0.0009010693174786,0.0009010693174786
7047,0.001056500012055,0.001056500012055
7048,0.0009419358684681,0.0009419358684681
7049,0.0009316066862083,0.0009316066862083
7050,0.000933272705879,0.000933272705879
7051,0.0009081094176508,0.0009081094176508
7052,0.0009918346768245,0.0009918346768245
7053,0.0009136389708146,0.0009136389708146
7054,0.0009244886459782,0.0009244886459782
7055,0.0009598386241123,0.0009598386241123
7056,0.00093215983361,0.00093215983361
7057,0.000962650112342,0.000962650112342
7058,0.0009484920301474,0.0009484920301474
7059,0.0009576706797815,0.0009576706797815
7060,0.0009328830637969,0.0009328830637969
7061,0.0008869507000781,0.0008869507000781
7062,0.0009655222529545,0.0009655222529545
7063,0.000928247347474,0.000928247347474
7064,0.0009917935822159,0.0009917935822159
7065,0.0009948286460712,0.0009948286460712
7066,0.0009105056524276,0.0009105056524276
7067,0.0009301714017055,0.0009301714017055
7068,0.0009818801190704,0.0009818801190704
7069,0.0009500688756816,0.0009500688756816
7070,0.0009318953962065,0.0009318953962065
7071,0.0009595548035576,0.0009595548035576
7072,0.0010304567404091,0.0010304567404091
7073,0.0010081194341182,0.0010081194341182
7074,0.0009322520345449,0.0009322520345449
7075,0.0009697556961327,0.0009697556961327
7076,0.0010520929936319,0.0010520929936319
7077,0.0008699799655005,0.0008699799655005
7078,0.0010055063758045,0.0010055063758045
7079,0.0009850746719166,0.0009850746719166
7080,0.0009847413748502,0.0009847413748502
7081,0.001013844506815,0.001013844506815
7082,0.0009912186069414,0.0009912186069414
7083,0.000906374247279,0.000906374247279
7084,0.0009947926737368,0.0009947926737368
7085,0.0009819010738283,0.0009819010738283
7086,0.0009490706725046,0.0009490706725046
7087,0.0009880568832159,0.0009880568832159
7088,0.0009498539147898,0.0009498539147898
7089,0.0009421138092875,0.0009421138092875
7090,0.0009524594061076,0.0009524594061076
7091,0.0009552306728437,0.0009552306728437
7092,0.0009976950241252,0.0009976950241252
7093,0.0009376602829433,0.0009376602829433
7094,0.0009752431651577,0.0009752431651577
7095,0.0009521978790871,0.0009521978790871
7096,0.0008969773189164,0.0008969773189164
7097,0.0009007102344185,0.0009007102344185
7098,0.0009215510217472,0.0009215510217472
7099,0.0008874532650224,0.0008874532650224
7100,0.0009458037675358,0.0009458037675358
7101,0.0009424911695532,0.0009424911695532
7102,0.0008966889581643,0.0008966889581643
7103,0.000899511273019,0.000899511273019
7104,0.0009880890138447,0.0009880890138447
7105,0.0008929632022045,0.0008929632022045
7106,0.0009245968540199,0.0009245968540199
7107,0.0010464922524988,0.0010464922524988
7108,0.0009746039286255,0.0009746039286255
7109,0.0009308933513239,0.0009308933513239
7110,0.0009306931169703,0.0009306931169703
7111,0.0009194685844704,0.0009194685844704
7112,0.0009567267261445,0.0009567267261445
7113,0.000997178023681,0.000997178023681
7114,0.0008980376878753,0.0008980376878753
7115,0.0008526716846972,0.0008526716846972
7116,0.0009865564061328,0.0009865564061328
7117,0.0009247279376722,0.0009247279376722
7118,0.0009887048508971,0.0009887048508971
7119,0.0009533650008961,0.0009533650008961
7120,0.0008946642046794,0.0008946642046794
7121,0.0009988767560571,0.0009988767560571
7122,0.0010146326385438,0.0010146326385438
7123,0.0009162209462374,0.0009162209462374
7124,0.0010995013872161,0.0010995013872161
7125,0.0010077828774228,0.0010077828774228
7126,0.000913500203751,0.000913500203751
7127,0.0010271907085552,0.0010271907085552
7128,0.0008992397342808,0.0008992397342808
7129,0.0008930762996897,0.0008930762996897
7130,0.0010665162699297,0.0010665162699297
7131,0.0009369396138936,0.0009369396138936
7132,0.0009029079228639,0.0009029079228639
7133,0.0010542462114244,0.0010542462114244
7134,0.0009618304320611,0.0009618304320611
7135,0.0010090802097693,0.0010090802097693
7136,0.0010468682739883,0.0010468682739883
7137,0.0010120873339474,0.0010120873339474
7138,0.0009794898796826,0.0009794898796826
7139,0.0010525464313104,0.0010525464313104
7140,0.0009948486695066,0.0009948486695066
7141,0.0009631962748244,0.0009631962748244
7142,0.0009705137345008,0.0009705137345008
7143,0.0009414179949089,0.0009414179949089
7144,0.0009952000109478,0.0009952000109478
7145,0.0010303831659257,0.0010303831659257
7146,0.0010075760073959,0.0010075760073959
7147,0.0009216489270329,0.0009216489270329
7148,0.0010462668724358,0.0010462668724358
7149,0.0009761517285369,0.0009761517285369
7150,0.0010174830676987,0.0010174830676987
7151,0.0010032354621216,0.0010032354621216
7152,0.001067996956408,0.001067996956408
7153,0.0009433311061002,0.0009433311061002
7154,0.0010084168752655,0.0010084168752655
7155,0.0010801254538819,0.0010801254538819
7156,0.000990446191281,0.000990446191281
7157,0.0009164459770545,0.0009164459770545
7158,0.0009056918206624,0.0009056918206624
7159,0.0009959822054952,0.0009959822054952
7160,0.0009516823338344,0.0009516823338344
7161,0.0010310622164979,0.0010310622164979
7162,0.0009531234391033,0.0009531234391033
7163,0.0009060030570253,0.0009060030570253
7164,0.0009335259674116,0.0009335259674116
7165,0.0010271605569869,0.0010271605569869
7166,0.0008898496744222,0.0008898496744222
7167,0.0009146107477135,0.0009146107477135
7168,0.0009290629532188,0.0009290629532188
7169,0.0009453204111196,0.0009453204111196
7170,0.0009279908845201,0.0009279908845201
7171,0.0008922355482354,0.0008922355482354
7172,0.0008816022309474,0.0008816022309474
7173,0.0008876549545675,0.0008876549545675
7174,0.0009144871146418,0.0009144871146418
7175,0.0008565920870751,0.0008565920870751
7176,0.0009146695374511,0.0009146695374511
7177,0.0009647694532759,0.0009647694532759
7178,0.0009431195212528,0.0009431195212528
7179,0.0009427992044948,0.0009427992044948
7180,0.0009472047677263,0.0009472047677263
7181,0.0009481054730713,0.0009481054730713
7182,0.0009306473657488,0.0009306473657488
7183,0.0009670765139162,0.0009670765139162
7184,0.0009599713957868,0.0009599713957868
7185,0.000950165092945,0.000950165092945
7186,0.000930824491661,0.000930824491661
7187,0.0009290892048738,0.0009290892048738
7188,0.0010362684261053,0.0010362684261053
7189,0.0009326524450443,0.0009326524450443
7190,0.00093224394368,0.00093224394368
7191,0.0010911442805081,0.0010911442805081
7192,0.0008667916408739,0.0008667916408739
7193,0.0010547295678406,0.0010547295678406
7194,0.0009423299343325,0.0009423299343325
7195,0.0009423118317499,0.0009423118317499
7196,0.0009135541622526,0.0009135541622526
7197,0.0009503566543571,0.0009503566543571
7198,0.0008802466327324,0.0008802466327324
7199,0.0009369010804221,0.0009369010804221
7200,0.0009193727746605,0.0009193727746605
7201,0.0009675428154878,0.0009675428154878
7202,0.0009459820576012,0.0009459820576012
7203,0.0009053606190718,0.0009053606190718
7204,0.0010286966571584,0.0010286966571584
7205,0.0010328311473131,0.0010328311473131
7206,0.0009704193216748,0.0009704193216748
7207,0.001065794378519,0.001065794378519
7208,0.0009733477490954,0.0009733477490954
7209,0.0010143584804609,0.0010143584804609
7210,0.0009289787849411,0.0009289787849411
7211,0.0010357204591855,0.0010357204591855
7212,0.0009881271980702,0.0009881271980702
7213,0.0009848484769463,0.0009848484769463
7214,0.0009862337028607,0.0009862337028607
7215,0.0009376579546369,0.0009376579546369
7216,0.0009565987857058,0.0009565987857058
7217,0.0009290687739849,0.0009290687739849
7218,0.0009098534937947,0.0009098534937947
7219,0.0009857843397185,0.0009857843397185
7220,0.0009960295865312,0.0009960295865312
7221,0.0009197748731821,0.0009197748731821
7222,0.000938799988944,0.000938799988944
7223,0.0009689345606602,0.0009689345606602
7224,0.000926878361497,0.000926878361497
7225,0.0010500780772417,0.0010500780772417
7226,0.0009271086892113,0.0009271086892113
7227,0.0009317653020843,0.0009317653020843
7228,0.0010233083739876,0.0010233083739876
7229,0.0009489833028055,0.0009489833028055
7230,0.0009316685027442,0.0009316685027442
7231,0.0008923452696762,0.0008923452696762
7232,0.0009846170432865,0.0009846170432865
7233,0.0011022984981536,0.0011022984981536
7234,0.0010156359057873,0.0010156359057873
7235,0.000968791777268,0.000968791777268
7236,0.0009510387317277,0.0009510387317277
7237,0.0009408078039996,0.0009408078039996
7238,0.0008525710436515,0.0008525710436515
7239,0.0009592348360456,0.0009592348360456
7240,0.0009655134635977,0.0009655134635977
7241,0.0010560507653281,0.0010560507653281
7242,0.0009879245189949,0.0009879245189949
7243,0.0009911055676639,0.0009911055676639
7244,0.0010200692340731,0.0010200692340731
7245,0.0008706409716978,0.0008706409716978
7246,0.0009263214888051,0.0009263214888051
7247,0.0009415046079084,0.0009415046079084
7248,0.0009649590356275,0.0009649590356275
7249,0.0009801508858799,0.0009801508858799
7250,0.0009224291425198,0.0009224291425198
7251,0.0009582281345501,0.0009582281345501
7252,0.0010226378217339,0.0010226378217339
7253,0.0009526669746264,0.0009526669746264
7254,0.0008871827740222,0.0008871827740222
7255,0.0010266441386193,0.0010266441386193
7256,0.000933987495955,0.000933987495955
7257,0.0008815530454739,0.0008815530454739
7258,0.0008998666889965,0.0008998666889965
7259,0.0008462715777568,0.0008462715777568
7260,0.0008997999248094,0.0008997999248094
7261,0.0009842846775427,0.0009842846775427
7262,0.0009658955968916,0.0009658955968916
7263,0.0009560516336932,0.0009560516336932
7264,0.0009359374525956,0.0009359374525956
7265,0.0008403306128457,0.0008403306128457
7266,0.0009416062384843,0.0009416062384843
7267,0.0009270866867154,0.0009270866867154
7268,0.0009234069730155,0.0009234069730155
7269,0.0008910656906664,0.0008910656906664
7270,0.0008874114137142,0.0008874114137142
7271,0.0009946834761649,0.0009946834761649
7272,0.0009430072968825,0.0009430072968825
7273,0.0009866292821243,0.0009866292821243
7274,0.0008972078794613,0.0008972078794613
7275,0.0008710242109373,0.0008710242109373
7276,0.00084152497584,0.00084152497584
7277,0.0009371979977004,0.0009371979977004
7278,0.000869077804964,0.000869077804964
7279,0.0009270051377825,0.0009270051377825
7280,0.0009229870629496,0.0009229870629496
7281,0.0010343135800212,0.0010343135800212
7282,0.0009505025227554,0.0009505025227554
7283,0.0009780401596799,0.0009780401596799
7284,0.0009866212494671,0.0009866212494671
7285,0.001002175733447,0.001002175733447
7286,0.0009998667519539,0.0009998667519539
7287,0.0009418336558155,0.0009418336558155
7288,0.0009777533123269,0.0009777533123269
7289,0.0009781722910702,0.0009781722910702
7290,0.0009046951890923,0.0009046951890923
7291,0.0009275375632569,0.0009275375632569
7292,0.0010355986887589,0.0010355986887589
7293,0.0009610463166609,0.0009610463166609
7294,0.000962589867413,0.000962589867413
7295,0.000971449073404,0.000971449073404
7296,0.0009645145037211,0.0009645145037211
7297,0.0009960315655916,0.0009960315655916
7298,0.001013136934489,0.001013136934489
7299,0.0010400954633951,0.0010400954633951
7300,0.0010077923070639,0.0010077923070639
7301,0.0008738207397982,0.0008738207397982
7302,0.0009026968036778,0.0009026968036778
7303,0.0009579764446243,0.0009579764446243
7304,0.0009414214873686,0.0009414214873686
7305,0.0008760075434111,0.0008760075434111
7306,0.000928541237954,0.000928541237954
7307,0.0009341487893834,0.0009341487893834
7308,0.0009655837784521,0.0009655837784521
7309,0.0010183154372498,0.0010183154372498
7310,0.0008998925331979,0.0008998925331979
7311,0.0009347487939521,0.0009347487939521
7312,0.0009348096791654,0.0009348096791654
7313,0.0009992982959374,0.0009992982959374
7314,0.0009664248791523,0.0009664248791523
7315,0.0009841509163379,0.0009841509163379
7316,0.0008866185671649,0.0008866185671649
7317,0.0009173096623271,0.0009173096623271
7318,0.0009981738403439,0.0009981738403439
7319,0.0008787458064034,0.0008787458064034
7320,0.0009395516244694,0.0009395516244694
7321,0.000983367441222,0.000983367441222
7322,0.0009480029111728,0.0009480029111728
7323,0.0009636528557166,0.0009636528557166
7324,0.0009405058226548,0.0009405058226548
7325,0.0008801685762591,0.0008801685762591
7326,0.0009645434911362,0.0009645434911362
7327,0.0009551601251587,0.0009551601251587
7328,0.0009457358391955,0.0009457358391955
7329,0.0009587004315108,0.0009587004315108
7330,0.0009191430290229,0.0009191430290229
7331,0.0009169346885755,0.0009169346885755
7332,0.0009835755918174,0.0009835755918174
7333,0.0010055981110781,0.0010055981110781
7334,0.0008699760655872,0.0008699760655872
7335,0.0009219048079103,0.0009219048079103
7336,0.0010730747599154,0.0010730747599154
7337,0.0009242902742698,0.0009242902742698
7338,0.0009985620854422,0.0009985620854422
7339,0.0009605870000086,0.0009605870000086
7340,0.0009501661406829,0.0009501661406829
7341,0.0009577132877893,0.0009577132877893
7342,0.0009976089932024,0.0009976089932024
7343,0.0009273329633288,0.0009273329633288
7344,0.0009169849799945,0.0009169849799945
7345,0.0009877302218228,0.0009877302218228
7346,0.0009801723062992,0.0009801723062992
7347,0.0009650305728428,0.0009650305728428
7348,0.0009707314893603,0.0009707314893603
7349,0.0009021833539009,0.0009021833539009
7350,0.0010127926943823,0.0010127926943823
7351,0.0008598153945058,0.0008598153945058
7352,0.0009826475288718,0.0009826475288718
7353,0.00101798994001,0.00101798994001
7354,0.0009067659266293,0.0009067659266293
7355,0.0009006944601424,0.0009006944601424
7356,0.0009193855803459,0.0009193855803459
7357,0.0009467946947552,0.0009467946947552
7358,0.0010050411801785,0.0010050411801785
7359,0.0010007946984842,0.0010007946984842
7360,0.0010491893626749,0.0010491893626749
7361,0.0009642342920415,0.0009642342920415
7362,0.0009566046646796,0.0009566046646796
7363,0.0010120444931089,0.0010120444931089
7364,0.0010603687260299,0.0010603687260299
7365,0.000946597661823,0.000946597661823
7366,0.0008642362081445,0.0008642362081445
7367,0.0009662825032137,0.0009662825032137
7368,0.0009942782344296,0.0009942782344296
7369,0.0009530996903777,0.0009530996903777
7370,0.0008794207824394,0.0008794207824394
7371,0.0010010375408455,0.0010010375408455
7372,0.0010047394316643,0.0010047394316643
7373,0.0009889033390209,0.0009889033390209
7374,0.0009125847718678,0.0009125847718678
7375,0.0008757873438298,0.0008757873438298
7376,0.0009925533086061,0.0009925533086061
7377,0.0009389228071086,0.0009389228071086
7378,0.0009541533654555,0.0009541533654555
7379,0.0009855098323896,0.0009855098323896
7380,0.0009358447859995,0.0009358447859995
7381,0.0009701329981908,0.0009701329981908
7382,0.0010194171918556,0.0010194171918556
7383,0.0009820049162954,0.0009820049162954
7384,0.0010130847804248,0.0010130847804248
7385,0.0009465144830755,0.0009465144830755
7386,0.0008927775779739,0.0008927775779739
7387,0.0010222754208371,0.0010222754208371
7388,0.0009056300623342,0.0009056300623342
7389,0.0010005884105339,0.0010005884105339
7390,0.0009166987729258,0.0009166987729258
7391,0.0009692543535493,0.0009692543535493
7392,0.0009237059275619,0.0009237059275619
7393,0.000898060563486,0.000898060563486
7394,0.0010220170952379,0.0010220170952379
7395,0.0009840910788625,0.0009840910788625
7396,0.0009723335388116,0.0009723335388116
7397,0.0009368417668156,0.0009368417668156
7398,0.0009739425149746,0.0009739425149746
7399,0.0009005473693832,0.0009005473693832
7400,0.0009641809738241,0.0009641809738241
7401,0.0009948164224624,0.0009948164224624
7402,0.0009117464069277,0.0009117464069277
7403,0.0009804461151361,0.0009804461151361
7404,0.0010304735042154,0.0010304735042154
7405,0.0009578079916536,0.0009578079916536
7406,0.0009445520699955,0.0009445520699955
7407,0.0009139007888734,0.0009139007888734
7408,0.0008971975184977,0.0008971975184977
7409,0.0009457371779717,0.0009457371779717
7410,0.0009806855814531,0.0009806855814531
7411,0.000830536999274,0.000830536999274
7412,0.0009846927132457,0.0009846927132457
7413,0.0009035575203597,0.0009035575203597
7414,0.0009535339777357,0.0009535339777357
7415,0.0009566060034558,0.0009566060034558
7416,0.0008943431894294,0.0008943431894294
7417,0.0009566426160745,0.0009566426160745
7418,0.000882240885403,0.000882240885403
7419,0.0009002147708088,0.0009002147708088
7420,0.0009551490074954,0.0009551490074954
7421,0.0009395817178301,0.0009395817178301
7422,0.0009004625026136,0.0009004625026136
7423,0.0009354185895062,0.0009354185895062
7424,0.001004827208817,0.001004827208817
7425,0.0009558499441482,0.0009558499441482
7426,0.0009036750998347,0.0009036750998347
7427,0.0009709271253086,0.0009709271253086
7428,0.0009415078675374,0.0009415078675374
7429,0.0008364246459677,0.0008364246459677
7430,0.000921991711948,0.000921991711948
7431,0.0009733006590977,0.0009733006590977
7432,0.0009598250617273,0.0009598250617273
7433,0.001043144846335,0.001043144846335
7434,0.0010171114699915,0.0010171114699915
7435,0.0009716862114146,0.0009716862114146
7436,0.0009962248150259,0.0009962248150259
7437,0.0009182721260003,0.0009182721260003
7438,0.0010103433160111,0.0010103433160111
7439,0.0009195305756293,0.0009195305756293
7440,0.0010808451334014,0.0010808451334014
7441,0.0009668396087363,0.0009668396087363
7442,0.0009243792737834,0.0009243792737834
7443,0.000965037907008,0.000965037907008
7444,0.000911267241463,0.000911267241463
7445,0.0009390570921823,0.0009390570921823
7446,0.0009272333118133,0.0009272333118133
7447,0.0010891943238675,0.0010891943238675
7448,0.000977330841124,0.000977330841124
7449,0.0010027831885963,0.0010027831885963
7450,0.0010095164179801,0.0010095164179801
7451,0.0009395802044309,0.0009395802044309
7452,0.0009799731196835,0.0009799731196835
7453,0.0009135868167504,0.0009135868167504
7454,0.0009675684268586,0.0009675684268586
7455,0.0009222209919244,0.0009222209919244
7456,0.0009837853722274,0.0009837853722274
7457,0.0009202663204632,0.0009202663204632
7458,0.0009342294069938,0.0009342294069938
7459,0.0009672055020928,0.0009672055020928
7460,0.0008639824227429,0.0008639824227429
7461,0.0009442580631002,0.0009442580631002
7462,0.0010031217243522,0.0010031217243522
7463,0.0010347159113734,0.0010347159113734
7464,0.0009558627498336,0.0009558627498336
7465,0.0010210481705144,0.0010210481705144
7466,0.0009916722774505,0.0009916722774505
7467,0.0009372767526656,0.0009372767526656
7468,0.0010140595259144,0.0010140595259144
7469,0.0009363164426758,0.0009363164426758
7470,0.0009107722435146,0.0009107722435146
7471,0.0009426905889995,0.0009426905889995
7472,0.001039073918946,0.001039073918946
7473,0.000969436019659,0.000969436019659
7474,0.0009575635776855,0.0009575635776855
7475,0.0009183749789372,0.0009183749789372
7476,0.0009757611551322,0.0009757611551322
7477,0.0009703615796752,0.0009703615796752
7478,0.0009500493179075,0.0009500493179075
7479,0.001017652451992,0.001017652451992
7480,0.0010324800387024,0.0010324800387024
7481,0.0008825638797134,0.0008825638797134
7482,0.0009834126103669,0.0009834126103669
7483,0.0009111450053751,0.0009111450053751
7484,0.0009806372690945,0.0009806372690945
7485,0.0008641281165182,0.0008641281165182
7486,0.0009028711356222,0.0009028711356222
7487,0.0010087569244205,0.0010087569244205
7488,0.00090565206483,0.00090565206483
7489,0.0008992744842544,0.0008992744842544
7490,0.0009864914463832,0.0009864914463832
7491,0.0009692984749563,0.0009692984749563
7492,0.0009898024145513,0.0009898024145513
7493,0.0008908183081075,0.0008908183081075
7494,0.0009092246764339,0.0009092246764339
7495,0.0009443196468055,0.0009443196468055
7496,0.0009179430780932,0.0009179430780932
7497,0.0009075663983821,0.0009075663983821
7498,0.0009317464428022,0.0009317464428022
7499,0.0008859846275299,0.0008859846275299
7500,0.0009584774379618,0.0009584774379618
7501,0.0009607981191948,0.0009607981191948
7502,0.0008921698317863,0.0008921698317863
7503,0.0009636115282773,0.0009636115282773
7504,0.0008620569715276,0.0008620569715276
7505,0.0009443232556805,0.0009443232556805
7506,0.0009318689117208,0.0009318689117208
7507,0.000966417894233,0.000966417894233
7508,0.0009583708597347,0.0009583708597347
7509,0.00095273158513,0.00095273158513
7510,0.0009626498795114,0.0009626498795114
7511,0.00087322545005,0.00087322545005
7512,0.0010088786948472,0.0010088786948472
7513,0.000883258471731,0.000883258471731
7514,0.0009662032243795,0.0009662032243795
7515,0.0009144261130131,0.0009144261130131
7516,0.0008819960057735,0.0008819960057735
7517,0.0009114998974837,0.0009114998974837
7518,0.0009890631772577,0.0009890631772577
7519,0.0009651622967794,0.0009651622967794
7520,0.0009865545434877,0.0009865545434877
7521,0.0010009345132857,0.0010009345132857
7522,0.0009947242215275,0.0009947242215275
7523,0.0009279645164497,0.0009279645164497
7524,0.0008914165082387,0.0008914165082387
7525,0.0009628764819353,0.0009628764819353
7526,0.0008826733683235,0.0008826733683235
7527,0.0009235108736902,0.0009235108736902
7528,0.0009214658057317,0.0009214658057317
7529,0.000983762438409,0.000983762438409
7530,0.0009319926030002,0.0009319926030002
7531,0.0008639703155495,0.0008639703155495
7532,0.0008691773400641,0.0008691773400641
7533,0.0009070566738955,0.0009070566738955
7534,0.0010144687257707,0.0010144687257707
7535,0.0009299511439166,0.0009299511439166
7536,0.0009943898767232,0.0009943898767232
7537,0.0010882338974624,0.0010882338974624
7538,0.0009017477859742,0.0009017477859742
7539,0.000977061339654,0.000977061339654
7540,0.0009892844827845,0.0009892844827845
7541,0.0009789117611944,0.0009789117611944
7542,0.0009093890548683,0.0009093890548683
7543,0.000900020240806,0.000900020240806
7544,0.0009729203884489,0.0009729203884489
7545,0.0009417089750058,0.0009417089750058
7546,0.0010048798285424,0.0010048798285424
7547,0.0008752644062042,0.0008752644062042
7548,0.0009079682058654,0.0009079682058654
7549,0.0009789927862584,0.0009789927862584
7550,0.0009733680053614,0.0009733680053614
7551,0.0009119427413679,0.0009119427413679
7552,0.0008983724401332,0.0008983724401332
7553,0.0010507908882573,0.0010507908882573
7554,0.0010017083259299,0.0010017083259299
7555,0.0009148214594461,0.0009148214594461
7556,0.0009192075231112,0.0009192075231112
7557,0.0008838302455842,0.0008838302455842
7558,0.0010785802733153,0.0010785802733153
7559,0.0009600857156328,0.0009600857156328
7560,0.0009967549704015,0.0009967549704015
7561,0.0010074444580823,0.0010074444580823
7562,0.0009744573617354,0.0009744573617354
7563,0.0009371780324727,0.0009371780324727
7564,0.0009914441034197,0.0009914441034197
7565,0.0009261092636734,0.0009261092636734
7566,0.0010103099048137,0.0010103099048137
7567,0.0009638868505135,0.0009638868505135
7568,0.0010083628585562,0.0010083628585562
7569,0.0009696088382042,0.0009696088382042
7570,0.0009356169612146,0.0009356169612146
7571,0.0010073145385831,0.0010073145385831
7572,0.0009692476014606,0.0009692476014606
7573,0.0010132924653589,0.0010132924653589
7574,0.0010509317507967,0.0010509317507967
7575,0.0008991316426545,0.0008991316426545
7576,0.000965874583926,0.000965874583926
7577,0.0009691866580396,0.0009691866580396
7578,0.0009482545428909,0.0009482545428909
7579,0.0009210527059622,0.0009210527059622
7580,0.0009504476911388,0.0009504476911388
7581,0.0008930071489885,0.0008930071489885
7582,0.0008570060017518,0.0008570060017518
7583,0.0009366277372464,0.0009366277372464
7584,0.0009058028226718,0.0009058028226718
7585,0.0009963519405573,0.0009963519405573
7586,0.0009807776659727,0.0009807776659727
7587,0.0009472123347222,0.0009472123347222
7588,0.0010314066894352,0.0010314066894352
7589,0.0009838320547714,0.0009838320547714
7590,0.0009583357023075,0.0009583357023075
7591,0.0010114719625562,0.0010114719625562
7592,0.0009477272978983,0.0009477272978983
7593,0.0009951262036338,0.0009951262036338
7594,0.0010555002372711,0.0010555002372711
7595,0.0010031616548076,0.0010031616548076
7596,0.0008817625930532,0.0008817625930532
7597,0.0009855269454419,0.0009855269454419
7598,0.0008713616407476,0.0008713616407476
7599,0.0009146833326667,0.0009146833326667
7600,0.0010215746005997,0.0010215746005997
7601,0.0009564377833157,0.0009564377833157
7602,0.0009232820593751,0.0009232820593751
7603,0.0008952987845987,0.0008952987845987
7604,0.0009861089056357,0.0009861089056357
7605,0.0010662553831934,0.0010662553831934
7606,0.0009795818477869,0.0009795818477869
7607,0.0009778786916285,0.0009778786916285
7608,0.0010762236779555,0.0010762236779555
7609,0.0009602536447346,0.0009602536447346
7610,0.0009844749001786,0.0009844749001786
7611,0.0010008679237216,0.0010008679237216
7612,0.0010399096645414,0.0010399096645414
7613,0.0009522141190245,0.0009522141190245
7614,0.0009903733152896,0.0009903733152896
7615,0.0009826408931985,0.0009826408931985
7616,0.0009054859401658,0.0009054859401658
7617,0.0010387408547103,0.0010387408547103
7618,0.0009019625140354,0.0009019625140354
7619,0.0009329277090728,0.0009329277090728
7620,0.0009273170144297,0.0009273170144297
7621,0.000928929366637,0.000928929366637
7622,0.0009389150654897,0.0009389150654897
7623,0.0009420182905159,0.0009420182905159
7624,0.0010077870683744,0.0010077870683744
7625,0.0009400957496836,0.0009400957496836
7626,0.000969095621258,0.000969095621258
7627,0.0008999677957035,0.0008999677957035
7628,0.0009647034457884,0.0009647034457884
7629,0.0010427827946841,0.0010427827946841
7630,0.0008975547389127,0.0008975547389127
7631,0.0011022298131138,0.0011022298131138
7632,0.0009964577620849,0.0009964577620849
7633,0.0010111022274941,0.0010111022274941
7634,0.0009026385378092,0.0009026385378092
7635,0.0009793509962037,0.0009793509962037
7636,0.0009794854559004,0.0009794854559004
7637,0.0009291011374443,0.0009291011374443
7638,0.0008985312306322,0.0008985312306322
7639,0.0008654390112496,0.0008654390112496
7640,0.000971408386249,0.000971408386249
7641,0.0009946380741894,0.0009946380741894
7642,0.0009339441312476,0.0009339441312476
7643,0.0009792374912649,0.0009792374912649
7644,0.0009366995655,0.0009366995655
7645,0.000957666314207,0.000957666314207
7646,0.0009664120152592,0.0009664120152592
7647,0.0009475341066718,0.0009475341066718
7648,0.0010107909329235,0.0010107909329235
7649,0.0009694172185845,0.0009694172185845
7650,0.0009910119697451,0.0009910119697451
7651,0.0009344923892058,0.0009344923892058
7652,0.0010072954464703,0.0010072954464703
7653,0.001061680028215,0.001061680028215
7654,0.0009669724386185,0.0009669724386185
7655,0.0009587361710146,0.0009587361710146
7656,0.0009559792233631,0.0009559792233631
7657,0.0009288650471717,0.0009288650471717
7658,0.0009004227467812,0.0009004227467812
7659,0.0009459948050789,0.0009459948050789
7660,0.000970231485553,0.000970231485553
7661,0.0009538838057778,0.0009538838057778
7662,0.0009102614712901,0.0009102614712901
7663,0.0009609909029677,0.0009609909029677
7664,0.0009236208279617,0.0009236208279617
7665,0.0010162328835576,0.0010162328835576
7666,0.0008936990052461,0.0008936990052461
7667,0.0009559678146615,0.0009559678146615
7668,0.0009767096489667,0.0009767096489667
7669,0.0008964939042925,0.0008964939042925
7670,0.0009240150102414,0.0009240150102414
7671,0.0008853059262037,0.0008853059262037
7672,0.0008912347257137,0.0008912347257137
7673,0.000950732617639,0.000950732617639
7674,0.0009457595297135,0.0009457595297135
7675,0.0010078427148982,0.0010078427148982
7676,0.0008876348147168,0.0008876348147168
7677,0.000897541816812,0.000897541816812
7678,0.0009448116179555,0.0009448116179555
7679,0.0008996775723062,0.0008996775723062
7680,0.0009918650612235,0.0009918650612235
7681,0.0009310443419963,0.0009310443419963
7682,0.0009747865260578,0.0009747865260578
7683,0.0009385471930727,0.0009385471930727
7684,0.000945322914049,0.000945322914049
7685,0.000997349852696,0.000997349852696
7686,0.0009928306099027,0.0009928306099027
7687,0.0009197249892167,0.0009197249892167
7688,0.0010095408651977,0.0010095408651977
7689,0.0009175240411423,0.0009175240411423
7690,0.0009703116957098,0.0009703116957098
7691,0.00095427618362,0.00095427618362
7692,0.0009180049528367,0.0009180049528367
7693,0.0009072716347873,0.0009072716347873
7694,0.0009564961655996,0.0009564961655996
7695,0.0009130087564699,0.0009130087564699
7696,0.0009028820786625,0.0009028820786625
7697,0.0008991069043986,0.0008991069043986
7698,0.0009192146826535,0.0009192146826535
7699,0.0009385970188304,0.0009385970188304
7700,0.0009558771271258,0.0009558771271258
7701,0.0009912161622196,0.0009912161622196
7702,0.0008994899690151,0.0008994899690151
7703,0.0009758382220752,0.0009758382220752
7704,0.0009056324488483,0.0009056324488483
7705,0.0009249104186892,0.0009249104186892
7706,0.001023095450364,0.001023095450364
7707,0.0009577384334988,0.0009577384334988
7708,0.0009089467930607,0.0009089467930607
7709,0.0009639074560254,0.0009639074560254
7710,0.0009643662488088,0.0009643662488088
7711,0.0009904492180794,0.0009904492180794
7712,0.0008849226287566,0.0008849226287566
7713,0.0009349334286525,0.0009349334286525
7714,0.0009040848235599,0.0009040848235599
7715,0.000933269271627,0.000933269271627
7716,0.0009882051963359,0.0009882051963359
7717,0.0009535861900076,0.0009535861900076
7718,0.0009567451197654,0.0009567451197654
7719,0.0009499576408416,0.0009499576408416
7720,0.0008830471779219,0.0008830471779219
7721,0.0009845407912507,0.0009845407912507
7722,0.0009047274361364,0.0009047274361364
7723,0.0009849921334534,0.0009849921334534
7724,0.0009435323881916,0.0009435323881916
7725,0.0009173291618935,0.0009173291618935
7726,0.000895666424185,0.000895666424185
7727,0.000930129608605,0.000930129608605
7728,0.0009413138614036,0.0009413138614036
7729,0.0009722798131406,0.0009722798131406
7730,0.0009256330085918,0.0009256330085918
7731,0.0009232191951014,0.0009232191951014
7732,0.0009511282551102,0.0009511282551102
7733,0.0009063287288881,0.0009063287288881
7734,0.000984524609521,0.000984524609521
7735,0.0009000719292089,0.0009000719292089
7736,0.0009812836069613,0.0009812836069613
7737,0.0009606521343812,0.0009606521343812
7738,0.0008966421592049,0.0008966421592049
7739,0.0009502167813479,0.0009502167813479
7740,0.0009769063908606,0.0009769063908606
7741,0.0009517403086647,0.0009517403086647
7742,0.0009062671451829,0.0009062671451829
7743,0.0009164165239781,0.0009164165239781
7744,0.0009453334496356,0.0009453334496356
7745,0.0008887209696695,0.0008887209696695
7746,0.0009007844491861,0.0009007844491861
7747,0.0009689574944786,0.0009689574944786
7748,0.0009348313324153,0.0009348313324153
7749,0.000925481901504,0.000925481901504
7750,0.0008664638153277,0.0008664638153277
7751,0.0009472902165725,0.0009472902165725
7752,0.0009860529098659,0.0009860529098659
7753,0.0009124779026024,0.0009124779026024
7754,0.0008670145180076,0.0008670145180076
7755,0.0009872372029349,0.0009872372029349
7756,0.0009937270078808,0.0009937270078808
7757,0.0009286465356126,0.0009286465356126
7758,0.0009412998333573,0.0009412998333573
7759,0.0009170929552055,0.0009170929552055
7760,0.0009635164751671,0.0009635164751671
7761,0.0009879402350634,0.0009879402350634
7762,0.0009195166057907,0.0009195166057907
7763,0.0009528429363854,0.0009528429363854
7764,0.0010368493385612,0.0010368493385612
7765,0.0009645190439186,0.0009645190439186
7766,0.0009046961204148,0.0009046961204148
7767,0.0009422132279723,0.0009422132279723
7768,0.0009179587941616,0.0009179587941616
7769,0.0010302466107532,0.0010302466107532
7770,0.0009792841738089,0.0009792841738089
7771,0.0009230567375198,0.0009230567375198
7772,0.0009753547492437,0.0009753547492437
7773,0.0009292638860642,0.0009292638860642
7774,0.0009703439427539,0.0009703439427539
7775,0.0009239248465746,0.0009239248465746
7776,0.0008889639866538,0.0008889639866538
7777,0.0010053958976641,0.0010053958976641
7778,0.0008911694167181,0.0008911694167181
7779,0.0009216989274136,0.0009216989274136
7780,0.0009330055327154,0.0009330055327154
7781,0.0009220690699294,0.0009220690699294
7782,0.0009021649020723,0.0009021649020723
7783,0.0009696769993752,0.0009696769993752
7784,0.0009150145342573,0.0009150145342573
7785,0.0010172396432608,0.0010172396432608
7786,0.000940706115216,0.000940706115216
7787,0.0009225460817106,0.0009225460817106
7788,0.0008900358225218,0.0008900358225218
7789,0.0009363267454318,0.0009363267454318
7790,0.0009221043437719,0.0009221043437719
7791,0.0009054458932951,0.0009054458932951
7792,0.0009507061913609,0.0009507061913609
7793,0.0008570236968807,0.0008570236968807
7794,0.000930139736738,0.000930139736738
7795,0.0009429233614355,0.0009429233614355
7796,0.0009047937346622,0.0009047937346622
7797,0.0008968000183813,0.0008968000183813
7798,0.0009780256077647,0.0009780256077647
7799,0.0009326009312644,0.0009326009312644
7800,0.0008933072094805,0.0008933072094805
7801,0.0010056616738438,0.0010056616738438
7802,0.0008475193753838,0.0008475193753838
7803,0.0009646274847909,0.0009646274847909
7804,0.0010212168563157,0.0010212168563157
7805,0.001010293723084,0.001010293723084
7806,0.0009982152841985,0.0009982152841985
7807,0.0009554761345498,0.0009554761345498
7808,0.0009355646325275,0.0009355646325275
7809,0.000957679701969,0.000957679701969
7810,0.0009248137357644,0.0009248137357644
7811,0.0008963220752775,0.0008963220752775
7812,0.0009529860690236,0.0009529860690236
7813,0.0009535623830743,0.0009535623830743
7814,0.0008900454267859,0.0008900454267859
7815,0.0009136192966252,0.0009136192966252
7816,0.0008733784779906,0.0008733784779906
7817,0.0010493375593796,0.0010493375593796
7818,0.0009366676094941,0.0009366676094941
7819,0.0008682881016284,0.0008682881016284
7820,0.0009779315441846,0.0009779315441846
7821,0.0010834822896867,0.0010834822896867
7822,0.0009129241807386,0.0009129241807386
7823,0.0009737652726471,0.0009737652726471
7824,0.0009120075847022,0.0009120075847022
7825,0.0008252392872236,0.0008252392872236
7826,0.0009271017042919,0.0009271017042919
7827,0.0010341019369661,0.0010341019369661
7828,0.0009610400884412,0.0009610400884412
7829,0.0010055543389171,0.0010055543389171
7830,0.0009393200743943,0.0009393200743943
7831,0.0009352070046588,0.0009352070046588
7832,0.0009240199578925,0.0009240199578925
7833,0.0010731078218668,0.0010731078218668
7834,0.0009554439457133,0.0009554439457133
7835,0.0009490042575635,0.0009490042575635
7836,0.0009042411111295,0.0009042411111295
7837,0.0009837413672357,0.0009837413672357
7838,0.0009357968810945,0.0009357968810945
7839,0.0009957873262465,0.0009957873262465
7840,0.0009589742985554,0.0009589742985554
7841,0.000949723937083,0.000949723937083
7842,0.0010114863980561,0.0010114863980561
7843,0.0009882856393232,0.0009882856393232
7844,0.0008917674422264,0.0008917674422264
7845,0.0008856654749251,0.0008856654749251
7846,0.0009822228457778,0.0009822228457778
7847,0.000918915728107,0.000918915728107
7848,0.0009156499290838,0.0009156499290838
7849,0.0009820689447224,0.0009820689447224
7850,0.0009734804625622,0.0009734804625622
7851,0.0009849470807239,0.0009849470807239
7852,0.0009079496958293,0.0009079496958293
7853,0.0009880536235868,0.0009880536235868
7854,0.0009239911451004,0.0009239911451004
7855,0.0009720501257106,0.0009720501257106
7856,0.0010093007003888,0.0010093007003888
7857,0.0009541542967781,0.0009541542967781
7858,0.0009137879824265,0.0009137879824265
7859,0.0009806172456592,0.0009806172456592
7860,0.000961588404607,0.000961588404607
7861,0.0009596825111657,0.0009596825111657
7862,0.0010202112607657,0.0010202112607657
7863,0.0010111662559211,0.0010111662559211
7864,0.0009981986368075,0.0009981986368075
7865,0.0009733262704685,0.0009733262704685
7866,0.0010767797939479,0.0010767797939479
7867,0.0009571414557285,0.0009571414557285
7868,0.0009027834748849,0.0009027834748849
7869,0.0009403107105754,0.0009403107105754
7870,0.0010476079769432,0.0010476079769432
7871,0.0010117189958691,0.0010117189958691
7872,0.000978714087978,0.000978714087978
7873,0.0009412635117769,0.0009412635117769
7874,0.0010071576107293,0.0010071576107293
7875,0.0009989568497985,0.0009989568497985
7876,0.0009624428348615,0.0009624428348615
7877,0.0009664926328696,0.0009664926328696
7878,0.0009040893637575,0.0009040893637575
7879,0.0009011278161779,0.0009011278161779
7880,0.000989933963865,0.000989933963865
7881,0.0009563573403283,0.0009563573403283
7882,0.0009286879794672,0.0009286879794672
7883,0.0009442975278943,0.0009442975278943
7884,0.0009471193770878,0.0009471193770878
7885,0.0009155680309049,0.0009155680309049
7886,0.0008793474989943,0.0008793474989943
7887,0.0009897626005113,0.0009897626005113
7888,0.0009093765402212,0.0009093765402212
7889,0.0009778876556083,0.0009778876556083
7890,0.0009091646061278,0.0009091646061278
7891,0.0009487301576882,0.0009487301576882
7892,0.0010459326440468,0.0010459326440468
7893,0.0010729739442467,0.0010729739442467
7894,0.0009693099418655,0.0009693099418655
7895,0.000975465925876,0.000975465925876
7896,0.0009348538005724,0.0009348538005724
7897,0.0008871891768649,0.0008871891768649
7898,0.0009453714592382,0.0009453714592382
7899,0.0009546477813273,0.0009546477813273
7900,0.0008881136309355,0.0008881136309355
7901,0.0008832965395413,0.0008832965395413
7902,0.0009329924941994,0.0009329924941994
7903,0.0009786037262529,0.0009786037262529
7904,0.0009732675971463,0.0009732675971463
7905,0.0009783148998394,0.0009783148998394
7906,0.0009733977494761,0.0009733977494761
7907,0.0010266262106597,0.0010266262106597
7908,0.0009301105746999,0.0009301105746999
7909,0.0009879210265353,0.0009879210265353
7910,0.0009832741925492,0.0009832741925492
7911,0.0010049794800579,0.0010049794800579
7912,0.0009528798982501,0.0009528798982501
7913,0.0009956420399248,0.0009956420399248
7914,0.0009298544609919,0.0009298544609919
7915,0.0009442692389711,0.0009442692389711
7916,0.0009406506433151,0.0009406506433151
7917,0.0009935897542163,0.0009935897542163
7918,0.0009147463133558,0.0009147463133558
7919,0.0010013609426096,0.0010013609426096
7920,0.0009683783864602,0.0009683783864602
7921,0.0008815292385406,0.0008815292385406
7922,0.0009152150596491,0.0009152150596491
7923,0.0009290590533055,0.0009290590533055
7924,0.000892176060006,0.000892176060006
7925,0.001017851755023,0.001017851755023
7926,0.0009897472336888,0.0009897472336888
7927,0.0009423072333447,0.0009423072333447
7928,0.0009152513812296,0.0009152513812296
7929,0.000998455681838,0.000998455681838
7930,0.0010650464100763,0.0010650464100763
7931,0.000939302961342,0.000939302961342
7932,0.0010204501450061,0.0010204501450061
7933,0.0009534902637824,0.0009534902637824
7934,0.0009797813836485,0.0009797813836485
7935,0.0009889001958072,0.0009889001958072
7936,0.0009070812957361,0.0009070812957361
7937,0.0009914098773151,0.0009914098773151
7938,0.0010568854631856,0.0010568854631856
7939,0.0009515261626802,0.0009515261626802
7940,0.0009712925530038,0.0009712925530038
7941,0.0010091657750308,0.0010091657750308
7942,0.0009799693943932,0.0009799693943932
7943,0.0009038363350555,0.0009038363350555
7944,0.0009351858752779,0.0009351858752779
7945,0.0009175787563435,0.0009175787563435
7946,0.000975317962002,0.000975317962002
7947,0.000930837530177,0.000930837530177
7948,0.0009230035357177,0.0009230035357177
7949,0.0009201917564496,0.0009201917564496
7950,0.0008815775508992,0.0008815775508992
7951,0.0008723986102268,0.0008723986102268
7952,0.000926211301703,0.000926211301703
7953,0.0009025782346725,0.0009025782346725
7954,0.00098160689231,0.00098160689231
7955,0.0009466579649597,0.0009466579649597
7956,0.0009913444519042,0.0009913444519042
7957,0.0009327591396868,0.0009327591396868
7958,0.000932038121391,0.000932038121391
7959,0.0009560433099977,0.0009560433099977
7960,0.0009697317727841,0.0009697317727841
7961,0.0009124447242356,0.0009124447242356
7962,0.0010321382433176,0.0010321382433176
7963,0.000916922930628,0.000916922930628
7964,0.0010199100943282,0.0010199100943282
7965,0.0009191004792228,0.0009191004792228
7966,0.0009371839114464,0.0009371839114464
7967,0.0009077891008928,0.0009077891008928
7968,0.000902023515664,0.000902023515664
7969,0.0009624969679862,0.0009624969679862
7970,0.0009761416004039,0.0009761416004039
7971,0.0008956438396126,0.0008956438396126
7972,0.0009039990254677,0.0009039990254677
7973,0.000920929480344,0.000920929480344
7974,0.0009183231159113,0.0009183231159113
7975,0.0010062134824693,0.0010062134824693
7976,0.0009207300608977,0.0009207300608977
7977,0.0010930700227618,0.0010930700227618
7978,0.0009077042923308,0.0009077042923308
7979,0.001038862275891,0.001038862275891
7980,0.0009319060482084,0.0009319060482084
7981,0.0009319844539277,0.0009319844539277
7982,0.0009405986056663,0.0009405986056663
7983,0.0009988924721255,0.0009988924721255
7984,0.0009331136825494,0.0009331136825494
7985,0.0009598030592314,0.0009598030592314
7986,0.0009344338905066,0.0009344338905066
7987,0.0009824980515986,0.0009824980515986
7988,0.0009191966964863,0.0009191966964863
7989,0.0009575980948284,0.0009575980948284
7990,0.0009379209368489,0.0009379209368489
7991,0.0008843932300806,0.0008843932300806
7992,0.0009991207625716,0.0009991207625716
7993,0.0009506119531579,0.0009506119531579
7994,0.0009275010088458,0.0009275010088458
7995,0.0008638583822175,0.0008638583822175
7996,0.0009485562331974,0.0009485562331974
7997,0.000868427043315,0.000868427043315
7998,0.000951487396378,0.000951487396378
7999,0.0009719499503262,0.0009719499503262
8000,0.0009581768536008,0.0009581768536008
8001,0.0009554236312396,0.0009554236312396
8002,0.0009372032945975,0.0009372032945975
8003,0.000882844440639,0.000882844440639
8004,0.0011035794159397,0.0011035794159397
8005,0.0009711750317364,0.0009711750317364
8006,0.0009370899642817,0.0009370899642817
8007,0.0009112341795116,0.0009112341795116
8008,0.0009923570323735,0.0009923570323735
8009,0.0009321876568719,0.0009321876568719
8010,0.0009136542212218,0.0009136542212218
8011,0.0010075494647026,0.0010075494647026
8012,0.0009675723849795,0.0009675723849795
8013,0.0009890682995319,0.0009890682995319
8014,0.0010269145714119,0.0010269145714119
8015,0.0009218377526849,0.0009218377526849
8016,0.0009373460197821,0.0009373460197821
8017,0.0010741777950897,0.0010741777950897
8018,0.0008925392758101,0.0008925392758101
8019,0.0010283819865435,0.0010283819865435
8020,0.0010170453460887,0.0010170453460887
8021,0.0010354808764532,0.0010354808764532
8022,0.0009436215623281,0.0009436215623281
8023,0.0009524073684588,0.0009524073684588
8024,0.0009926785714924,0.0009926785714924
8025,0.0009853516239672,0.0009853516239672
8026,0.0009786402806639,0.0009786402806639
8027,0.000858188199345,0.000858188199345
8028,0.0008873858023434,0.0008873858023434
8029,0.0009981163311749,0.0009981163311749
8030,0.0009278100915253,0.0009278100915253
8031,0.0009099807357415,0.0009099807357415
8032,0.0009761934052221,0.0009761934052221
8033,0.0010130635928362,0.0010130635928362
8034,0.0010071098804473,0.0010071098804473
8035,0.0008795947069302,0.0008795947069302
8036,0.0008603857713751,0.0008603857713751
8037,0.0009904858889058,0.0009904858889058
8038,0.0009272255119867,0.0009272255119867
8039,0.0009382780990563,0.0009382780990563
8040,0.0008820427465252,0.0008820427465252
8041,0.0009076783317141,0.0009076783317141
8042,0.0008774053421802,0.0008774053421802
8043,0.0009145954973064,0.0009145954973064
8044,0.0009465225739404,0.0009465225739404
8045,0.0009042206802405,0.0009042206802405
8046,0.0009074140107259,0.0009074140107259
8047,0.0009262490202672,0.0009262490202672
8048,0.0010102704400196,0.0010102704400196
8049,0.0008890610188245,0.0008890610188245
8050,0.0009756741346791,0.0009756741346791
8051,0.0009138773893937,0.0009138773893937
8052,0.0009019296267069,0.0009019296267069
8053,0.0009244885877706,0.0009244885877706
8054,0.0009979275055229,0.0009979275055229
8055,0.0009134942083619,0.0009134942083619
8056,0.0009247968555428,0.0009247968555428
8057,0.0008595789549872,0.0008595789549872
8058,0.0009097302681766,0.0009097302681766
8059,0.0010030034463852,0.0010030034463852
8060,0.0009139777394011,0.0009139777394011
8061,0.0009673411259427,0.0009673411259427
8062,0.0010589908342808,0.0010589908342808
8063,0.0010011336999014,0.0010011336999014
8064,0.0008640646119602,0.0008640646119602
8065,0.0009109429665841,0.0009109429665841
8066,0.0009487382485531,0.0009487382485531
8067,0.0010414789430797,0.0010414789430797
8068,0.0009876525728031,0.0009876525728031
8069,0.0009540574392303,0.0009540574392303
8070,0.0009755603969097,0.0009755603969097
8071,0.0009834703523665,0.0009834703523665
8072,0.0010058181360363,0.0010058181360363
8073,0.0009838931728154,0.0009838931728154
8074,0.000997369759716,0.000997369759716
8075,0.0009405883611179,0.0009405883611179
8076,0.000880324980244,0.000880324980244
8077,0.0009542443440295,0.0009542443440295
8078,0.0009729227167554,0.0009729227167554
8079,0.000949639128521,0.000949639128521
8080,0.0009738745866343,0.0009738745866343
8081,0.0009006839245557,0.0009006839245557
8082,0.0009436246473342,0.0009436246473342
8083,0.0009381552808918,0.0009381552808918
8084,0.0009966876823455,0.0009966876823455
8085,0.0009674344328232,0.0009674344328232
8086,0.0010410187533125,0.0010410187533125
8087,0.0010708165355026,0.0010708165355026
8088,0.0010407043155282,0.0010407043155282
8089,0.0009295663330703,0.0009295663330703
8090,0.0010752659291028,0.0010752659291028
8091,0.000923722225707,0.000923722225707
8092,0.0009081113385036,0.0009081113385036
8093,0.0009010632638819,0.0009010632638819
8094,0.0009235967881977,0.0009235967881977
8095,0.0009263264946639,0.0009263264946639
8096,0.0010111574083566,0.0010111574083566
8097,0.0009475194383412,0.0009475194383412
8098,0.0009023102466017,0.0009023102466017
8099,0.0009791138581931,0.0009791138581931
8100,0.0010085126850754,0.0010085126850754
8101,0.0010091292206197,0.0010091292206197
8102,0.0009192615398205,0.0009192615398205
8103,0.0009675634792074,0.0009675634792074
8104,0.0008679606253281,0.0008679606253281
8105,0.0008879373199306,0.0008879373199306
8106,0.0009014757815748,0.0009014757815748
8107,0.0009511000826023,0.0009511000826023
8108,0.000934679119382,0.000934679119382
8109,0.0009605264058336,0.0009605264058336
8110,0.0009717756183817,0.0009717756183817
8111,0.0010068817064166,0.0010068817064166
8112,0.0009571074042469,0.0009571074042469
8113,0.0009764613932929,0.0009764613932929
8114,0.0009582348284311,0.0009582348284311
8115,0.0009874410461634,0.0009874410461634
8116,0.0010073515586555,0.0010073515586555
8117,0.0009372128988616,0.0009372128988616
8118,0.0010372402612119,0.0010372402612119
8119,0.0010693947551771,0.0010693947551771
8120,0.001053003128618,0.001053003128618
8121,0.0010054382728412,0.0010054382728412
8122,0.0009682834497652,0.0009682834497652
8123,0.0008978458354249,0.0008978458354249
8124,0.0009254299802705,0.0009254299802705
8125,0.0009592153364792,0.0009592153364792
8126,0.0010061995126307,0.0010061995126307
8127,0.0009746043942868,0.0009746043942868
8128,0.0009723242255859,0.0009723242255859
8129,0.0009746165014803,0.0009746165014803
8130,0.0009866836480796,0.0009866836480796
8131,0.0009551811963319,0.0009551811963319
8132,0.0010600924724712,0.0010600924724712
8133,0.0010310369543731,0.0010310369543731
8134,0.0010040091583505,0.0010040091583505
8135,0.0009947504149749,0.0009947504149749
8136,0.0010150766465812,0.0010150766465812
8137,0.0009135432774201,0.0009135432774201
8138,0.0010372248943895,0.0010372248943895
8139,0.0008706297376193,0.0008706297376193
8140,0.0009592158603481,0.0009592158603481
8141,0.0009285717387683,0.0009285717387683
8142,0.0009359197574667,0.0009359197574667
8143,0.0010195694630965,0.0010195694630965
8144,0.0009607255342416,0.0009607255342416
8145,0.0009498103754594,0.0009498103754594
8146,0.001020231982693,0.001020231982693
8147,0.0010411725379526,0.0010411725379526
8148,0.0009547538938932,0.0009547538938932
8149,0.0009929074440151,0.0009929074440151
8150,0.0010578150395303,0.0010578150395303
8151,0.0009168749675154,0.0009168749675154
8152,0.0010418250458315,0.0010418250458315
8153,0.0009281491511501,0.0009281491511501
8154,0.0009579031029716,0.0009579031029716
8155,0.0010106548434123,0.0010106548434123
8156,0.0010719187557697,0.0010719187557697
8157,0.0009319827659055,0.0009319827659055
8158,0.0009608702384866,0.0009608702384866
8159,0.0009633037261664,0.0009633037261664
8160,0.0009139057947322,0.0009139057947322
8161,0.0009261135128326,0.0009261135128326
8162,0.0009638963383622,0.0009638963383622
8163,0.000929019995965,0.000929019995965
8164,0.000932722876314,0.000932722876314
8165,0.0009333611233159,0.0009333611233159
8166,0.0009093742119148,0.0009093742119148
8167,0.0009603555663488,0.0009603555663488
8168,0.0009349162573926,0.0009349162573926
8169,0.0009363882709294,0.0009363882709294
8170,0.0009839050471782,0.0009839050471782
8171,0.0008923261775635,0.0008923261775635
8172,0.0009448880446143,0.0009448880446143
8173,0.0009218402556143,0.0009218402556143
8174,0.0008715165313333,0.0008715165313333
8175,0.0009075358975678,0.0009075358975678
8176,0.0009308024891652,0.0009308024891652
8177,0.0009164332877844,0.0009164332877844
8178,0.0009493635734543,0.0009493635734543
8179,0.0009884224273264,0.0009884224273264
8180,0.000927408109419,0.000927408109419
8181,0.001003640005365,0.001003640005365
8182,0.000952567148488,0.000952567148488
8183,0.0009590768604539,0.0009590768604539
8184,0.0009736462379805,0.0009736462379805
8185,0.0009052785462699,0.0009052785462699
8186,0.0010050247656181,0.0010050247656181
8187,0.0009515652782283,0.0009515652782283
8188,0.0008903703419491,0.0008903703419491
8189,0.001022883458063,0.001022883458063
8190,0.0009822672000154,0.0009822672000154
8191,0.0009870070498436,0.0009870070498436
8192,0.0009464619215577,0.0009464619215577
8193,0.0009508629445917,0.0009508629445917
8194,0.0009654078166931,0.0009654078166931
8195,0.0009891735389828,0.0009891735389828
8196,0.0009808148024603,0.0009808148024603
8197,0.0009888901840895,0.0009888901840895
8198,0.0010055962484329,0.0010055962484329
8199,0.0009331966284662,0.0009331966284662
8200,0.00091682508355,0.00091682508355
8201,0.0009863178711384,0.0009863178711384
8202,0.0009219949133694,0.0009219949133694
8203,0.000958371325396,0.000958371325396
8204,0.0009643834782764,0.0009643834782764
8205,0.0009430531063117,0.0009430531063117
8206,0.0009883914608508,0.0009883914608508
8207,0.000933680741582,0.000933680741582
8208,0.0008919969550333,0.0008919969550333
8209,0.0008337646140716,0.0008337646140716
8210,0.0009604945080354,0.0009604945080354
8211,0.0010153545299544,0.0010153545299544
8212,0.0009467877098359,0.0009467877098359
8213,0.0009581285994499,0.0009581285994499
8214,0.0009643858065828,0.0009643858065828
8215,0.0009541990584693,0.0009541990584693
8216,0.000922781182453,0.000922781182453
8217,0.0009688196587376,0.0009688196587376
8218,0.0009672392625361,0.0009672392625361
8219,0.0009213815210387,0.0009213815210387
8220,0.0009500027517788,0.0009500027517788
8221,0.0009331828332506,0.0009331828332506
8222,0.0010178276570513,0.0010178276570513
8223,0.000992884626612,0.000992884626612
8224,0.0009163016802631,0.0009163016802631
8225,0.0009524336783215,0.0009524336783215
8226,0.000930487352889,0.000930487352889
8227,0.0008857830544002,0.0008857830544002
8228,0.0009553024428896,0.0009553024428896
8229,0.0009436421096324,0.0009436421096324
8230,0.0009698321809992,0.0009698321809992
8231,0.0009204968228004,0.0009204968228004
8232,0.0009533702395856,0.0009533702395856
8233,0.0009121625334955,0.0009121625334955
8234,0.0009303831029683,0.0009303831029683
8235,0.0009986789664253,0.0009986789664253
8236,0.0009334627538919,0.0009334627538919
8237,0.0009576211450621,0.0009576211450621
8238,0.0009926329366862,0.0009926329366862
8239,0.0008860442903824,0.0008860442903824
8240,0.0009961826726794,0.0009961826726794
8241,0.0009677873458713,0.0009677873458713
8242,0.0009764651185832,0.0009764651185832
8243,0.0010525661054998,0.0010525661054998
8244,0.0009358986280858,0.0009358986280858
8245,0.0009378418326377,0.0009378418326377
8246,0.0009564217180013,0.0009564217180013
8247,0.0010308629134669,0.0010308629134669
8248,0.0009405692690052,0.0009405692690052
8249,0.000961172976531,0.000961172976531
8250,0.0010386484209448,0.0010386484209448
8251,0.000962859368883,0.000962859368883
8252,0.0009879237040877,0.0009879237040877
8253,0.0010368078947067,0.0010368078947067
8254,0.0009431703365407,0.0009431703365407
8255,0.000959055207204,0.000959055207204
8256,0.0010436134180054,0.0010436134180054
8257,0.0010147623252123,0.0010147623252123
8258,0.000965742918197,0.000965742918197
8259,0.0009211177821271,0.0009211177821271
8260,0.0009330997127108,0.0009330997127108
8261,0.0009380541741847,0.0009380541741847
8262,0.000978842144832,0.000978842144832
8263,0.0009598968899808,0.0009598968899808
8264,0.0009534247801639,0.0009534247801639
8265,0.0010515342000871,0.0010515342000871
8266,0.00092647067504,0.00092647067504
8267,0.0009691952145658,0.0009691952145658
8268,0.0010421080514788,0.0010421080514788
8269,0.0008804601384326,0.0008804601384326
8270,0.0009695091284811,0.0009695091284811
8271,0.0010019479086622,0.0010019479086622
8272,0.0008915241924114,0.0008915241924114
8273,0.0009723346447572,0.0009723346447572
8274,0.0011172197991982,0.0011172197991982
8275,0.0010417966404929,0.0010417966404929
8276,0.0010190292960032,0.0010190292960032
8277,0.0010215998627245,0.0010215998627245
8278,0.000848019728437,0.000848019728437
8279,0.0008922881097532,0.0008922881097532
8280,0.0009897868148982,0.0009897868148982
8281,0.0008987327455542,0.0008987327455542
8282,0.0009462930611334,0.0009462930611334
8283,0.0009604491060599,0.0009604491060599
8284,0.0008887609583325,0.0008887609583325
8285,0.0009028742206282,0.0009028742206282
8286,0.0009812545031309,0.0009812545031309
8287,0.0009766567964106,0.0009766567964106
8288,0.0009042115998454,0.0009042115998454
8289,0.0009436559630557,0.0009436559630557
8290,0.0009084581397473,0.0009084581397473
8291,0.0010204481659457,0.0010204481659457
8292,0.0009074691333808,0.0009074691333808
8293,0.0009055108530446,0.0009055108530446
8294,0.0009489101939834,0.0009489101939834
8295,0.0010179036762565,0.0010179036762565
8296,0.0008959665428847,0.0008959665428847
8297,0.0009898073039948,0.0009898073039948
8298,0.0010002010967582,0.0010002010967582
8299,0.0009679711656644,0.0009679711656644
8300,0.0009789983741939,0.0009789983741939
8301,0.0009152084821835,0.0009152084821835
8302,0.0009935488924384,0.0009935488924384
8303,0.0009682381059974,0.0009682381059974
8304,0.0009123343043029,0.0009123343043029
8305,0.0010091931326314,0.0010091931326314
8306,0.0009884989121928,0.0009884989121928
8307,0.0009065963095054,0.0009065963095054
8308,0.0009979140013456,0.0009979140013456
8309,0.0009901479352265,0.0009901479352265
8310,0.001023885095492,0.001023885095492
8311,0.0009426416363567,0.0009426416363567
8312,0.0010853573912754,0.0010853573912754
8313,0.0009341826080344,0.0009341826080344
8314,0.0010325351031497,0.0010325351031497
8315,0.0009797351667657,0.0009797351667657
8316,0.0009139523026533,0.0009139523026533
8317,0.0009986677905544,0.0009986677905544
8318,0.0010492290602996,0.0010492290602996
8319,0.0009655106114223,0.0009655106114223
8320,0.0010146941058337,0.0010146941058337
8321,0.0010176039068028,0.0010176039068028
8322,0.0010768066858872,0.0010768066858872
8323,0.0009733809856697,0.0009733809856697
8324,0.0009505918715149,0.0009505918715149
8325,0.0008820642251521,0.0008820642251521
8326,0.000976086477749,0.000976086477749
8327,0.0009736701613292,0.0009736701613292
8328,0.0009061454911716,0.0009061454911716
8329,0.0010148412548005,0.0010148412548005
8330,0.0008950781775638,0.0008950781775638
8331,0.0009730715537443,0.0009730715537443
8332,0.0009233414893969,0.0009233414893969
8333,0.0010096251498907,0.0010096251498907
8334,0.0009170791599899,0.0009170791599899
8335,0.0009737935033626,0.0009737935033626
8336,0.0009229505085386,0.0009229505085386
8337,0.0010226673912256,0.0010226673912256
8338,0.001060715643689,0.001060715643689
8339,0.0008924566209316,0.0008924566209316
8340,0.0009557959274388,0.0009557959274388
8341,0.0009688229765743,0.0009688229765743
8342,0.0009444028255529,0.0009444028255529
8343,0.0009510758100077,0.0009510758100077
8344,0.0009678716305643,0.0009678716305643
8345,0.0009249584400095,0.0009249584400095
8346,0.0008748688269406,0.0008748688269406
8347,0.0009022469166666,0.0009022469166666
8348,0.0010032097343355,0.0010032097343355
8349,0.0010579926893115,0.0010579926893115
8350,0.0009987168014049,0.0009987168014049
8351,0.0009110204991884,0.0009110204991884
8352,0.0009627890540286,0.0009627890540286
8353,0.0009441295405849,0.0009441295405849
8354,0.0008973920485004,0.0008973920485004
8355,0.0009410584461875,0.0009410584461875
8356,0.0009520311141386,0.0009520311141386
8357,0.0009766516741365,0.0009766516741365
8358,0.0009305087151005,0.0009305087151005
8359,0.0010207314044237,0.0010207314044237
8360,0.0009774354984983,0.0009774354984983
8361,0.0009023688617162,0.0009023688617162
8362,0.000905773777049,0.000905773777049
8363,0.0009345529251731,0.0009345529251731
8364,0.0009481197921559,0.0009481197921559
8365,0.0009692783351056,0.0009692783351056
8366,0.0008587056072428,0.0008587056072428
8367,0.0009697747882455,0.0009697747882455
8368,0.0009517221478745,0.0009517221478745
8369,0.000996500486508,0.000996500486508
8370,0.0009434627136215,0.0009434627136215
8371,0.0010263621807098,0.0010263621807098
8372,0.0009941679891198,0.0009941679891198
8373,0.0009942215401679,0.0009942215401679
8374,0.0010166901629418,0.0010166901629418
8375,0.0009796413360163,0.0009796413360163
8376,0.0009045578772202,0.0009045578772202
8377,0.0008716009324416,0.0008716009324416
8378,0.0009411235223524,0.0009411235223524
8379,0.0008912986377254,0.0008912986377254
8380,0.0008995093521662,0.0008995093521662
8381,0.0009599473560228,0.0009599473560228
8382,0.0008833276224322,0.0008833276224322
8383,0.0009724493138492,0.0009724493138492
8384,0.0010745943291112,0.0010745943291112
8385,0.0010019880719482,0.0010019880719482
8386,0.001036902773194,0.001036902773194
8387,0.0009562177583575,0.0009562177583575
8388,0.0010163191473111,0.0010163191473111
8389,0.0009314006310887,0.0009314006310887
8390,0.0009693586616776,0.0009693586616776
8391,0.0010035721352323,0.0010035721352323
8392,0.000967061612755,0.000967061612755
8393,0.0009244456887245,0.0009244456887245
8394,0.0008920267573557,0.0008920267573557
8395,0.0009760176180861,0.0009760176180861
8396,0.0008954259101301,0.0008954259101301
8397,0.0009487537317909,0.0009487537317909
8398,0.0009067111532203,0.0009067111532203
8399,0.000997980358079,0.000997980358079
8400,0.0010554721811786,0.0010554721811786
8401,0.0009917410789057,0.0009917410789057
8402,0.0009994140127673,0.0009994140127673
8403,0.0008896324434317,0.0008896324434317
8404,0.0009518502629362,0.0009518502629362
8405,0.000929030647967,0.000929030647967
8406,0.0008986389730125,0.0008986389730125
8407,0.0008732538553886,0.0008732538553886
8408,0.000935676973313,0.000935676973313
8409,0.0009805134031921,0.0009805134031921
8410,0.0008647770155221,0.0008647770155221
8411,0.0010047003161162,0.0010047003161162
8412,0.0009723833063617,0.0009723833063617
8413,0.0009370429324917,0.0009370429324917
8414,0.0009582884376868,0.0009582884376868
8415,0.0009784591384232,0.0009784591384232
8416,0.0009168019751086,0.0009168019751086
8417,0.0009510318050161,0.0009510318050161
8418,0.0010040949564427,0.0010040949564427
8419,0.0009009434725157,0.0009009434725157
8420,0.0009289617883041,0.0009289617883041
8421,0.0009235279867425,0.0009235279867425
8422,0.0009313352638855,0.0009313352638855
8423,0.0009397287503816,0.0009397287503816
8424,0.0008793581509962,0.0008793581509962
8425,0.0009744797716848,0.0009744797716848
8426,0.0009889770299196,0.0009889770299196
8427,0.0009314786293543,0.0009314786293543
8428,0.0009985312353819,0.0009985312353819
8429,0.0010245777666568,0.0010245777666568
8430,0.0009556242730468,0.0009556242730468
8431,0.0009919394506141,0.0009919394506141
8432,0.00101231073495,0.00101231073495
8433,0.0010649499017745,0.0010649499017745
8434,0.0009428141638636,0.0009428141638636
8435,0.0010385196655988,0.0010385196655988
8436,0.0009239079663529,0.0009239079663529
8437,0.0009161770576611,0.0009161770576611
8438,0.0009319545933976,0.0009319545933976
8439,0.0010180086828768,0.0010180086828768
8440,0.0009675456676632,0.0009675456676632
8441,0.0009581868071109,0.0009581868071109
8442,0.0009728273143991,0.0009728273143991
8443,0.0009639371419325,0.0009639371419325
8444,0.0010039072949439,0.0010039072949439
8445,0.0009465656476095,0.0009465656476095
8446,0.0009499785373918,0.0009499785373918
8447,0.0010064907837659,0.0010064907837659
8448,0.0009317238582298,0.0009317238582298
8449,0.0010417330777272,0.0010417330777272
8450,0.0009657007176429,0.0009657007176429
8451,0.0009975914144888,0.0009975914144888
8452,0.0011200335575267,0.0011200335575267
8453,0.0009377764654345,0.0009377764654345
8454,0.0009495770791545,0.0009495770791545
8455,0.0010439659235998,0.0010439659235998
8456,0.0009415039676241,0.0009415039676241
8457,0.0010352506069466,0.0010352506069466
8458,0.0010750233195722,0.0010750233195722
8459,0.0010416535660624,0.0010416535660624
8460,0.0010189156746491,0.0010189156746491
8461,0.0010229847393929,0.0010229847393929
8462,0.0009716764907352,0.0009716764907352
8463,0.0009792627533897,0.0009792627533897
8464,0.0010021751513704,0.0010021751513704
8465,0.0009859069250524,0.0009859069250524
8466,0.00100891769398,0.00100891769398
8467,0.0009086747304536,0.0009086747304536
8468,0.00094469205942,0.00094469205942
8469,0.0008899223757907,0.0008899223757907
8470,0.0009639053605496,0.0009639053605496
8471,0.0009676556801423,0.0009676556801423
8472,0.0008812042651697,0.0008812042651697
8473,0.0009377137757837,0.0009377137757837
8474,0.0009407066390849,0.0009407066390849
8475,0.000980500713922,0.000980500713922
8476,0.0009812067728489,0.0009812067728489
8477,0.0009567466331645,0.0009567466331645
8478,0.0009036462870426,0.0009036462870426
8479,0.0009136130101978,0.0009136130101978
8480,0.0010454496368765,0.0010454496368765
8481,0.0010534602915868,0.0010534602915868
8482,0.0009685514378361,0.0009685514378361
8483,0.0009632586152292,0.0009632586152292
8484,0.0009276110795326,0.0009276110795326
8485,0.0009680775692686,0.0009680775692686
8486,0.0009456145344302,0.0009456145344302
8487,0.0009055378031916,0.0009055378031916
8488,0.000896162353456,0.000896162353456
8489,0.0008692884584888,0.0008692884584888
8490,0.0009400118142366,0.0009400118142366
8491,0.0009469243814237,0.0009469243814237
8492,0.0010182266123592,0.0010182266123592
8493,0.0009893588721752,0.0009893588721752
8494,0.0008990089991129,0.0008990089991129
8495,0.0009715998894535,0.0009715998894535
8496,0.000988979707472,0.000988979707472
8497,0.0010001508053392,0.0010001508053392
8498,0.0009339965763501,0.0009339965763501
8499,0.0009325524442829,0.0009325524442829
8500,0.0009055216796696,0.0009055216796696
8501,0.0009667258709669,0.0009667258709669
8502,0.0009725917479954,0.0009725917479954
8503,0.0008507192833349,0.0008507192833349
8504,0.0010266110766679,0.0010266110766679
8505,0.000900951155927,0.000900951155927
8506,0.0009283685358241,0.0009283685358241
8507,0.0009399948758073,0.0009399948758073
8508,0.0008906803559511,0.0008906803559511
8509,0.0010404620552435,0.0010404620552435
8510,0.0009502762113697,0.0009502762113697
8511,0.0010093515738844,0.0010093515738844
8512,0.0010392423719167,0.0010392423719167
8513,0.0009148198878392,0.0009148198878392
8514,0.0009747338481247,0.0009747338481247
8515,0.0009344831341877,0.0009344831341877
8516,0.0010296420659869,0.0010296420659869
8517,0.0009003920131362,0.0009003920131362
8518,0.0009170526755042,0.0009170526755042
8519,0.0009409118210896,0.0009409118210896
8520,0.0009196164901368,0.0009196164901368
8521,0.0009294103365391,0.0009294103365391
8522,0.0010073753073811,0.0010073753073811
8523,0.0009451973601244,0.0009451973601244
8524,0.0008817315101623,0.0008817315101623
8525,0.0009854530217126,0.0009854530217126
8526,0.0008915054495446,0.0008915054495446
8527,0.0010085674002766,0.0010085674002766
8528,0.0009368827450089,0.0009368827450089
8529,0.0009163061040453,0.0009163061040453
8530,0.0009073263499885,0.0009073263499885
8531,0.0009906612103804,0.0009906612103804
8532,0.0010190404718741,0.0010190404718741
8533,0.0009420060086995,0.0009420060086995
8534,0.0009977021254599,0.0009977021254599
8535,0.0009554412681609,0.0009554412681609
8536,0.0009632326546125,0.0009632326546125
8537,0.00091317971237,0.00091317971237
8538,0.0009016837575472,0.0009016837575472
8539,0.0009564853389747,0.0009564853389747
8540,0.0009008243796415,0.0009008243796415
8541,0.0009284190018661,0.0009284190018661
8542,0.0009294126648455,0.0009294126648455
8543,0.0008430154412053,0.0008430154412053
8544,0.0009170888224616,0.0009170888224616
8545,0.0010455161100253,0.0010455161100253
8546,0.0009327248553745,0.0009327248553745
8547,0.0009081312455236,0.0009081312455236
8548,0.0009715104242786,0.0009715104242786
8549,0.0010022268397733,0.0010022268397733
8550,0.000891528732609,0.000891528732609
8551,0.000869644631166,0.000869644631166
8552,0.0009634204907342,0.0009634204907342
8553,0.000872358912602,0.000872358912602
8554,0.0009574011783115,0.0009574011783115
8555,0.0009752708720043,0.0009752708720043
8556,0.0009529204689897,0.0009529204689897
8557,0.0009516619611531,0.0009516619611531
8558,0.0009500448941253,0.0009500448941253
8559,0.001001407043077,0.001001407043077
8560,0.0009573686402291,0.0009573686402291
8561,0.0008719433099031,0.0008719433099031
8562,0.0009957873262465,0.0009957873262465
8563,0.0009227143018506,0.0009227143018506
8564,0.0009821821004152,0.0009821821004152
8565,0.0009011738584376,0.0009011738584376
8566,0.0009720150846987,0.0009720150846987
8567,0.0009277867502532,0.0009277867502532
8568,0.0010320945875719,0.0010320945875719
8569,0.0009777644881978,0.0009777644881978
8570,0.0010524853132665,0.0010524853132665
8571,0.0009458293206989,0.0009458293206989
8572,0.0009927912615239,0.0009927912615239
8573,0.0010000651236623,0.0010000651236623
8574,0.0011021101381629,0.0011021101381629
8575,0.0009930043015629,0.0009930043015629
8576,0.0010334819089621,0.0010334819089621
8577,0.0010085584362968,0.0010085584362968
8578,0.0009480840526521,0.0009480840526521
8579,0.0009821206331253,0.0009821206331253
8580,0.0009163453360088,0.0009163453360088
8581,0.0009336631628684,0.0009336631628684
8582,0.0009557629236951,0.0009557629236951
8583,0.000956188654527,0.000956188654527
8584,0.0009209293639287,0.0009209293639287
8585,0.0009928124491125,0.0009928124491125
8586,0.0010037557221949,0.0010037557221949
8587,0.0010086512193083,0.0010086512193083
8588,0.0010390796232968,0.0010390796232968
8589,0.0010263038566336,0.0010263038566336
8590,0.0010774321854114,0.0010774321854114
8591,0.000994132598862,0.000994132598862
8592,0.0011230974923819,0.0011230974923819
8593,0.0010096216574311,0.0010096216574311
8594,0.0010812630644068,0.0010812630644068
8595,0.0010677254758775,0.0010677254758775
8596,0.0009850886417552,0.0009850886417552
8597,0.0010021277703344,0.0010021277703344
8598,0.0009777131490409,0.0009777131490409
8599,0.0009987864177674,0.0009987864177674
8600,0.0009693704196251,0.0009693704196251
8601,0.0010288825724273,0.0010288825724273
8602,0.0009520345483906,0.0009520345483906
8603,0.0009513229015283,0.0009513229015283
8604,0.0009200322674587,0.0009200322674587
8605,0.0010706400498747,0.0010706400498747
8606,0.000948863918893,0.000948863918893
8607,0.0009202774381265,0.0009202774381265
8608,0.0010025477968156,0.0010025477968156
8609,0.0009759677923284,0.0009759677923284
8610,0.0010741878068074,0.0010741878068074
8611,0.0011005232809111,0.0011005232809111
8612,0.0009725207346491,0.0009725207346491
8613,0.0009276968776248,0.0009276968776248
8614,0.001021186937578,0.001021186937578
8615,0.000934021489229,0.000934021489229
8616,0.0009455144172534,0.0009455144172534
8617,0.0009238391066901,0.0009238391066901
8618,0.0009351450717076,0.0009351450717076
8619,0.0009514507255516,0.0009514507255516
8620,0.0009600787889212,0.0009600787889212
8621,0.0009798790561035,0.0009798790561035
8622,0.0009582662023603,0.0009582662023603
8623,0.0009852534858509,0.0009852534858509
8624,0.0009190971031785,0.0009190971031785
8625,0.0010224332800135,0.0010224332800135
8626,0.0009423616575077,0.0009423616575077
8627,0.0010083307279273,0.0010083307279273
8628,0.0008427680004388,0.0008427680004388
8629,0.0010352085810154,0.0010352085810154
8630,0.0009657170157879,0.0009657170157879
8631,0.0009981282055377,0.0009981282055377
8632,0.0009411617647856,0.0009411617647856
8633,0.0009042722522281,0.0009042722522281
8634,0.0009153537685051,0.0009153537685051
8635,0.0009614066802896,0.0009614066802896
8636,0.0009409930207766,0.0009409930207766
8637,0.0010489996057003,0.0010489996057003
8638,0.0009912892710417,0.0009912892710417
8639,0.0010507953120395,0.0010507953120395
8640,0.000900772633031,0.000900772633031
8641,0.0009505547350272,0.0009505547350272
8642,0.0009085517376661,0.0009085517376661
8643,0.0009688346763141,0.0009688346763141
8644,0.0008666694629937,0.0008666694629937
8645,0.0009408202022314,0.0009408202022314
8646,0.000982514815405,0.000982514815405
8647,0.0009572538547217,0.0009572538547217
8648,0.0009274675976485,0.0009274675976485
8649,0.0009832788491621,0.0009832788491621
8650,0.0009927134960889,0.0009927134960889
8651,0.0009038433781825,0.0009038433781825
8652,0.0009744173148646,0.0009744173148646
8653,0.0009715097257867,0.0009715097257867
8654,0.001031557098031,0.001031557098031
8655,0.0009594859438948,0.0009594859438948
8656,0.0008847228018566,0.0008847228018566
8657,0.0009706106502562,0.0009706106502562
8658,0.0010070926509797,0.0010070926509797
8659,0.000966589374002,0.000966589374002
8660,0.0009360204567201,0.0009360204567201
8661,0.0010357752908021,0.0010357752908021
8662,0.0009133930434472,0.0009133930434472
8663,0.0009783839341253,0.0009783839341253
8664,0.0009355481015518,0.0009355481015518
8665,0.0008878801600076,0.0008878801600076
8666,0.0009726746357046,0.0009726746357046
8667,0.0009945700876414,0.0009945700876414
8668,0.0009584201616235,0.0009584201616235
8669,0.0010158632649108,0.0010158632649108
8670,0.0009895040420815,0.0009895040420815
8671,0.0010219329269602,0.0010219329269602
8672,0.0009986896766349,0.0009986896766349
8673,0.0009226531838066,0.0009226531838066
8674,0.0009841637220233,0.0009841637220233
8675,0.0009482552995905,0.0009482552995905
8676,0.0009832346113398,0.0009832346113398
8677,0.0009581206832081,0.0009581206832081
8678,0.0008989929920062,0.0008989929920062
8679,0.0009132640552707,0.0009132640552707
8680,0.0009774976642802,0.0009774976642802
8681,0.0010165232233703,0.0010165232233703
8682,0.0009377172682434,0.0009377172682434
8683,0.0008740109624341,0.0008740109624341
8684,0.0010658233659341,0.0010658233659341
8685,0.0009908532956615,0.0009908532956615
8686,0.0009870352223515,0.0009870352223515
8687,0.0010314919054508,0.0010314919054508
8688,0.0008910381002351,0.0008910381002351
8689,0.0010216216323897,0.0010216216323897
8690,0.0009939570445567,0.0009939570445567
8691,0.0009150322875939,0.0009150322875939
8692,0.0010868274839594,0.0010868274839594
8693,0.0010114971082657,0.0010114971082657
8694,0.0009705436532385,0.0009705436532385
8695,0.0009415485546924,0.0009415485546924
8696,0.0009592771530151,0.0009592771530151
8697,0.0009562512859702,0.0009562512859702
8698,0.0009435768006369,0.0009435768006369
8699,0.0009641248616389,0.0009641248616389
8700,0.00091913837241,0.00091913837241
8701,0.0009682935196906,0.0009682935196906
8702,0.0009313664631918,0.0009313664631918
8703,0.000936591590289,0.000936591590289
8704,0.0009415442473255,0.0009415442473255
8705,0.0010116110788658,0.0010116110788658
8706,0.0009465658222325,0.0009465658222325
8707,0.0008952702046371,0.0008952702046371
8708,0.0009518309962004,0.0009518309962004
8709,0.0009578687604516,0.0009578687604516
8710,0.0009193805162794,0.0009193805162794
8711,0.0009904005564749,0.0009904005564749
8712,0.00095110287657,0.00095110287657
8713,0.0010129617294296,0.0010129617294296
8714,0.0009101998293772,0.0009101998293772
8715,0.0009072009706869,0.0009072009706869
8716,0.0009852910879999,0.0009852910879999
8717,0.0009855036623775,0.0009855036623775
8718,0.0009408829500898,0.0009408829500898
8719,0.0009312330512329,0.0009312330512329
8720,0.0009823378641158,0.0009823378641158
8721,0.0010070930002257,0.0010070930002257
8722,0.0009575571748428,0.0009575571748428
8723,0.0009725898853503,0.0009725898853503
8724,0.0009572203853167,0.0009572203853167
8725,0.0010227995226159,0.0010227995226159
8726,0.0008869487792253,0.0008869487792253
8727,0.0009163407376036,0.0009163407376036
8728,0.0009625492384657,0.0009625492384657
8729,0.0009369266917929,0.0009369266917929
8730,0.0009529738454148,0.0009529738454148
8731,0.0010265477467328,0.0010265477467328
8732,0.0009428719058632,0.0009428719058632
8733,0.0010330799268558,0.0010330799268558
8734,0.0009787362068891,0.0009787362068891
8735,0.0009351263288408,0.0009351263288408
8736,0.0010127124842256,0.0010127124842256
8737,0.0009518536389805,0.0009518536389805
8738,0.0010284417076036,0.0010284417076036
8739,0.000871748663485,0.000871748663485
8740,0.0009533447446301,0.0009533447446301
8741,0.0009053831454366,0.0009053831454366
8742,0.0008791454019956,0.0008791454019956
8743,0.0009687927667982,0.0009687927667982
8744,0.0008615311235189,0.0008615311235189
8745,0.0009395634988322,0.0009395634988322
8746,0.0009804973378777,0.0009804973378777
8747,0.0009262907551601,0.0009262907551601
8748,0.0010061706416308,0.0010061706416308
8749,0.0009416322573088,0.0009416322573088
8750,0.0009045993210747,0.0009045993210747
8751,0.0009210906573571,0.0009210906573571
8752,0.0009892639936879,0.0009892639936879
8753,0.0010310229845345,0.0010310229845345
8754,0.0009047114872373,0.0009047114872373
8755,0.0009587143431417,0.0009587143431417
8756,0.0009526336798444,0.0009526336798444
8757,0.0009938053553923,0.0009938053553923
8758,0.0009436999680474,0.0009436999680474
8759,0.0009552981355227,0.0009552981355227
8760,0.0009918482974171,0.0009918482974171
8761,0.0010303577873855,0.0010303577873855
8762,0.00088570069056,0.00088570069056
8763,0.0009593022987246,0.0009593022987246
8764,0.0010098967468366,0.0010098967468366
8765,0.0009294528281316,0.0009294528281316
8766,0.0010086961556226,0.0010086961556226
8767,0.0009205503738485,0.0009205503738485
8768,0.0009889658540487,0.0009889658540487
8769,0.0009739507804624,0.0009739507804624
8770,0.0010089686838909,0.0010089686838909
8771,0.0008897751686163,0.0008897751686163
8772,0.0009670323343016,0.0009670323343016
8773,0.000969655578956,0.000969655578956
8774,0.0009233672753907,0.0009233672753907
8775,0.0009915702976286,0.0009915702976286
8776,0.00094228744274,0.00094228744274
8777,0.0009439385612495,0.0009439385612495
8778,0.0010201184777542,0.0010201184777542
8779,0.000902141269762,0.000902141269762
8780,0.0009336699149571,0.0009336699149571
8781,0.0009347947197966,0.0009347947197966
8782,0.0009050521766766,0.0009050521766766
8783,0.0009195489110425,0.0009195489110425
8784,0.0009253298630937,0.0009253298630937
8785,0.0010095364414155,0.0010095364414155
8786,0.0010027884272858,0.0010027884272858
8787,0.0009345511207357,0.0009345511207357
8788,0.0009061588207259,0.0009061588207259
8789,0.0010133056202903,0.0010133056202903
8790,0.0009579895995557,0.0009579895995557
8791,0.0009967414662241,0.0009967414662241
8792,0.000885501736775,0.000885501736775
8793,0.000948891043663,0.000948891043663
8794,0.0008771599386818,0.0008771599386818
8795,0.0009027703781612,0.0009027703781612
8796,0.0009793968638405,0.0009793968638405
8797,0.0009573941933922,0.0009573941933922
8798,0.0009853818919509,0.0009853818919509
8799,0.001011025509797,0.001011025509797
8800,0.001001865370199,0.001001865370199
8801,0.0009617001051083,0.0009617001051083
8802,0.0010207457235082,0.0010207457235082
8803,0.0009007623884826,0.0009007623884826
8804,0.0009660553187131,0.0009660553187131
8805,0.0009709388250485,0.0009709388250485
8806,0.0009984684875234,0.0009984684875234
8807,0.0009554389398545,0.0009554389398545
8808,0.0009464120958,0.0009464120958
8809,0.000975183036644,0.000975183036644
8810,0.000900816055946,0.000900816055946
8811,0.0009685044060461,0.0009685044060461
8812,0.0009316167561337,0.0009316167561337
8813,0.0009471455123275,0.0009471455123275
8814,0.0010138456709682,0.0010138456709682
8815,0.0009895748225972,0.0009895748225972
8816,0.0009374716319143,0.0009374716319143
8817,0.0009265095577575,0.0009265095577575
8818,0.0008680997998453,0.0008680997998453
8819,0.0008866455755196,0.0008866455755196
8820,0.0009092140826396,0.0009092140826396
8821,0.0009287851862609,0.0009287851862609
8822,0.0008934239740483,0.0008934239740483
8823,0.0009520076564513,0.0009520076564513
8824,0.0008852604078128,0.0008852604078128
8825,0.0009079937008209,0.0009079937008209
8826,0.0009799859253689,0.0009799859253689
8827,0.0009849357884377,0.0009849357884377
8828,0.00098826456815,0.00098826456815
8829,0.0009794641518965,0.0009794641518965
8830,0.0009661734220571,0.0009661734220571
8831,0.0008708187378942,0.0008708187378942
8832,0.0009178330074064,0.0009178330074064
8833,0.0009642128134146,0.0009642128134146
8834,0.0009318858501501,0.0009318858501501
8835,0.000889285991434,0.000889285991434
8836,0.0010088186245411,0.0010088186245411
8837,0.0010227139573544,0.0010227139573544
8838,0.0008865225827321,0.0008865225827321
8839,0.0009630132117308,0.0009630132117308
8840,0.0008648821385577,0.0008648821385577
8841,0.0009338216623291,0.0009338216623291
8842,0.0008706935914233,0.0008706935914233
8843,0.0009460396831855,0.0009460396831855
8844,0.0008948267204686,0.0008948267204686
8845,0.0008495470974594,0.0008495470974594
8846,0.0009450090583413,0.0009450090583413
8847,0.0009542679181322,0.0009542679181322
8848,0.0009594174334779,0.0009594174334779
8849,0.0009224597015418,0.0009224597015418
8850,0.0009794384241104,0.0009794384241104
8851,0.000929158879444,0.000929158879444
8852,0.0009740322711877,0.0009740322711877
8853,0.0010196187067776,0.0010196187067776
8854,0.0009483861504122,0.0009483861504122
8855,0.0010309248464182,0.0010309248464182
8856,0.0009491866221651,0.0009491866221651
8857,0.0009574954747222,0.0009574954747222
8858,0.0009097813162952,0.0009097813162952
8859,0.0011042511323466,0.0011042511323466
8860,0.000929168483708,0.000929168483708
8861,0.0009164668736048,0.0009164668736048
8862,0.0008789966232143,0.0008789966232143
8863,0.0008568146731704,0.0008568146731704
8864,0.0009770605247467,0.0009770605247467
8865,0.0009356955415569,0.0009356955415569
8866,0.0009601443307474,0.0009601443307474
8867,0.0009429427445866,0.0009429427445866
8868,0.0009455130202695,0.0009455130202695
8869,0.0009722064714878,0.0009722064714878
8870,0.0009884588653221,0.0009884588653221
8871,0.0008835301268845,0.0008835301268845
8872,0.0009778663516044,0.0009778663516044
8873,0.0009784870781004,0.0009784870781004
8874,0.0009360872209072,0.0009360872209072
8875,0.0009727427386678,0.0009727427386678
8876,0.0009883802849799,0.0009883802849799
8877,0.0009212259901687,0.0009212259901687
8878,0.0009843116858974,0.0009843116858974
8879,0.0010264018783345,0.0010264018783345
8880,0.0008941288106143,0.0008941288106143
8881,0.0009473750833421,0.0009473750833421
8882,0.0009236627374775,0.0009236627374775
8883,0.0009654578170739,0.0009654578170739
8884,0.0010626636212691,0.0010626636212691
8885,0.0009228866547346,0.0009228866547346
8886,0.0010307676857337,0.0010307676857337
8887,0.00088776438497,0.00088776438497
8888,0.0009652044973336,0.0009652044973336
8889,0.0009384015575051,0.0009384015575051
8890,0.001026498619467,0.001026498619467
8891,0.0009519847808405,0.0009519847808405
8892,0.0009566615335643,0.0009566615335643
8893,0.0011069293832406,0.0011069293832406
8894,0.0008882117690518,0.0008882117690518
8895,0.0010822176700457,0.0010822176700457
8896,0.0009033177047967,0.0009033177047967
8897,0.0009694400941953,0.0009694400941953
8898,0.0009620037744753,0.0009620037744753
8899,0.0009671343723312,0.0009671343723312
8900,0.0010063697118312,0.0010063697118312
8901,0.0009782658889889,0.0009782658889889
8902,0.0009443986346013,0.0009443986346013
8903,0.0009526851354166,0.0009526851354166
8904,0.0009110330138355,0.0009110330138355
8905,0.0008935201331041,0.0008935201331041
8906,0.0008971900679171,0.0008971900679171
8907,0.000890459108632,0.000890459108632
8908,0.0008805469260551,0.0008805469260551
8909,0.0008855124469846,0.0008855124469846
8910,0.0009335853392258,0.0009335853392258
8911,0.0009746502619236,0.0009746502619236
8912,0.0009750373428687,0.0009750373428687
8913,0.0009720578091219,0.0009720578091219
8914,0.0009725153213366,0.0009725153213366
8915,0.0009917832212522,0.0009917832212522
8916,0.0009013473172672,0.0009013473172672
8917,0.0009912702953442,0.0009912702953442
8918,0.0009167966200038,0.0009167966200038
8919,0.0009511346579529,0.0009511346579529
8920,0.0009999255416914,0.0009999255416914
8921,0.0009610280394554,0.0009610280394554
8922,0.0009469479555264,0.0009469479555264
8923,0.0009339904063381,0.0009339904063381
8924,0.0009580822661519,0.0009580822661519
8925,0.0009797749808058,0.0009797749808058
8926,0.0009725151467137,0.0009725151467137
8927,0.0008774421294219,0.0008774421294219
8928,0.0009743794216774,0.0009743794216774
8929,0.0008962649153545,0.0008962649153545
8930,0.0009864392923191,0.0009864392923191
8931,0.00091048842296,0.00091048842296
8932,0.00090076593915,0.00090076593915
8933,0.0009514159755781,0.0009514159755781
8934,0.0009629536652937,0.0009629536652937
8935,0.0009715952910482,0.0009715952910482
8936,0.0010054124286398,0.0010054124286398
8937,0.0009391413768753,0.0009391413768753
8938,0.0010500093922019,0.0010500093922019
8939,0.0009156059822998,0.0009156059822998
8940,0.0008835538174025,0.0008835538174025
8941,0.0009651554864831,0.0009651554864831
8942,0.0009307658765465,0.0009307658765465
8943,0.0009807288879528,0.0009807288879528
8944,0.0009660822106525,0.0009660822106525
8945,0.0009651885484345,0.0009651885484345
8946,0.0010082386434078,0.0010082386434078
8947,0.0009646341786719,0.0009646341786719
8948,0.0010162037797272,0.0010162037797272
8949,0.000906427623704,0.000906427623704
8950,0.0008897008374333,0.0008897008374333
8951,0.0008881519315764,0.0008881519315764
8952,0.0009106216020882,0.0009106216020882
8953,0.0008716154261492,0.0008716154261492
8954,0.0009002668084576,0.0009002668084576
8955,0.0008955650264397,0.0008955650264397
8956,0.0009510275558568,0.0009510275558568
8957,0.0009264841210097,0.0009264841210097
8958,0.0009615158196538,0.0009615158196538
8959,0.0008685739594511,0.0008685739594511
8960,0.0009024967439472,0.0009024967439472
8961,0.0009572302224114,0.0009572302224114
8962,0.0009617059258744,0.0009617059258744
8963,0.0009776427177712,0.0009776427177712
8964,0.0009252944728359,0.0009252944728359
8965,0.0009695810149423,0.0009695810149423
8966,0.001002540346235,0.001002540346235
8967,0.0009688807185739,0.0009688807185739
8968,0.0009483360336162,0.0009483360336162
8969,0.0009231106378138,0.0009231106378138
8970,0.0010040233610197,0.0010040233610197
8971,0.0009499747538939,0.0009499747538939
8972,0.000917530269362,0.000917530269362
8973,0.0009297237265855,0.0009297237265855
8974,0.0009795300429686,0.0009795300429686
8975,0.0009725780109874,0.0009725780109874
8976,0.0009864690946415,0.0009864690946415
8977,0.0009232948650605,0.0009232948650605
8978,0.0009111317922361,0.0009111317922361
8979,0.0009377538226544,0.0009377538226544
8980,0.0009678532951511,0.0009678532951511
8981,0.0009060109732672,0.0009060109732672
8982,0.0008443517726846,0.0008443517726846
8983,0.0009260696242563,0.0009260696242563
8984,0.0009182678768411,0.0009182678768411
8985,0.0009317774674855,0.0009317774674855
8986,0.0009739503730088,0.0009739503730088
8987,0.0009065857739187,0.0009065857739187
8988,0.000968353531789,0.000968353531789
8989,0.0009466118062846,0.0009466118062846
8990,0.0010119695216417,0.0010119695216417
8991,0.0009902731981128,0.0009902731981128
8992,0.0009894662071019,0.0009894662071019
8993,0.0009226540569216,0.0009226540569216
8994,0.0009650433785282,0.0009650433785282
8995,0.0009166012750938,0.0009166012750938
8996,0.0009601049241609,0.0009601049241609
8997,0.0009594473522156,0.0009594473522156
8998,0.0009019275312311,0.0009019275312311
8999,0.0010644858703017,0.0010644858703017
9000,0.0009836098179221,0.0009836098179221
9001,0.0009744351846165,0.0009744351846165
9002,0.0008987277979031,0.0008987277979031
9003,0.0009206598624587,0.0009206598624587
9004,0.0009329551830887,0.0009329551830887
9005,0.001026680925861,0.001026680925861
9006,0.0009872579248622,0.0009872579248622
9007,0.0009588510729372,0.0009588510729372
9008,0.0009691355517134,0.0009691355517134
9009,0.0009546592482365,0.0009546592482365
9010,0.0008762688376009,0.0008762688376009
9011,0.0009496004786342,0.0009496004786342
9012,0.001002850709483,0.001002850709483
9013,0.0009912960231304,0.0009912960231304
9014,0.0008758418262004,0.0008758418262004
9015,0.0010601303074508,0.0010601303074508
9016,0.0008943435386754,0.0008943435386754
9017,0.0010026074014604,0.0010026074014604
9018,0.0009732588659971,0.0009732588659971
9019,0.0009909484069794,0.0009909484069794
9020,0.0009159035398624,0.0009159035398624
9021,0.0010475181043148,0.0010475181043148
9022,0.0010296290274709,0.0010296290274709
9023,0.000914275413379,0.000914275413379
9024,0.0009925566846504,0.0009925566846504
9025,0.0010197948431596,0.0010197948431596
9026,0.0008832550374791,0.0008832550374791
9027,0.0009586573578417,0.0009586573578417
9028,0.0009168380638584,0.0009168380638584
9029,0.0009529436938464,0.0009529436938464
9030,0.000952452304773,0.000952452304773
9031,0.0010642275447025,0.0010642275447025
9032,0.0008917868835851,0.0008917868835851
9033,0.0009399002301506,0.0009399002301506
9034,0.0009773741476237,0.0009773741476237
9035,0.0009379397961311,0.0009379397961311
9036,0.0009363125427626,0.0009363125427626
9037,0.0009588159737177,0.0009588159737177
9038,0.0009576393058523,0.0009576393058523
9039,0.0010277745313942,0.0010277745313942
9040,0.0009513430995866,0.0009513430995866
9041,0.0009410764323547,0.0009410764323547
9042,0.0009858703706413,0.0009858703706413
9043,0.0010045077651739,0.0010045077651739
9044,0.0009293595794588,0.0009293595794588
9045,0.0009020093129947,0.0009020093129947
9046,0.000918572419323,0.000918572419323
9047,0.0009044182952493,0.0009044182952493
9048,0.0009392315987497,0.0009392315987497
9049,0.0009744286653585,0.0009744286653585
9050,0.000995438080281,0.000995438080281
9051,0.0010197244118899,0.0010197244118899
9052,0.0009743875707499,0.0009743875707499
9053,0.0009142133058048,0.0009142133058048
9054,0.0009489200310781,0.0009489200310781
9055,0.0009808278409764,0.0009808278409764
9056,0.0010025143856182,0.0010025143856182
9057,0.0009418193949386,0.0009418193949386
9058,0.0010411054827272,0.0010411054827272
9059,0.0009456026600673,0.0009456026600673
9060,0.0009118078742176,0.0009118078742176
9061,0.000940156111028,0.000940156111028
9062,0.0009532267577014,0.0009532267577014
9063,0.0009006226318888,0.0009006226318888
9064,0.0009099429007619,0.0009099429007619
9065,0.0010150447487831,0.0010150447487831
9066,0.0009151363046839,0.0009151363046839
9067,0.0009551153634674,0.0009551153634674
9068,0.000950306886807,0.000950306886807
9069,0.0009790416806936,0.0009790416806936
9070,0.0008902212721295,0.0008902212721295
9071,0.0010097960475832,0.0010097960475832
9072,0.0009976100409403,0.0009976100409403
9073,0.0010089449351653,0.0010089449351653
9074,0.0009651482687331,0.0009651482687331
9075,0.0009436251129955,0.0009436251129955
9076,0.0008489494211971,0.0008489494211971
9077,0.0009399443515576,0.0009399443515576
9078,0.0009697902132757,0.0009697902132757
9079,0.0009233350865542,0.0009233350865542
9080,0.0009475830011069,0.0009475830011069
9081,0.000933137955144,0.000933137955144
9082,0.0009075180278159,0.0009075180278159
9083,0.0010235530789941,0.0010235530789941
9084,0.0010005228687077,0.0010005228687077
9085,0.0009545456850901,0.0009545456850901
9086,0.0009175639715977,0.0009175639715977
9087,0.0009340488468296,0.0009340488468296
9088,0.0009030580986291,0.0009030580986291
9089,0.0009805641602724,0.0009805641602724
9090,0.0009451367077417,0.0009451367077417
9091,0.0009549284586682,0.0009549284586682
9092,0.000918126781471,0.000918126781471
9093,0.0008860841044224,0.0008860841044224
9094,0.0009423972805961,0.0009423972805961
9095,0.0009288408909924,0.0009288408909924
9096,0.0009137296001426,0.0009137296001426
9097,0.0009189189877361,0.0009189189877361
9098,0.0008323037764057,0.0008323037764057
9099,0.0009585164953023,0.0009585164953023
9100,0.0009410671773366,0.0009410671773366
9101,0.0009274579351767,0.0009274579351767
9102,0.0008804684621281,0.0008804684621281
9103,0.0009243320673704,0.0009243320673704
9104,0.0009330613538622,0.0009330613538622
9105,0.0009022302692756,0.0009022302692756
9106,0.0009355500224046,0.0009355500224046
9107,0.0009222598164342,0.0009222598164342
9108,0.0009305954445153,0.0009305954445153
9109,0.0009387668105773,0.0009387668105773
9110,0.0009710894082672,0.0009710894082672
9111,0.0009238584898412,0.0009238584898412
9112,0.0009882696904242,0.0009882696904242
9113,0.0009123445488512,0.0009123445488512
9114,0.0010416334262117,0.0010416334262117
9115,0.0009487226489,0.0009487226489
9116,0.0009456846164539,0.0009456846164539
9117,0.0009517699363641,0.0009517699363641
9118,0.0009641371434554,0.0009641371434554
9119,0.0010011085541918,0.0010011085541918
9120,0.00090168294264,0.00090168294264
9121,0.0009247719426639,0.0009247719426639
9122,0.0009829826885834,0.0009829826885834
9123,0.0009599819313734,0.0009599819313734
9124,0.0010160899255424,0.0010160899255424
9125,0.0009786256123334,0.0009786256123334
9126,0.0010060474742203,0.0010060474742203
9127,0.0009139957255683,0.0009139957255683
9128,0.0009145808289758,0.0009145808289758
9129,0.0009700871887616,0.0009700871887616
9130,0.0009097707225009,0.0009097707225009
9131,0.0010010835248976,0.0010010835248976
9132,0.0009323292179033,0.0009323292179033
9133,0.0009316694922745,0.0009316694922745
9134,0.0009258323698304,0.0009258323698304
9135,0.0009302047546952,0.0009302047546952
9136,0.0009341964614577,0.0009341964614577
9137,0.0009243036038242,0.0009243036038242
9138,0.0009770924225449,0.0009770924225449
9139,0.0008748152758926,0.0008748152758926
9140,0.000912818533834,0.000912818533834
9141,0.0009150750702247,0.0009150750702247
9142,0.0010439982870593,0.0010439982870593
9143,0.0008879559463821,0.0008879559463821
9144,0.0008699885220266,0.0008699885220266
9145,0.0009698157082311,0.0009698157082311
9146,0.0010244634468108,0.0010244634468108
9147,0.0008338809129782,0.0008338809129782
9148,0.0009455066756345,0.0009455066756345
9149,0.0009558767196722,0.0009558767196722
9150,0.0009008557535707,0.0009008557535707
9151,0.0009866998298093,0.0009866998298093
9152,0.0009741348330862,0.0009741348330862
9153,0.0009295294294133,0.0009295294294133
9154,0.0010444209910929,0.0010444209910929
9155,0.0009581567137502,0.0009581567137502
9156,0.000894840224646,0.000894840224646
9157,0.0010190601460635,0.0010190601460635
9158,0.00095711578615,0.00095711578615
9159,0.0010034852894023,0.0010034852894023
9160,0.0009291677852161,0.0009291677852161
9161,0.0010102447122335,0.0010102447122335
9162,0.0010158723453059,0.0010158723453059
9163,0.0009174433653242,0.0009174433653242
9164,0.001026903395541,0.001026903395541
9165,0.000946091953665,0.000946091953665
9166,0.0009624505182728,0.0009624505182728
9167,0.0009637227049097,0.0009637227049097
9168,0.0010645047295838,0.0010645047295838
9169,0.0009395634988322,0.0009395634988322
9170,0.0008783415541984,0.0008783415541984
9171,0.0010769932996481,0.0010769932996481
9172,0.0009993398562073,0.0009993398562073
9173,0.0010113463504239,0.0010113463504239
9174,0.0010204697027802,0.0010204697027802
9175,0.0009253054740838,0.0009253054740838
9176,0.0009858000557869,0.0009858000557869
9177,0.0009206976974382,0.0009206976974382
9178,0.0009309154120273,0.0009309154120273
9179,0.0009458265267312,0.0009458265267312
9180,0.001062320312485,0.001062320312485
9181,0.000949787790887,0.000949787790887
9182,0.0011284762294963,0.0011284762294963
9183,0.0010012288112193,0.0010012288112193
9184,0.0009037892450578,0.0009037892450578
9185,0.0009225352550856,0.0009225352550856
9186,0.000912185118068,0.000912185118068
9187,0.0009501000167801,0.0009501000167801
9188,0.0008913277997635,0.0008913277997635
9189,0.0010081940563395,0.0010081940563395
9190,0.0009481250308454,0.0009481250308454
9191,0.0009152567363344,0.0009152567363344
9192,0.0008615058613941,0.0008615058613941
9193,0.0009837497491389,0.0009837497491389
9194,0.0009374505607411,0.0009374505607411
9195,0.0009325423743575,0.0009325423743575
9196,0.0009373854845762,0.0009373854845762
9197,0.0009586374508216,0.0009586374508216
9198,0.0009847038891166,0.0009847038891166
9199,0.0009222973021678,0.0009222973021678
9200,0.0009124328498728,0.0009124328498728
9201,0.0009552288684062,0.0009552288684062
9202,0.0008966948953457,0.0008966948953457
9203,0.0009391215280629,0.0009391215280629
9204,0.000952863425482,0.000952863425482
9205,0.0009325710707344,0.0009325710707344
9206,0.001014384208247,0.001014384208247
9207,0.0009902433957904,0.0009902433957904
9208,0.0009877337142825,0.0009877337142825
9209,0.0009130539256148,0.0009130539256148
9210,0.0008872642647475,0.0008872642647475
9211,0.0009221255313605,0.0009221255313605
9212,0.0008932517957873,0.0008932517957873
9213,0.0009897532872855,0.0009897532872855
9214,0.0008410842856392,0.0008410842856392
9215,0.0009240339277312,0.0009240339277312
9216,0.0009512598626315,0.0009512598626315
9217,0.0009273224859498,0.0009273224859498
9218,0.0009415237582288,0.0009415237582288
9219,0.001023746561259,0.001023746561259
9220,0.0009206807590089,0.0009206807590089
9221,0.0008994773961603,0.0008994773961603
9222,0.0008792205480858,0.0008792205480858
9223,0.0008886376745067,0.0008886376745067
9224,0.0009433809318579,0.0009433809318579
9225,0.0009484125184826,0.0009484125184826
9226,0.0009329058811999,0.0009329058811999
9227,0.0009620548808015,0.0009620548808015
9228,0.0009169674012809,0.0009169674012809
9229,0.0009050851804204,0.0009050851804204
9230,0.0008991344366222,0.0008991344366222
9231,0.0009773015044629,0.0009773015044629
9232,0.0009368964238092,0.0009368964238092
9233,0.0009526797803118,0.0009526797803118
9234,0.0009351725457236,0.0009351725457236
9235,0.0009940471500158,0.0009940471500158
9236,0.0009311915491707,0.0009311915491707
9237,0.0009107317309826,0.0009107317309826
9238,0.0009592035785317,0.0009592035785317
9239,0.0009604510269127,0.0009604510269127
9240,0.0009776935912668,0.0009776935912668
9241,0.0009493962861597,0.0009493962861597
9242,0.0009526671492494,0.0009526671492494
9243,0.001019170274958,0.001019170274958
9244,0.000976066221483,0.000976066221483
9245,0.0009993660496547,0.0009993660496547
9246,0.0009535585413686,0.0009535585413686
9247,0.0010085842804983,0.0010085842804983
9248,0.0009848601184785,0.0009848601184785
9249,0.0008862617542035,0.0008862617542035
9250,0.0009844178566709,0.0009844178566709
9251,0.0009877837728708,0.0009877837728708
9252,0.0009925854392349,0.0009925854392349
9253,0.0009963295888155,0.0009963295888155
9254,0.0009488651412539,0.0009488651412539
9255,0.0009122596820816,0.0009122596820816
9256,0.0009864289313554,0.0009864289313554
9257,0.0010005712974816,0.0010005712974816
9258,0.000988723593764,0.000988723593764
9259,0.000982356024906,0.000982356024906
9260,0.0008779868949204,0.0008779868949204
9261,0.0009363476419821,0.0009363476419821
9262,0.0008660948369652,0.0008660948369652
9263,0.0008880902314558,0.0008880902314558
9264,0.0008955273660831,0.0008955273660831
9265,0.0009151923586614,0.0009151923586614
9266,0.000855220016092,0.000855220016092
9267,0.000960127916187,0.000960127916187
9268,0.0009821937419474,0.0009821937419474
9269,0.0009749968303367,0.0009749968303367
9270,0.0010670130141079,0.0010670130141079
9271,0.0009356524096801,0.0009356524096801
9272,0.0009045043843798,0.0009045043843798
9273,0.0009580022306181,0.0009580022306181
9274,0.0008836622000671,0.0008836622000671
9275,0.0010407669469714,0.0010407669469714
9276,0.0009455411345697,0.0009455411345697
9277,0.0010120613733306,0.0010120613733306
9278,0.0010188084561377,0.0010188084561377
9279,0.0010016410378739,0.0010016410378739
9280,0.000906731118448,0.000906731118448
9281,0.0008402820094488,0.0008402820094488
9282,0.0009621537756174,0.0009621537756174
9283,0.001048392849043,0.001048392849043
9284,0.0009429713245481,0.0009429713245481
9285,0.0009715396445244,0.0009715396445244
9286,0.0009356166701763,0.0009356166701763
9287,0.0009984830394387,0.0009984830394387
9288,0.0009420082205906,0.0009420082205906
9289,0.0009228241397067,0.0009228241397067
9290,0.0009181312634609,0.0009181312634609
9291,0.001002385513857,0.001002385513857
9292,0.0009322094265371,0.0009322094265371
9293,0.0010121628874912,0.0010121628874912
9294,0.0010476653696969,0.0010476653696969
9295,0.0009465100592933,0.0009465100592933
9296,0.0009317412623204,0.0009317412623204
9297,0.000921364990063,0.000921364990063
9298,0.0009828477632254,0.0009828477632254
9299,0.0009195967577397,0.0009195967577397
9300,0.0009416545508429,0.0009416545508429
9301,0.0009316403302364,0.0009316403302364
9302,0.0009216960752382,0.0009216960752382
9303,0.0009296644711866,0.0009296644711866
9304,0.0009056919952854,0.0009056919952854
9305,0.0009123913478106,0.0009123913478106
9306,0.0009512628312222,0.0009512628312222
9307,0.0009575907606631,0.0009575907606631
9308,0.0009039548458531,0.0009039548458531
9309,0.0009181795758195,0.0009181795758195
9310,0.0008795532630756,0.0008795532630756
9311,0.0009742208640091,0.0009742208640091
9312,0.0009218833292834,0.0009218833292834
9313,0.0009674747707322,0.0009674747707322
9314,0.000895632081665,0.000895632081665
9315,0.0008944110013544,0.0008944110013544
9316,0.0010077314218506,0.0010077314218506
9317,0.0010061273351311,0.0010061273351311
9318,0.0009249508148059,0.0009249508148059
9319,0.0008701053448021,0.0008701053448021
9320,0.0009125311044044,0.0009125311044044
9321,0.0009066103957593,0.0009066103957593
9322,0.0009279150981456,0.0009279150981456
9323,0.0009573563584126,0.0009573563584126
9324,0.0010028802789747,0.0010028802789747
9325,0.0009438752895221,0.0009438752895221
9326,0.0009652755106799,0.0009652755106799
9327,0.0009154045255854,0.0009154045255854
9328,0.0009442991577088,0.0009442991577088
9329,0.000927206070628,0.000927206070628
9330,0.0009023076272569,0.0009023076272569
9331,0.0008835824555717,0.0008835824555717
9332,0.0009143964853137,0.0009143964853137
9333,0.0009559077443554,0.0009559077443554
9334,0.000953419599682,0.000953419599682
9335,0.0009871582733467,0.0009871582733467
9336,0.0009535590070299,0.0009535590070299
9337,0.0009723140974529,0.0009723140974529
9338,0.0009451811783947,0.0009451811783947
9339,0.001034966437146,0.001034966437146
9340,0.0009476680424995,0.0009476680424995
9341,0.0009243073291145,0.0009243073291145
9342,0.0010036386083811,0.0010036386083811
9343,0.0009974993299692,0.0009974993299692
9344,0.0009236593614332,0.0009236593614332
9345,0.0009676566696725,0.0009676566696725
9346,0.0009241370717063,0.0009241370717063
9347,0.0009230176801793,0.0009230176801793
9348,0.0009491741657257,0.0009491741657257
9349,0.0009981493931263,0.0009981493931263
9350,0.0009188703261315,0.0009188703261315
9351,0.0009539203601889,0.0009539203601889
9352,0.0009454722166992,0.0009454722166992
9353,0.0008982134750112,0.0008982134750112
9354,0.0009081601165235,0.0009081601165235
9355,0.0010614704806357,0.0010614704806357
9356,0.0009682224481366,0.0009682224481366
9357,0.000933886214625,0.000933886214625
9358,0.0009740058449096,0.0009740058449096
9359,0.000946253130678,0.000946253130678
9360,0.000911513576284,0.000911513576284
9361,0.0009780095424503,0.0009780095424503
9362,0.0010146293789148,0.0010146293789148
9363,0.0009348469320684,0.0009348469320684
9364,0.0009274933254346,0.0009274933254346
9365,0.000945012900047,0.000945012900047
9366,0.0009701789822429,0.0009701789822429
9367,0.0009352716733701,0.0009352716733701
9368,0.0009194245794788,0.0009194245794788
9369,0.0009141783230006,0.0009141783230006
9370,0.0009273000760003,0.0009273000760003
9371,0.0009428861085325,0.0009428861085325
9372,0.0009188608382828,0.0009188608382828
9373,0.0008800907526165,0.0008800907526165
9374,0.0008938749087974,0.0008938749087974
9375,0.0010034525766968,0.0010034525766968
9376,0.000956735224463,0.000956735224463
9377,0.0010375283891335,0.0010375283891335
9378,0.0009579677134752,0.0009579677134752
9379,0.0008790323627181,0.0008790323627181
9380,0.0009694574400782,0.0009694574400782
9381,0.0010474619921296,0.0010474619921296
9382,0.0009359486284665,0.0009359486284665
9383,0.0009086455102078,0.0009086455102078
9384,0.0009076821734197,0.0009076821734197
9385,0.0009681262308731,0.0009681262308731
9386,0.001017918693833,0.001017918693833
9387,0.0009313127957284,0.0009313127957284
9388,0.0009094421984627,0.0009094421984627
9389,0.0008916956139728,0.0008916956139728
9390,0.0008065602160058,0.0008065602160058
9391,0.0009098571608774,0.0009098571608774
9392,0.0010488865664228,0.0010488865664228
9393,0.0009794337674975,0.0009794337674975
9394,0.0009443288436159,0.0009443288436159
9395,0.0010305085452273,0.0010305085452273
9396,0.0009073105175048,0.0009073105175048
9397,0.0009392545325681,0.0009392545325681
9398,0.0009590055560693,0.0009590055560693
9399,0.0010274122469127,0.0010274122469127
9400,0.0009298013173975,0.0009298013173975
9401,0.0009283412364311,0.0009283412364311
9402,0.0010020700283348,0.0010020700283348
9403,0.0009179547196254,0.0009179547196254
9404,0.0009069039369933,0.0009069039369933
9405,0.0009681623778305,0.0009681623778305
9406,0.0009472885285504,0.0009472885285504
9407,0.0009244843386113,0.0009244843386113
9408,0.0010339188156649,0.0010339188156649
9409,0.0009518465958535,0.0009518465958535
9410,0.0009255293989554,0.0009255293989554
9411,0.0009573828428983,0.0009573828428983
9412,0.000921202416066,0.000921202416066
9413,0.0009505369816906,0.0009505369816906
9414,0.0010158900404348,0.0010158900404348
9415,0.0009500316809862,0.0009500316809862
9416,0.0009512563119642,0.0009512563119642
9417,0.0009104569908231,0.0009104569908231
9418,0.0010529410792514,0.0010529410792514
9419,0.0010275901295244,0.0010275901295244
9420,0.0009267659042961,0.0009267659042961
9421,0.0010003483621403,0.0010003483621403
9422,0.0009546242654323,0.0009546242654323
9423,0.0010375102283433,0.0010375102283433
9424,0.0009070895030163,0.0009070895030163
9425,0.0009526743669994,0.0009526743669994
9426,0.0009305248968303,0.0009305248968303
9427,0.0010168086737394,0.0010168086737394
9428,0.0009551192051731,0.0009551192051731
9429,0.0010133924661204,0.0010133924661204
9430,0.0009836729150265,0.0009836729150265
9431,0.0008889600285328,0.0008889600285328
9432,0.0009297709329985,0.0009297709329985
9433,0.0009548980160616,0.0009548980160616
9434,0.0009805259760469,0.0009805259760469
9435,0.0009186329552903,0.0009186329552903
9436,0.0009655259200371,0.0009655259200371
9437,0.0009193022851832,0.0009193022851832
9438,0.0009772926568984,0.0009772926568984
9439,0.0009304258855991,0.0009304258855991
9440,0.000929154921323,0.000929154921323
9441,0.0009233774617314,0.0009233774617314
9442,0.0008994847303256,0.0008994847303256
9443,0.000959803990554,0.000959803990554
9444,0.0009354946669191,0.0009354946669191
9445,0.0009386005694977,0.0009386005694977
9446,0.0009598947362974,0.0009598947362974
9447,0.0010245159501209,0.0010245159501209
9448,0.0009481433662585,0.0009481433662585
9449,0.000946749758441,0.000946749758441
9450,0.0008418158977292,0.0008418158977292
9451,0.0009491366217844,0.0009491366217844
9452,0.0008614032412879,0.0008614032412879
9453,0.000939171470236,0.000939171470236
9454,0.0009699183283373,0.0009699183283373
9455,0.0009496207931078,0.0009496207931078
9456,0.0009425749303773,0.0009425749303773
9457,0.000997046008706,0.000997046008706
9458,0.0009083679760806,0.0009083679760806
9459,0.0008319792686961,0.0008319792686961
9460,0.000914868840482,0.000914868840482
9461,0.0009883324382826,0.0009883324382826
9462,0.0008629487711004,0.0008629487711004
9463,0.0009197808103635,0.0009197808103635
9464,0.0009361415286548,0.0009361415286548
9465,0.0009361419361084,0.0009361419361084
9466,0.0008572074584662,0.0008572074584662
9467,0.0008884202106855,0.0008884202106855
9468,0.0009449565550312,0.0009449565550312
9469,0.0009952428517863,0.0009952428517863
9470,0.0008951309719122,0.0008951309719122
9471,0.0009865022730082,0.0009865022730082
9472,0.0010070275748148,0.0010070275748148
9473,0.0009366973536089,0.0009366973536089
9474,0.0009817399550229,0.0009817399550229
9475,0.0010091467993333,0.0010091467993333
9476,0.00094919744879,0.00094919744879
9477,0.0009210590505972,0.0009210590505972
9478,0.0009876451222226,0.0009876451222226
9479,0.0009177837055176,0.0009177837055176
9480,0.0009268402936868,0.0009268402936868
9481,0.0009498336003161,0.0009498336003161
9482,0.0009457900887355,0.0009457900887355
9483,0.0008709128596819,0.0008709128596819
9484,0.000905166787561,0.000905166787561
9485,0.0009035975672304,0.0009035975672304
9486,0.0009347269660793,0.0009347269660793
9487,0.0009493051911704,0.0009493051911704
9488,0.0008657975122332,0.0008657975122332
9489,0.0008118342375382,0.0008118342375382
9490,0.000908428162802,0.000908428162802
9491,0.0008789401035755,0.0008789401035755
9492,0.000936756201554,0.000936756201554
9493,0.0009363318094983,0.0009363318094983
9494,0.0009996787412092,0.0009996787412092
9495,0.0009443896706216,0.0009443896706216
9496,0.0009891199879348,0.0009891199879348
9497,0.0010636298684403,0.0010636298684403
9498,0.0009362705168314,0.0009362705168314
9499,0.0009604863007552,0.0009604863007552
9500,0.0009765727445483,0.0009765727445483
9501,0.0009633257286623,0.0009633257286623
9502,0.0010253245709463,0.0010253245709463
9503,0.0009879374410957,0.0009879374410957
9504,0.0009145734948106,0.0009145734948106
9505,0.0009565134532749,0.0009565134532749
9506,0.0009333126945421,0.0009333126945421
9507,0.0009338476229459,0.0009338476229459
9508,0.0010210865875706,0.0010210865875706
9509,0.0009673151653259,0.0009673151653259
9510,0.0008174324757419,0.0008174324757419
9511,0.0009130768012255,0.0009130768012255
9512,0.0009536974248476,0.0009536974248476
9513,0.0010316439438611,0.0010316439438611
9514,0.000889029179234,0.000889029179234
9515,0.0009272113093174,0.0009272113093174
9516,0.0009352699853479,0.0009352699853479
9517,0.0009754620259627,0.0009754620259627
9518,0.0009410635684616,0.0009410635684616
9519,0.0008631324162706,0.0008631324162706
9520,0.0009891785448417,0.0009891785448417
9521,0.0008991804206743,0.0008991804206743
9522,0.0009740603272803,0.0009740603272803
9523,0.0009364330908283,0.0009364330908283
9524,0.000866086105816,0.000866086105816
9525,0.0009654260938987,0.0009654260938987
9526,0.0009927626233547,0.0009927626233547
9527,0.0009647853439673,0.0009647853439673
9528,0.0009624736849218,0.0009624736849218
9529,0.0009308524313382,0.0009308524313382
9530,0.0009638180490583,0.0009638180490583
9531,0.0009306471329182,0.0009306471329182
9532,0.0009247624548152,0.0009247624548152
9533,0.0009859020356088,0.0009859020356088
9534,0.000985073740594,0.000985073740594
9535,0.0009365886216983,0.0009365886216983
9536,0.0009377787355333,0.0009377787355333
9537,0.0008826117846183,0.0008826117846183
9538,0.0009409805643372,0.0009409805643372
9539,0.0009642717777751,0.0009642717777751
9540,0.0009324560523964,0.0009324560523964
9541,0.0010630268370732,0.0010630268370732
9542,0.0009287273278459,0.0009287273278459
9543,0.0009221766376867,0.0009221766376867
9544,0.000954003422521,0.000954003422521
9545,0.0008975702803581,0.0008975702803581
9546,0.0009603005601093,0.0009603005601093
9547,0.0009640698553994,0.0009640698553994
9548,0.0010299974819645,0.0010299974819645
9549,0.0009893894894048,0.0009893894894048
9550,0.0010746710468083,0.0010746710468083
9551,0.000994550762698,0.000994550762698
9552,0.0010339200962334,0.0010339200962334
9553,0.0009957610163837,0.0009957610163837
9554,0.0009181683999486,0.0009181683999486
9555,0.0010575514752417,0.0010575514752417
9556,0.0009977521840482,0.0009977521840482
9557,0.000945151085034,0.000945151085034
9558,0.0010845417855307,0.0010845417855307
9559,0.0009574327850714,0.0009574327850714
9560,0.0009130239486694,0.0009130239486694
9561,0.0009991092374548,0.0009991092374548
9562,0.0009279911755584,0.0009279911755584
9563,0.0010180381359532,0.0010180381359532
9564,0.0009830457856878,0.0009830457856878
9565,0.0009657116606831,0.0009657116606831
9566,0.0010070449206978,0.0010070449206978
9567,0.000928456953261,0.000928456953261
9568,0.0010126470588147,0.0010126470588147
9569,0.0009442922309972,0.0009442922309972
9570,0.0009556619916111,0.0009556619916111
9571,0.0010199983371421,0.0010199983371421
9572,0.0009501582826487,0.0009501582826487
9573,0.0010365999769419,0.0010365999769419
9574,0.0009478962165303,0.0009478962165303
9575,0.0009925237391144,0.0009925237391144
9576,0.0010362135944887,0.0010362135944887
9577,0.0010517371119931,0.0010517371119931
9578,0.0010184752754867,0.0010184752754867
9579,0.0008900570683181,0.0008900570683181
9580,0.0009643958183005,0.0009643958183005
9581,0.0009770919568836,0.0009770919568836
9582,0.0010526275727897,0.0010526275727897
9583,0.0010536212939769,0.0010536212939769
9584,0.0009664643439464,0.0009664643439464
9585,0.0010732767404988,0.0010732767404988
9586,0.0008642697357572,0.0008642697357572
9587,0.0010383954504504,0.0010383954504504
9588,0.0008857566863298,0.0008857566863298
9589,0.0009700396913103,0.0009700396913103
9590,0.000892033742275,0.000892033742275
9591,0.0009770891629159,0.0009770891629159
9592,0.0010641803964972,0.0010641803964972
9593,0.0009027550113387,0.0009027550113387
9594,0.0009495962294749,0.0009495962294749
9595,0.0009912365349009,0.0009912365349009
9596,0.0009423702722415,0.0009423702722415
9597,0.0009084793273359,0.0009084793273359
9598,0.0009637811454012,0.0009637811454012
9599,0.0009175716550089,0.0009175716550089
9600,0.0009687660494819,0.0009687660494819
9601,0.0010547464480623,0.0010547464480623
9602,0.0008775478345341,0.0008775478345341
9603,0.0009152885759249,0.0009152885759249
9604,0.0009914841502904,0.0009914841502904
9605,0.0009822242427617,0.0009822242427617
9606,0.0009324256679974,0.0009324256679974
9607,0.0009986470686271,0.0009986470686271
9608,0.0009524039342068,0.0009524039342068
9609,0.0009634186280891,0.0009634186280891
9610,0.0009414541418664,0.0009414541418664
9611,0.0009007736225612,0.0009007736225612
9612,0.0009775173384696,0.0009775173384696
9613,0.0009437064290978,0.0009437064290978
9614,0.0009372509666718,0.0009372509666718
9615,0.0009740185341797,0.0009740185341797
9616,0.0009797289967536,0.0009797289967536
9617,0.000972022418864,0.000972022418864
9618,0.000990257714875,0.000990257714875
9619,0.0009300816454924,0.0009300816454924
9620,0.0009213396697305,0.0009213396697305
9621,0.0009299576631747,0.0009299576631747
9622,0.000976946670562,0.000976946670562
9623,0.0009794225916266,0.0009794225916266
9624,0.0009262249805033,0.0009262249805033
9625,0.0009835141245275,0.0009835141245275
9626,0.000952465517912,0.000952465517912
9627,0.0009315239731222,0.0009315239731222
9628,0.0009387845057062,0.0009387845057062
9629,0.000912494957447,0.000912494957447
9630,0.0009575248113833,0.0009575248113833
9631,0.000963322003372,0.000963322003372
9632,0.000988530460745,0.000988530460745
9633,0.000893527874723,0.000893527874723
9634,0.001024438184686,0.001024438184686
9635,0.000980073120445,0.000980073120445
9636,0.0009739384404383,0.0009739384404383
9637,0.0010720596183091,0.0010720596183091
9638,0.0009828647598624,0.0009828647598624
9639,0.0009643710218369,0.0009643710218369
9640,0.0009324208367615,0.0009324208367615
9641,0.0009179874323308,0.0009179874323308
9642,0.0009253713069483,0.0009253713069483
9643,0.0009899091674014,0.0009899091674014
9644,0.0009453169768676,0.0009453169768676
9645,0.0010698343394324,0.0010698343394324
9646,0.0009421331342309,0.0009421331342309
9647,0.0009207991533912,0.0009207991533912
9648,0.0010858159512281,0.0010858159512281
9649,0.000992419780232,0.000992419780232
9650,0.0009192656725645,0.0009192656725645
9651,0.0009875036776065,0.0009875036776065
9652,0.0010478186886757,0.0010478186886757
9653,0.0009775839280337,0.0009775839280337
9654,0.0010040196357294,0.0010040196357294
9655,0.0008558537228964,0.0008558537228964
9656,0.0010086649563163,0.0010086649563163
9657,0.0009255736949853,0.0009255736949853
9658,0.0009007090702652,0.0009007090702652
9659,0.0008822131785564,0.0008822131785564
9660,0.0009115726570598,0.0009115726570598
9661,0.0009039651486091,0.0009039651486091
9662,0.0009298843215219,0.0009298843215219
9663,0.0009550619870424,0.0009550619870424
9664,0.0009300953825004,0.0009300953825004
9665,0.0010217172093689,0.0010217172093689
9666,0.0009859815472736,0.0009859815472736
9667,0.0009485763148404,0.0009485763148404
9668,0.0010099427308887,0.0010099427308887
9669,0.0009921315358951,0.0009921315358951
9670,0.0009272863389924,0.0009272863389924
9671,0.0009611021960154,0.0009611021960154
9672,0.0010115874465554,0.0010115874465554
9673,0.0008916959050111,0.0008916959050111
9674,0.0009325555292889,0.0009325555292889
9675,0.0009715976193547,0.0009715976193547
9676,0.0009540916653349,0.0009540916653349
9677,0.0008754950249567,0.0008754950249567
9678,0.0009188000694848,0.0009188000694848
9679,0.0009991779224947,0.0009991779224947
9680,0.0009959153831005,0.0009959153831005
9681,0.0009799762628972,0.0009799762628972
9682,0.0009177980246022,0.0009177980246022
9683,0.0009913246612995,0.0009913246612995
9684,0.0008994859526865,0.0008994859526865
9685,0.0010192304616793,0.0010192304616793
9686,0.0009678602218627,0.0009678602218627
9687,0.0009585593943484,0.0009585593943484
9688,0.0009952816180884,0.0009952816180884
9689,0.0010149816516786,0.0010149816516786
9690,0.0010359927546232,0.0010359927546232
9691,0.0009483126341365,0.0009483126341365
9692,0.0009244152461178,0.0009244152461178
9693,0.0008431635214947,0.0008431635214947
9694,0.0009701675735414,0.0009701675735414
9695,0.0009047968778759,0.0009047968778759
9696,0.0010179532691836,0.0010179532691836
9697,0.0009475215920247,0.0009475215920247
9698,0.0010080120991915,0.0010080120991915
9699,0.000943255610764,0.000943255610764
9700,0.0008757304749451,0.0008757304749451
9701,0.0010521403746679,0.0010521403746679
9702,0.0009355699876323,0.0009355699876323
9703,0.0010287563782185,0.0010287563782185
9704,0.0009421290596947,0.0009421290596947
9705,0.0009070624364539,0.0009070624364539
9706,0.0008991964859887,0.0008991964859887
9707,0.0010238286340609,0.0010238286340609
9708,0.0009104014607146,0.0009104014607146
9709,0.0009740905952639,0.0009740905952639
9710,0.0010656028753146,0.0010656028753146
9711,0.0009610610431991,0.0009610610431991
9712,0.0009660201030783,0.0009660201030783
9713,0.0010425926884636,0.0010425926884636
9714,0.0009439393761567,0.0009439393761567
9715,0.0009024037281051,0.0009024037281051
9716,0.0009311246103607,0.0009311246103607
9717,0.0008912673220038,0.0008912673220038
9718,0.0009927270002663,0.0009927270002663
9719,0.0009848270565271,0.0009848270565271
9720,0.0010401289910078,0.0010401289910078
9721,0.0009018596028909,0.0009018596028909
9722,0.0010162510443478,0.0010162510443478
9723,0.0009259462822228,0.0009259462822228
9724,0.0009747059084475,0.0009747059084475
9725,0.0010025720112025,0.0010025720112025
9726,0.000919635000173,0.000919635000173
9727,0.0010582782560959,0.0010582782560959
9728,0.0009652730659581,0.0009652730659581
9729,0.0010148944566026,0.0010148944566026
9730,0.0009592652786523,0.0009592652786523
9731,0.0009532067342661,0.0009532067342661
9732,0.0008916032384149,0.0008916032384149
9733,0.0009502236498519,0.0009502236498519
9734,0.0009816694073379,0.0009816694073379
9735,0.0010464716469869,0.0010464716469869
9736,0.0010086982510983,0.0010086982510983
9737,0.0009625107049942,0.0009625107049942
9738,0.0009719017543829,0.0009719017543829
9739,0.0009740988025441,0.0009740988025441
9740,0.0008933088975027,0.0008933088975027
9741,0.0009650576976127,0.0009650576976127
9742,0.0009223043452948,0.0009223043452948
9743,0.000848738127388,0.000848738127388
9744,0.0008769421256147,0.0008769421256147
9745,0.0009345733560621,0.0009345733560621
9746,0.0008860910311341,0.0008860910311341
9747,0.000941545702517,0.000941545702517
9748,0.0009551629191264,0.0009551629191264
9749,0.0009198082261718,0.0009198082261718
9750,0.0009313604678027,0.0009313604678027
9751,0.0009541924810037,0.0009541924810037
9752,0.0009164099465124,0.0009164099465124
9753,0.0009035719558596,0.0009035719558596
9754,0.0008993996307253,0.0008993996307253
9755,0.0009272604947909,0.0009272604947909
9756,0.000898931233678,0.000898931233678
9757,0.0010429824469611,0.0010429824469611
9758,0.000867294089403,0.000867294089403
9759,0.0010030653793364,0.0010030653793364
9760,0.000990351778455,0.000990351778455
9761,0.0009518869919702,0.0009518869919702
9762,0.0010373822879046,0.0010373822879046
9763,0.0009796632220968,0.0009796632220968
9764,0.0009413555380888,0.0009413555380888
9765,0.0009151314152404,0.0009151314152404
9766,0.0009207469411194,0.0009207469411194
9767,0.0009329846943728,0.0009329846943728
9768,0.0010123904794454,0.0010123904794454
9769,0.0009526753565296,0.0009526753565296
9770,0.0009053328540176,0.0009053328540176
9771,0.0009505121852271,0.0009505121852271
9772,0.0009164676303043,0.0009164676303043
9773,0.0009510171366855,0.0009510171366855
9774,0.0009543315391056,0.0009543315391056
9775,0.000972858921159,0.000972858921159
9776,0.000969008076936,0.000969008076936
9777,0.000941346748732,0.000941346748732
9778,0.0008828826248645,0.0008828826248645
9779,0.0009161714697256,0.0009161714697256
9780,0.0009429783094674,0.0009429783094674
9781,0.000929192523472,0.000929192523472
9782,0.0009246172849088,0.0009246172849088
9783,0.0009831812931224,0.0009831812931224
9784,0.0009636277100071,0.0009636277100071
9785,0.0009700609371066,0.0009700609371066
9786,0.0010779902804642,0.0010779902804642
9787,0.0009102944750338,0.0009102944750338
9788,0.0009080813033506,0.0009080813033506
9789,0.0009866323089227,0.0009866323089227
9790,0.0009253909811377,0.0009253909811377
9791,0.0009890194050967,0.0009890194050967
9792,0.0009207654511556,0.0009207654511556
9793,0.0009789201430976,0.0009789201430976
9794,0.0009464461472816,0.0009464461472816
9795,0.0009849981870502,0.0009849981870502
9796,0.0009961675386875,0.0009961675386875
9797,0.0009796626400202,0.0009796626400202
9798,0.0008880944806151,0.0008880944806151
9799,0.0009659468196332,0.0009659468196332
9800,0.0009800723055377,0.0009800723055377
9801,0.0009925968479365,0.0009925968479365
9802,0.0009745718562044,0.0009745718562044
9803,0.0009915737900882,0.0009915737900882
9804,0.0010011051781475,0.0010011051781475
9805,0.0010635838843882,0.0010635838843882
9806,0.0009519029990769,0.0009519029990769
9807,0.0009394623339176,0.0009394623339176
9808,0.0010761362500488,0.0010761362500488
9809,0.0010748299537226,0.0010748299537226
9810,0.0009422174771316,0.0009422174771316
9811,0.0009945898782461,0.0009945898782461
9812,0.0009912463137879,0.0009912463137879
9813,0.0008336851024068,0.0008336851024068
9814,0.0009758779779076,0.0009758779779076
9815,0.0010251116473227,0.0010251116473227
9816,0.0009203047957271,0.0009203047957271
9817,0.0010091346921399,0.0010091346921399
9818,0.0009520530584268,0.0009520530584268
9819,0.0009282345999963,0.0009282345999963
9820,0.0009263851679861,0.0009263851679861
9821,0.0010080833453685,0.0010080833453685
9822,0.0010223366552963,0.0010223366552963
9823,0.0009499089210294,0.0009499089210294
9824,0.0009331721812486,0.0009331721812486
9825,0.0009900983422994,0.0009900983422994
9826,0.0010066404938697,0.0010066404938697
9827,0.0009436851833015,0.0009436851833015
9828,0.0010396360885351,0.0010396360885351
9829,0.000925222353544,0.000925222353544
9830,0.000973908114247,0.000973908114247
9831,0.0009183732327073,0.0009183732327073
9832,0.0009651602595113,0.0009651602595113
9833,0.0009613444563001,0.0009613444563001
9834,0.0009169302065856,0.0009169302065856
9835,0.0008655281271785,0.0008655281271785
9836,0.0009294330957345,0.0009294330957345
9837,0.0009336878429166,0.0009336878429166
9838,0.0009067031205631,0.0009067031205631
9839,0.0009852140210568,0.0009852140210568
9840,0.0009800347033888,0.0009800347033888
9841,0.0009197484469041,0.0009197484469041
9842,0.0009705191478133,0.0009705191478133
9843,0.0009887636406347,0.0009887636406347
9844,0.0009020990692079,0.0009020990692079
9845,0.0009043188183568,0.0009043188183568
9846,0.0009971712715923,0.0009971712715923
9847,0.0009406635654158,0.0009406635654158
9848,0.0010425675427541,0.0010425675427541
9849,0.0009724915144033,0.0009724915144033
9850,0.000931384449359,0.000931384449359
9851,0.0009347861632704,0.0009347861632704
9852,0.0009839988779276,0.0009839988779276
9853,0.0009044090402312,0.0009044090402312
9854,0.0009527237853035,0.0009527237853035
9855,0.0009703544783405,0.0009703544783405
9856,0.0010147782741114,0.0010147782741114
9857,0.0009110051323659,0.0009110051323659
9858,0.0009973996784538,0.0009973996784538
9859,0.0009756732033565,0.0009756732033565
9860,0.0008615565020591,0.0008615565020591
9861,0.0010332545498386,0.0010332545498386
9862,0.0009551518596708,0.0009551518596708
9863,0.0010064635425806,0.0010064635425806
9864,0.0010083899833261,0.0010083899833261
9865,0.0009602181962691,0.0009602181962691
9866,0.0009710988379083,0.0009710988379083
9867,0.000897494261153,0.000897494261153
9868,0.0009293854818679,0.0009293854818679
9869,0.0009217223268933,0.0009217223268933
9870,0.0009692047024145,0.0009692047024145
9871,0.0009233878809027,0.0009233878809027
9872,0.0009479055879637,0.0009479055879637
9873,0.0010061343200504,0.0010061343200504
9874,0.0008995990501716,0.0008995990501716
9875,0.0009297078941017,0.0009297078941017
9876,0.0009548930102027,0.0009548930102027
9877,0.0009467268828302,0.0009467268828302
9878,0.0009132588747888,0.0009132588747888
9879,0.000956246512942,0.000956246512942
9880,0.0009027261985465,0.0009027261985465
9881,0.0008889848249964,0.0008889848249964
9882,0.0009283564868383,0.0009283564868383
9883,0.0009311598259955,0.0009311598259955
9884,0.0009350209147669,0.0009350209147669
9885,0.0009004956809803,0.0009004956809803
9886,0.0009489646181464,0.0009489646181464
9887,0.0009615896851755,0.0009615896851755
9888,0.0009806441375985,0.0009806441375985
9889,0.0009513838449493,0.0009513838449493
9890,0.0009950179373845,0.0009950179373845
9891,0.0010302835144102,0.0010302835144102
9892,0.0008901412365958,0.0008901412365958
9893,0.0009761462570168,0.0009761462570168
9894,0.000936142518185,0.000936142518185
9895,0.0009619345655664,0.0009619345655664
9896,0.0009941741591319,0.0009941741591319
9897,0.0009345287107862,0.0009345287107862
9898,0.0010613308986648,0.0010613308986648
9899,0.0009256917983293,0.0009256917983293
9900,0.000976983224973,0.000976983224973
9901,0.0009788684546947,0.0009788684546947
9902,0.0009538351441733,0.0009538351441733
9903,0.0009310425375588,0.0009310425375588
9904,0.0009935616981238,0.0009935616981238
9905,0.0010053417645394,0.0010053417645394
9906,0.0009441323345527,0.0009441323345527
9907,0.0008958385442383,0.0008958385442383
9908,0.0010074147721752,0.0010074147721752
9909,0.0009185136295855,0.0009185136295855
9910,0.0009701720555312,0.0009701720555312
9911,0.0008803411619737,0.0008803411619737
9912,0.0009341241093352,0.0009341241093352
9913,0.0009931504027917,0.0009931504027917
9914,0.0009727808064781,0.0009727808064781
9915,0.0009206426911987,0.0009206426911987
9916,0.0009412805084139,0.0009412805084139
9917,0.0009360788972117,0.0009360788972117
9918,0.0009531555697321,0.0009531555697321
9919,0.0010104787070304,0.0010104787070304
9920,0.0009404218290001,0.0009404218290001
9921,0.0009079077863134,0.0009079077863134
9922,0.0009771443437784,0.0009771443437784
9923,0.0010405406355857,0.0010405406355857
9924,0.0008923730347305,0.0008923730347305
9925,0.0009949443629011,0.0009949443629011
9926,0.00097109132912,0.00097109132912
9927,0.0009693669271655,0.0009693669271655
9928,0.0009685571421869,0.0009685571421869
9929,0.0009804235305637,0.0009804235305637
9930,0.0009520535822957,0.0009520535822957
9931,0.0009627168183214,0.0009627168183214
9932,0.001006765756756,0.001006765756756
9933,0.0009757695370353,0.0009757695370353
9934,0.0009233669261448,0.0009233669261448
9935,0.0009591817506588,0.0009591817506588
9936,0.0009571003611199,0.0009571003611199
9937,0.0009642275981605,0.0009642275981605
9938,0.0009125937940552,0.0009125937940552
9939,0.00090446829563,0.00090446829563
9940,0.000924831838347,0.000924831838347
9941,0.0009581466438248,0.0009581466438248
9942,0.0009927877690643,0.0009927877690643
9943,0.0008808868587948,0.0008808868587948
9944,0.0009244089014828,0.0009244089014828
9945,0.0008924616849981,0.0008924616849981
9946,0.0010088871931657,0.0010088871931657
9947,0.000880945008248,0.000880945008248
9948,0.0009456942789256,0.0009456942789256
9949,0.0009725150302983,0.0009725150302983
9950,0.0010377700673416,0.0010377700673416
9951,0.0010045974049717,0.0010045974049717
9952,0.0009863483719527,0.0009863483719527
9953,0.0009947781218215,0.0009947781218215
9954,0.000962758262176,0.000962758262176
9955,0.0009704073308967,0.0009704073308967
9956,0.0009609584230929,0.0009609584230929
9957,0.0009262128151021,0.0009262128151021
9958,0.0010211754124611,0.0010211754124611
9959,0.0010390542447566,0.0010390542447566
9960,0.0009475099504925,0.0009475099504925
9961,0.0009493011166341,0.0009493011166341
9962,0.0009767280425876,0.0009767280425876
9963,0.0009041373850777,0.0009041373850777
9964,0.0009071668609976,0.0009071668609976
9965,0.0008965441375039,0.0008965441375039
9966,0.0009254821343347,0.0009254821343347
9967,0.0010001795599237,0.0010001795599237
9968,0.000963743077591,0.000963743077591
9969,0.0009765768190845,0.0009765768190845
9970,0.0009546566288918,0.0009546566288918
9971,0.000983094330877,0.000983094330877
9972,0.0008952690404839,0.0008952690404839
9973,0.0009182583307847,0.0009182583307847
9974,0.0009359435644,0.0009359435644
9975,0.0009425129392184,0.0009425129392184
9976,0.0009584943763911,0.0009584943763911
9977,0.0009113617707043,0.0009113617707043
9978,0.00096878525801,0.00096878525801
9979,0.000984224723652,0.000984224723652
9980,0.001020855968818,0.001020855968818
9981,0.0009533634292893,0.0009533634292893
9982,0.0009492945973761,0.0009492945973761
9983,0.0009730025194585,0.0009730025194585
9984,0.000908880145289,0.000908880145289
9985,0.0009071658132597,0.0009071658132597
9986,0.0009007573244161,0.0009007573244161
9987,0.000938712444622,0.000938712444622
9988,0.0009270151495002,0.0009270151495002
9989,0.0009040417498908,0.0009040417498908
9990,0.0009850885253399,0.0009850885253399
9991,0.0009317119256593,0.0009317119256593
9992,0.0009715655469335,0.0009715655469335
9993,0.0009187913965433,0.0009187913965433
9994,0.0009867642074823,0.0009867642074823
9995,0.0009432327933609,0.0009432327933609
9996,0.0009174618171527,0.0009174618171527
9997,0.0009081360185518,0.0009081360185518
9998,0.0009350454201921,0.0009350454201921
9999,0.0009003662271425,0.0009003662271425
