,core,total
0,0.0081137865781784,0.0081137865781784
1,0.0081392722204327,0.0081392722204327
2,0.0079098585993051,0.0079098585993051
3,0.0079653300344944,0.0079653300344944
4,0.0078841745853424,0.0078841745853424
5,0.0078318947926163,0.0078318947926163
6,0.0078183840960264,0.0078183840960264
7,0.0078393723815679,0.0078393723815679
8,0.007859056815505,0.007859056815505
9,0.0078308060765266,0.0078308060765266
10,0.0078177116811275,0.0078177116811275
11,0.0078145042061805,0.0078145042061805
12,0.00781418569386,0.00781418569386
13,0.0078164655715227,0.0078164655715227
14,0.0078146196901798,0.0078146196901798
15,0.0078147267922759,0.0078147267922759
16,0.0078166127204895,0.0078166127204895
17,0.0078155742958188,0.0078155742958188
18,0.007814360782504,0.007814360782504
19,0.007818954065442,0.007818954065442
20,0.0078164134174585,0.0078164134174585
21,0.007815464399755,0.007815464399755
22,0.007819777354598,0.007819777354598
23,0.007812900468707,0.007812900468707
24,0.0078086969442665,0.0078086969442665
25,0.0078065325506031,0.0078065325506031
26,0.0078067467547953,0.0078067467547953
27,0.0078000896610319,0.0078000896610319
28,0.0077944598160684,0.0077944598160684
29,0.0077792215161025,0.0077792215161025
30,0.0077489237301051,0.0077489237301051
31,0.0076858755201101,0.0076858755201101
32,0.0074320202693343,0.0074320202693343
33,0.00713517004624,0.00713517004624
34,0.0075988969765603,0.0075988969765603
35,0.0069790543057024,0.0069790543057024
36,0.0072082406841218,0.0072082406841218
37,0.0071425312198698,0.0071425312198698
38,0.0068713291548192,0.0068713291548192
39,0.0067328414879739,0.0067328414879739
40,0.0068447152152657,0.0068447152152657
41,0.0068476581946015,0.0068476581946015
42,0.006623663008213,0.006623663008213
43,0.0065326276235282,0.0065326276235282
44,0.0062956013716757,0.0062956013716757
45,0.0062401983886957,0.0062401983886957
46,0.0063230684027075,0.0063230684027075
47,0.0061905700713396,0.0061905700713396
48,0.0061520347371697,0.0061520347371697
49,0.0059096617624163,0.0059096617624163
50,0.0060059204697608,0.0060059204697608
51,0.0059168073348701,0.0059168073348701
52,0.0058099473826587,0.0058099473826587
53,0.0057575423270463,0.0057575423270463
54,0.0058853654190897,0.0058853654190897
55,0.0056923041120171,0.0056923041120171
56,0.0058183595538139,0.0058183595538139
57,0.0054355501197278,0.0054355501197278
58,0.0055936425924301,0.0055936425924301
59,0.0055000321008265,0.0055000321008265
60,0.0057776710018515,0.0057776710018515
61,0.0055940207093954,0.0055940207093954
62,0.0058120270259678,0.0058120270259678
63,0.0054830554872751,0.0054830554872751
64,0.0055282954126596,0.0055282954126596
65,0.0056864614598453,0.0056864614598453
66,0.0054798922501504,0.0054798922501504
67,0.0054178442806005,0.0054178442806005
68,0.0055184527300298,0.0055184527300298
69,0.0053538382053375,0.0053538382053375
70,0.0055592870339751,0.0055592870339751
71,0.0055463053286075,0.0055463053286075
72,0.0053819548338651,0.0053819548338651
73,0.0053294682875275,0.0053294682875275
74,0.0055688940919935,0.0055688940919935
75,0.0054326578974723,0.0054326578974723
76,0.0055972170084714,0.0055972170084714
77,0.0054374174214899,0.0054374174214899
78,0.0053838826715946,0.0053838826715946
79,0.0052907932549715,0.0052907932549715
80,0.0051991767250001,0.0051991767250001
81,0.0054132658988237,0.0054132658988237
82,0.0053417952731251,0.0053417952731251
83,0.0054637086577713,0.0054637086577713
84,0.0053427750244736,0.0053427750244736
85,0.0051935315132141,0.0051935315132141
86,0.0052443873137235,0.0052443873137235
87,0.0053451489657163,0.0053451489657163
88,0.0054729050025343,0.0054729050025343
89,0.0053091109730303,0.0053091109730303
90,0.0054261889308691,0.0054261889308691
91,0.0052339504472911,0.0052339504472911
92,0.0053619109094142,0.0053619109094142
93,0.0052956603467464,0.0052956603467464
94,0.0052524032071232,0.0052524032071232
95,0.0055395681411027,0.0055395681411027
96,0.0052403574809432,0.0052403574809432
97,0.0054152621887624,0.0054152621887624
98,0.0052696173079311,0.0052696173079311
99,0.0054548820480704,0.0054548820480704
100,0.0054031135514378,0.0054031135514378
101,0.0052442802116274,0.0052442802116274
102,0.00525713711977,0.00525713711977
103,0.0052457530982792,0.0052457530982792
104,0.0053068902343511,0.0053068902343511
105,0.0052200984209775,0.0052200984209775
106,0.0051552369259297,0.0051552369259297
107,0.005247747991234,0.005247747991234
108,0.0052098538726568,0.0052098538726568
109,0.0051882220432162,0.0051882220432162
110,0.0052017732523381,0.0052017732523381
111,0.0051025445573031,0.0051025445573031
112,0.0052167144604027,0.0052167144604027
113,0.0052398890256881,0.0052398890256881
114,0.0052715390920639,0.0052715390920639
115,0.0051432647742331,0.0051432647742331
116,0.0051336209289729,0.0051336209289729
117,0.0052317660301923,0.0052317660301923
118,0.005264330189675,0.005264330189675
119,0.0050763748586177,0.0050763748586177
120,0.0049962056800723,0.0049962056800723
121,0.0051157809793949,0.0051157809793949
122,0.0052843117155134,0.0052843117155134
123,0.0050891102291643,0.0050891102291643
124,0.0051740608178079,0.0051740608178079
125,0.0050772689282894,0.0050772689282894
126,0.0051020709797739,0.0051020709797739
127,0.0052706054411828,0.0052706054411828
128,0.0050265956670045,0.0050265956670045
129,0.0052591655403375,0.0052591655403375
130,0.0052673867903649,0.0052673867903649
131,0.0051862588152289,0.0051862588152289
132,0.0051247607916593,0.0051247607916593
133,0.0051312656141817,0.0051312656141817
134,0.0050157229416072,0.0050157229416072
135,0.0052007013000547,0.0052007013000547
136,0.0052177449688315,0.0052177449688315
137,0.0049829175695776,0.0049829175695776
138,0.0052191796712577,0.0052191796712577
139,0.0051747057586908,0.0051747057586908
140,0.0050101731903851,0.0050101731903851
141,0.0052370871417224,0.0052370871417224
142,0.0052193235605955,0.0052193235605955
143,0.0052044130861759,0.0052044130861759
144,0.0049900733865797,0.0049900733865797
145,0.0052254507318139,0.0052254507318139
146,0.0050745140761137,0.0050745140761137
147,0.0051028509624302,0.0051028509624302
148,0.0049220481887459,0.0049220481887459
149,0.0051932409405708,0.0051932409405708
150,0.0052749551832675,0.0052749551832675
151,0.0051322104409337,0.0051322104409337
152,0.0051019517704844,0.0051019517704844
153,0.0050216503441333,0.0050216503441333
154,0.0050771180540323,0.0050771180540323
155,0.0050838259048759,0.0050838259048759
156,0.0050348993390798,0.0050348993390798
157,0.0050905663520097,0.0050905663520097
158,0.0051461607217788,0.0051461607217788
159,0.0051233163103461,0.0051233163103461
160,0.0050973887555301,0.0050973887555301
161,0.0052116285078227,0.0052116285078227
162,0.0050688432529568,0.0050688432529568
163,0.0050280569121241,0.0050280569121241
164,0.0050175273790955,0.0050175273790955
165,0.0051132105290889,0.0051132105290889
166,0.0050525232218205,0.0050525232218205
167,0.0052015101537108,0.0052015101537108
168,0.0051992274820804,0.0051992274820804
169,0.0051241791807115,0.0051241791807115
170,0.0050027323886752,0.0050027323886752
171,0.0051531447097659,0.0051531447097659
172,0.0051991390064358,0.0051991390064358
173,0.0050712199881672,0.0050712199881672
174,0.0049756742082536,0.0049756742082536
175,0.0050196219235658,0.0050196219235658
176,0.0053132371976971,0.0053132371976971
177,0.0051713637076318,0.0051713637076318
178,0.0052372673526406,0.0052372673526406
179,0.0050328727811574,0.0050328727811574
180,0.0052227368578314,0.0052227368578314
181,0.005044509191066,0.005044509191066
182,0.0052220225334167,0.0052220225334167
183,0.0051377024501562,0.0051377024501562
184,0.0051171910017728,0.0051171910017728
185,0.0050762896426022,0.0050762896426022
186,0.0050180731341242,0.0050180731341242
187,0.0051874844357371,0.0051874844357371
188,0.0051361364312469,0.0051361364312469
189,0.0049995710141956,0.0049995710141956
190,0.0052347611635923,0.0052347611635923
191,0.0052084424532949,0.0052084424532949
192,0.005125334020704,0.005125334020704
193,0.0049914736300706,0.0049914736300706
194,0.005055118817836,0.005055118817836
195,0.0052532837726175,0.0052532837726175
196,0.0052404482848942,0.0052404482848942
197,0.0050152204930782,0.0050152204930782
198,0.0050789364613592,0.0050789364613592
199,0.0049549574032425,0.0049549574032425
200,0.005026604514569,0.005026604514569
201,0.0050587789155542,0.0050587789155542
202,0.0051180231384932,0.0051180231384932
203,0.0050207860767841,0.0050207860767841
204,0.0050748186185956,0.0050748186185956
205,0.0051590064540505,0.0051590064540505
206,0.0049925628118216,0.0049925628118216
207,0.0050526484847068,0.0050526484847068
208,0.005124881863594,0.005124881863594
209,0.0050636008381843,0.0050636008381843
210,0.0049357893876731,0.0049357893876731
211,0.0052250609733164,0.0052250609733164
212,0.0051247496157884,0.0051247496157884
213,0.0051195216365158,0.0051195216365158
214,0.0051667243242263,0.0051667243242263
215,0.0051592970266938,0.0051592970266938
216,0.0050055594183504,0.0050055594183504
217,0.0049867960624396,0.0049867960624396
218,0.0051162159070372,0.0051162159070372
219,0.0050177257508039,0.0050177257508039
220,0.0050368243828415,0.0050368243828415
221,0.0051335440948605,0.0051335440948605
222,0.0050617414526641,0.0050617414526641
223,0.005030988715589,0.005030988715589
224,0.0050573432818055,0.0050573432818055
225,0.0049641099758446,0.0049641099758446
226,0.0048483815044164,0.0048483815044164
227,0.0049331979826092,0.0049331979826092
228,0.0050740293227136,0.0050740293227136
229,0.0051332036964595,0.0051332036964595
230,0.0050536440685391,0.0050536440685391
231,0.0052488618530333,0.0052488618530333
232,0.0051548671908676,0.0051548671908676
233,0.0051245307549834,0.0051245307549834
234,0.0049523585475981,0.0049523585475981
235,0.005169847048819,0.005169847048819
236,0.0050196861848235,0.0050196861848235
237,0.0050276876427233,0.0050276876427233
238,0.0051541500724852,0.0051541500724852
239,0.0049524037167429,0.0049524037167429
240,0.0049267699941992,0.0049267699941992
241,0.0049625877290964,0.0049625877290964
242,0.0049961460754275,0.0049961460754275
243,0.0049569383263587,0.0049569383263587
244,0.0051994323730468,0.0051994323730468
245,0.0050362255424261,0.0050362255424261
246,0.0051319235935807,0.0051319235935807
247,0.0050069945864379,0.0050069945864379
248,0.0050579318776726,0.0050579318776726
249,0.0050401487387716,0.0050401487387716
250,0.0049593513831496,0.0049593513831496
251,0.0049978555180132,0.0049978555180132
252,0.0050778072327375,0.0050778072327375
253,0.0050801979377865,0.0050801979377865
254,0.0050500249490141,0.0050500249490141
255,0.0050967652350664,0.0050967652350664
256,0.005046394187957,0.005046394187957
257,0.0050914953462779,0.0050914953462779
258,0.0051471362821757,0.0051471362821757
259,0.0050264662131667,0.0050264662131667
260,0.0049575744196772,0.0049575744196772
261,0.0049895592965185,0.0049895592965185
262,0.005049449391663,0.005049449391663
263,0.0051343627274036,0.0051343627274036
264,0.0050840904004871,0.0050840904004871
265,0.0050071761943399,0.0050071761943399
266,0.0051655527204275,0.0051655527204275
267,0.0050875307060778,0.0050875307060778
268,0.005037170369178,0.005037170369178
269,0.0051414100453257,0.0051414100453257
270,0.005064770579338,0.005064770579338
271,0.0050896708853542,0.0050896708853542
272,0.0049191014841198,0.0049191014841198
273,0.0048927059397101,0.0048927059397101
274,0.0050379130989313,0.0050379130989313
275,0.0051386142149567,0.0051386142149567
276,0.0047544823028147,0.0047544823028147
277,0.0048232376575469,0.0048232376575469
278,0.0050189602188766,0.0050189602188766
279,0.0050389668904244,0.0050389668904244
280,0.0049381963908672,0.0049381963908672
281,0.0050438661128282,0.0050438661128282
282,0.0050493995659053,0.0050493995659053
283,0.0051489071920514,0.0051489071920514
284,0.0049910289235413,0.0049910289235413
285,0.0049337809905409,0.0049337809905409
286,0.0050254962407052,0.0050254962407052
287,0.0048789675347507,0.0048789675347507
288,0.0050813108682632,0.0050813108682632
289,0.0050220568664371,0.0050220568664371
290,0.0050524277612566,0.0050524277612566
291,0.0050654322840273,0.0050654322840273
292,0.0051518715918064,0.0051518715918064
293,0.0049731275066733,0.0049731275066733
294,0.0050934827886521,0.0050934827886521
295,0.0050401287153363,0.0050401287153363
296,0.0051376284100115,0.0051376284100115
297,0.0050981314852833,0.0050981314852833
298,0.0050220619887113,0.0050220619887113
299,0.0048950309865176,0.0048950309865176
300,0.0051031471230089,0.0051031471230089
301,0.0050728013738989,0.0050728013738989
302,0.0048348028212785,0.0048348028212785
303,0.0049132662825286,0.0049132662825286
304,0.0049617118202149,0.0049617118202149
305,0.0050514889881014,0.0050514889881014
306,0.0050414074212312,0.0050414074212312
307,0.004966686014086,0.004966686014086
308,0.0049574766308069,0.0049574766308069
309,0.0050120162777602,0.0050120162777602
310,0.0051407590508461,0.0051407590508461
311,0.0050031789578497,0.0050031789578497
312,0.0050245388410985,0.0050245388410985
313,0.0049987095408141,0.0049987095408141
314,0.0049996790476143,0.0049996790476143
315,0.0049903774634003,0.0049903774634003
316,0.0050471695140004,0.0050471695140004
317,0.0051912190392613,0.0051912190392613
318,0.0052409740164875,0.0052409740164875
319,0.0049937977455556,0.0049937977455556
320,0.0050459401682019,0.0050459401682019
321,0.0050350832752883,0.0050350832752883
322,0.0049076932482421,0.0049076932482421
323,0.0050221583805978,0.0050221583805978
324,0.0050293933600187,0.0050293933600187
325,0.0049268612638115,0.0049268612638115
326,0.0050782007165253,0.0050782007165253
327,0.0051035326905548,0.0051035326905548
328,0.0050665098242461,0.0050665098242461
329,0.0049272887408733,0.0049272887408733
330,0.0052047399803996,0.0052047399803996
331,0.0048308130353689,0.0048308130353689
332,0.0051002339459955,0.0051002339459955
333,0.0051888851448893,0.0051888851448893
334,0.0049674864858388,0.0049674864858388
335,0.0049300733953714,0.0049300733953714
336,0.005001459736377,0.005001459736377
337,0.0051210853271186,0.0051210853271186
338,0.0047949641011655,0.0047949641011655
339,0.0049943141639232,0.0049943141639232
340,0.0051160892471671,0.0051160892471671
341,0.0049595250748097,0.0049595250748097
342,0.0050299833528697,0.0050299833528697
343,0.0049749873578548,0.0049749873578548
344,0.0049879187718033,0.0049879187718033
345,0.0049101444892585,0.0049101444892585
346,0.0050899749621748,0.0050899749621748
347,0.004891064018011,0.004891064018011
348,0.0050094635225832,0.0050094635225832
349,0.0049771592020988,0.0049771592020988
350,0.0050165457651019,0.0050165457651019
351,0.0049419980496168,0.0049419980496168
352,0.0050277281552553,0.0050277281552553
353,0.0050382739864289,0.0050382739864289
354,0.0049573904834687,0.0049573904834687
355,0.0049751363694667,0.0049751363694667
356,0.0050900913774967,0.0050900913774967
357,0.0050240759737789,0.0050240759737789
358,0.0051869987510144,0.0051869987510144
359,0.005202644970268,0.005202644970268
360,0.0049446551129221,0.0049446551129221
361,0.0051099611446261,0.0051099611446261
362,0.0049680480733513,0.0049680480733513
363,0.0049170888960361,0.0049170888960361
364,0.0050291698426008,0.0050291698426008
365,0.0051245256327092,0.0051245256327092
366,0.0048967828042805,0.0048967828042805
367,0.0050203604623675,0.0050203604623675
368,0.005011040251702,0.005011040251702
369,0.0049270060844719,0.0049270060844719
370,0.0050575491040945,0.0050575491040945
371,0.0048453966155648,0.0048453966155648
372,0.0049807159230113,0.0049807159230113
373,0.0050435801967978,0.0050435801967978
374,0.0049147540703415,0.0049147540703415
375,0.0049643809907138,0.0049643809907138
376,0.0049658538773655,0.0049658538773655
377,0.0050651188939809,0.0050651188939809
378,0.0050764321349561,0.0050764321349561
379,0.0051797991618514,0.0051797991618514
380,0.0049851816147565,0.0049851816147565
381,0.0050369682721793,0.0050369682721793
382,0.0049914964474737,0.0049914964474737
383,0.0049649127759039,0.0049649127759039
384,0.0050159208476543,0.0050159208476543
385,0.0048645515926182,0.0048645515926182
386,0.0049802586436271,0.0049802586436271
387,0.0050593456253409,0.0050593456253409
388,0.0050363717600703,0.0050363717600703
389,0.0048644971102476,0.0048644971102476
390,0.0050150966271758,0.0050150966271758
391,0.0050347601063549,0.0050347601063549
392,0.0051215970888733,0.0051215970888733
393,0.0048944833688437,0.0048944833688437
394,0.0049999221228063,0.0049999221228063
395,0.0051183896139264,0.0051183896139264
396,0.0049768183380365,0.0049768183380365
397,0.0049054902046918,0.0049054902046918
398,0.0049970014952123,0.0049970014952123
399,0.0049900682643055,0.0049900682643055
400,0.0049843862652778,0.0049843862652778
401,0.0050985892303287,0.0050985892303287
402,0.0050081191584467,0.0050081191584467
403,0.0047867568209767,0.0047867568209767
404,0.0050212698988616,0.0050212698988616
405,0.0051067294552922,0.0051067294552922
406,0.005138601642102,0.005138601642102
407,0.0051600784063339,0.0051600784063339
408,0.0050780242308974,0.0050780242308974
409,0.004878690931946,0.004878690931946
410,0.0051149753853678,0.0051149753853678
411,0.0049794199876487,0.0049794199876487
412,0.0049617504701018,0.0049617504701018
413,0.0050570690073072,0.0050570690073072
414,0.0050351629033684,0.0050351629033684
415,0.0050503453239798,0.0050503453239798
416,0.0049976417794823,0.0049976417794823
417,0.0049669560976326,0.0049669560976326
418,0.005113661289215,0.005113661289215
419,0.0049735885113477,0.0049735885113477
420,0.0051253261044621,0.0051253261044621
421,0.0049603497609496,0.0049603497609496
422,0.0047796368598937,0.0047796368598937
423,0.005093433894217,0.005093433894217
424,0.0050516510382294,0.0050516510382294
425,0.0048200134187936,0.0048200134187936
426,0.0050013419240713,0.0050013419240713
427,0.0048968233168125,0.0048968233168125
428,0.0049711102619767,0.0049711102619767
429,0.0049959318712353,0.0049959318712353
430,0.0049959062598645,0.0049959062598645
431,0.0049804379232227,0.0049804379232227
432,0.0051118466071784,0.0051118466071784
433,0.0050617232918739,0.0050617232918739
434,0.0051240804605185,0.0051240804605185
435,0.0050068614073097,0.0050068614073097
436,0.004976789932698,0.004976789932698
437,0.0048432247713208,0.0048432247713208
438,0.0049707214348018,0.0049707214348018
439,0.0049862847663462,0.0049862847663462
440,0.0049002361483871,0.0049002361483871
441,0.0050576059147715,0.0050576059147715
442,0.0051560583524405,0.0051560583524405
443,0.0049443431198596,0.0049443431198596
444,0.004961781669408,0.004961781669408
445,0.0051021450199186,0.0051021450199186
446,0.0050225807353854,0.0050225807353854
447,0.005059122107923,0.005059122107923
448,0.0049782549031078,0.0049782549031078
449,0.0049157007597386,0.0049157007597386
450,0.0049968492239713,0.0049968492239713
451,0.0048700915649533,0.0048700915649533
452,0.0049231573939323,0.0049231573939323
453,0.0049195322208106,0.0049195322208106
454,0.0049896417185664,0.0049896417185664
455,0.0049583734944462,0.0049583734944462
456,0.0051024556159973,0.0051024556159973
457,0.0048915953375399,0.0048915953375399
458,0.0050891824066638,0.0050891824066638
459,0.0049455361440777,0.0049455361440777
460,0.0048599480651319,0.0048599480651319
461,0.0049250973388552,0.0049250973388552
462,0.0051551237702369,0.0051551237702369
463,0.0049359006807208,0.0049359006807208
464,0.0050902012735605,0.0050902012735605
465,0.0049821748398244,0.0049821748398244
466,0.0050387852825224,0.0050387852825224
467,0.0049473689869046,0.0049473689869046
468,0.0050759059377014,0.0050759059377014
469,0.0050238305702805,0.0050238305702805
470,0.0049838540144264,0.0049838540144264
471,0.0047630281187593,0.0047630281187593
472,0.0048559810966253,0.0048559810966253
473,0.0048628663644194,0.0048628663644194
474,0.0047772284597158,0.0047772284597158
475,0.0051503633148968,0.0051503633148968
476,0.0049773249775171,0.0049773249775171
477,0.0049136807210743,0.0049136807210743
478,0.0050370055250823,0.0050370055250823
479,0.0051418882794678,0.0051418882794678
480,0.0049610421992838,0.0049610421992838
481,0.0048472336493432,0.0048472336493432
482,0.0048982640728354,0.0048982640728354
483,0.0051096873357892,0.0051096873357892
484,0.0050274776294827,0.0050274776294827
485,0.0050192782655358,0.0050192782655358
486,0.0049191806465387,0.0049191806465387
487,0.0048930794000625,0.0048930794000625
488,0.0050061498768627,0.0050061498768627
489,0.0049239243380725,0.0049239243380725
490,0.0049435649998486,0.0049435649998486
491,0.0051122857257723,0.0051122857257723
492,0.0050216945819556,0.0050216945819556
493,0.0049916207790374,0.0049916207790374
494,0.0049313642084598,0.0049313642084598
495,0.0049268663860857,0.0049268663860857
496,0.0051410370506346,0.0051410370506346
497,0.0049363505095243,0.0049363505095243
498,0.0051207183860242,0.0051207183860242
499,0.0050252070650458,0.0050252070650458
500,0.0049792774952948,0.0049792774952948
501,0.0051248208619654,0.0051248208619654
502,0.0048783440142869,0.0048783440142869
503,0.0049867900088429,0.0049867900088429
504,0.0050380858592689,0.0050380858592689
505,0.0048437821678817,0.0048437821678817
506,0.0050634169019758,0.0050634169019758
507,0.0049593527801334,0.0049593527801334
508,0.0048358244821429,0.0048358244821429
509,0.0049668960273265,0.0049668960273265
510,0.0048916689120233,0.0048916689120233
511,0.0050514442846179,0.0050514442846179
512,0.0051391324959695,0.0051391324959695
513,0.0049917278811335,0.0049917278811335
514,0.0051790717989206,0.0051790717989206
515,0.0050676963292062,0.0050676963292062
516,0.0049295336939394,0.0049295336939394
517,0.005065475590527,0.005065475590527
518,0.0049206297844648,0.0049206297844648
519,0.0050095096230506,0.0050095096230506
520,0.0050019989721477,0.0050019989721477
521,0.0050043975934386,0.0050043975934386
522,0.0049612671136856,0.0049612671136856
523,0.0050245537422597,0.0050245537422597
524,0.0052048820070922,0.0052048820070922
525,0.0051020067185163,0.0051020067185163
526,0.0049861269071698,0.0049861269071698
527,0.0049926312640309,0.0049926312640309
528,0.004941071383655,0.004941071383655
529,0.0050099873915314,0.0050099873915314
530,0.0051241153851151,0.0051241153851151
531,0.0049743498675525,0.0049743498675525
532,0.0049549764953553,0.0049549764953553
533,0.0051573035307228,0.0051573035307228
534,0.0048979325219988,0.0048979325219988
535,0.004961029626429,0.004961029626429
536,0.0050749685615301,0.0050749685615301
537,0.0048441998660564,0.0048441998660564
538,0.0050712581723928,0.0050712581723928
539,0.0050819013267755,0.0050819013267755
540,0.0049010226503014,0.0049010226503014
541,0.0050789294764399,0.0050789294764399
542,0.0050639496184885,0.0050639496184885
543,0.0048837573267519,0.0048837573267519
544,0.0050009549595415,0.0050009549595415
545,0.0051402798853814,0.0051402798853814
546,0.0048670158721506,0.0048670158721506
547,0.0050840657204389,0.0050840657204389
548,0.0050337431021034,0.0050337431021034
549,0.0048372712917625,0.0048372712917625
550,0.0048151356168091,0.0048151356168091
551,0.0050050448626279,0.0050050448626279
552,0.0048553524538874,0.0048553524538874
553,0.0050074094906449,0.0050074094906449
554,0.0050989855080842,0.0050989855080842
555,0.0049791657365858,0.0049791657365858
556,0.0051770601421594,0.0051770601421594
557,0.0049740085378289,0.0049740085378289
558,0.0049011805094778,0.0049011805094778
559,0.0050089959986507,0.0050089959986507
560,0.0052660093642771,0.0052660093642771
561,0.0049478569999337,0.0049478569999337
562,0.0049905609339475,0.0049905609339475
563,0.004984525963664,0.004984525963664
564,0.0050289798527956,0.0050289798527956
565,0.005110764876008,0.005110764876008
566,0.0049376105889678,0.0049376105889678
567,0.0049634738825261,0.0049634738825261
568,0.0048589627258479,0.0048589627258479
569,0.0051178922876715,0.0051178922876715
570,0.005038533359766,0.005038533359766
571,0.0050147348083555,0.0050147348083555
572,0.004964810796082,0.004964810796082
573,0.0050110016018152,0.0050110016018152
574,0.0049842577427625,0.0049842577427625
575,0.0049885492771863,0.0049885492771863
576,0.0050445939414203,0.0050445939414203
577,0.0048722997307777,0.0048722997307777
578,0.0050622969865798,0.0050622969865798
579,0.0050940667279064,0.0050940667279064
580,0.0048740310594439,0.0048740310594439
581,0.004883324727416,0.004883324727416
582,0.0050179390236735,0.0050179390236735
583,0.0049042641185224,0.0049042641185224
584,0.0050193248316645,0.0050193248316645
585,0.0049388771876692,0.0049388771876692
586,0.0050296587869524,0.0050296587869524
587,0.0049556512385606,0.0049556512385606
588,0.0049363002181053,0.0049363002181053
589,0.004951779730618,0.004951779730618
590,0.0048972154036164,0.0048972154036164
591,0.0050194435752928,0.0050194435752928
592,0.005089608952403,0.005089608952403
593,0.0048105763271451,0.0048105763271451
594,0.0048640444874763,0.0048640444874763
595,0.0050508673302829,0.0050508673302829
596,0.0050740144215524,0.0050740144215524
597,0.0049941898323595,0.0049941898323595
598,0.0048842141404747,0.0048842141404747
599,0.0049710385501384,0.0049710385501384
600,0.0050295377150177,0.0050295377150177
601,0.0048092249780893,0.0048092249780893
602,0.004833492450416,0.004833492450416
603,0.0049502355977892,0.0049502355977892
604,0.0047324220649898,0.0047324220649898
605,0.004952588584274,0.004952588584274
606,0.0050972932949662,0.0050972932949662
607,0.0050762146711349,0.0050762146711349
608,0.0050041773356497,0.0050041773356497
609,0.0050308057107031,0.0050308057107031
610,0.0050422577187418,0.0050422577187418
611,0.005079987924546,0.005079987924546
612,0.004961151164025,0.004961151164025
613,0.0050440225750207,0.0050440225750207
614,0.005092600826174,0.005092600826174
615,0.0050495499745011,0.0050495499745011
616,0.0051063098944723,0.0051063098944723
617,0.0051131113432347,0.0051131113432347
618,0.0048669059760868,0.0048669059760868
619,0.0050081796944141,0.0050081796944141
620,0.0050418842583894,0.0050418842583894
621,0.0049551976844668,0.0049551976844668
622,0.0050897719338536,0.0050897719338536
623,0.0050085610710084,0.0050085610710084
624,0.0048516858369112,0.0048516858369112
625,0.0049792206846177,0.0049792206846177
626,0.0048563810996711,0.0048563810996711
627,0.0049777249805629,0.0049777249805629
628,0.0051653189584612,0.0051653189584612
629,0.0048684100620448,0.0048684100620448
630,0.0049558719620108,0.0049558719620108
631,0.0048583126626908,0.0048583126626908
632,0.0050356108695268,0.0050356108695268
633,0.0049916231073439,0.0049916231073439
634,0.0049694329500198,0.0049694329500198
635,0.0049262829124927,0.0049262829124927
636,0.0051015364006161,0.0051015364006161
637,0.005099824629724,0.005099824629724
638,0.0049228775314986,0.0049228775314986
639,0.0049872915260493,0.0049872915260493
640,0.0051361210644245,0.0051361210644245
641,0.0052248369902372,0.0052248369902372
642,0.004972870927304,0.004972870927304
643,0.0048264348879456,0.0048264348879456
644,0.0050904401578009,0.0050904401578009
645,0.0050091687589883,0.0050091687589883
646,0.0049839988350868,0.0049839988350868
647,0.0049638715572655,0.0049638715572655
648,0.0049601746723055,0.0049601746723055
649,0.0049547301605343,0.0049547301605343
650,0.0050515397451817,0.0050515397451817
651,0.0050072791054844,0.0050072791054844
652,0.0051013440825045,0.0051013440825045
653,0.0050810454413294,0.0050810454413294
654,0.0048566334880888,0.0048566334880888
655,0.005142627749592,0.005142627749592
656,0.0049563678912818,0.0049563678912818
657,0.0051057478412985,0.0051057478412985
658,0.0049447272904217,0.0049447272904217
659,0.0051357951015233,0.0051357951015233
660,0.0050365319475531,0.0050365319475531
661,0.0049077528528869,0.0049077528528869
662,0.0051348898559808,0.0051348898559808
663,0.0050167059525847,0.0050167059525847
664,0.0049031227827072,0.0049031227827072
665,0.004923035390675,0.004923035390675
666,0.004875951912254,0.004875951912254
667,0.0050706043839454,0.0050706043839454
668,0.0050237053073942,0.0050237053073942
669,0.0048928875476121,0.0048928875476121
670,0.004929113201797,0.004929113201797
671,0.0051595061086118,0.0051595061086118
672,0.0049482155591249,0.0049482155591249
673,0.0051167020574212,0.0051167020574212
674,0.0049885865300893,0.0049885865300893
675,0.0051553095690906,0.0051553095690906
676,0.0049531026743352,0.0049531026743352
677,0.0051417718641459,0.0051417718641459
678,0.0051049692556262,0.0051049692556262
679,0.0049266973510384,0.0049266973510384
680,0.0050167781300842,0.0050167781300842
681,0.0049893911927938,0.0049893911927938
682,0.0049666403792798,0.0049666403792798
683,0.0049910154193639,0.0049910154193639
684,0.0048359790816903,0.0048359790816903
685,0.0050535593181848,0.0050535593181848
686,0.0049921842291951,0.0049921842291951
687,0.0050266976468265,0.0050266976468265
688,0.004993294365704,0.004993294365704
689,0.004861288703978,0.004861288703978
690,0.0049662962555885,0.0049662962555885
691,0.0050099729560315,0.0050099729560315
692,0.0050569651648402,0.0050569651648402
693,0.0050719594582915,0.0050719594582915
694,0.0049743326380848,0.0049743326380848
695,0.004920286592096,0.004920286592096
696,0.0049463436007499,0.0049463436007499
697,0.0050305882468819,0.0050305882468819
698,0.0049997307360172,0.0049997307360172
699,0.0048822802491486,0.0048822802491486
700,0.0050405100919306,0.0050405100919306
701,0.005072989501059,0.005072989501059
702,0.0049263131804764,0.0049263131804764
703,0.0050610420294106,0.0050610420294106
704,0.004955013282597,0.004955013282597
705,0.0050518922507762,0.0050518922507762
706,0.0049232542514801,0.0049232542514801
707,0.0049007697962224,0.0049007697962224
708,0.0049347588792443,0.0049347588792443
709,0.0051468266174197,0.0051468266174197
710,0.0050390437245368,0.0050390437245368
711,0.005036708433181,0.005036708433181
712,0.0049827583134174,0.0049827583134174
713,0.0049245306290686,0.0049245306290686
714,0.0049330722540616,0.0049330722540616
715,0.0049564191140234,0.0049564191140234
716,0.0047237537801265,0.0047237537801265
717,0.0049069519154727,0.0049069519154727
718,0.0048420438542962,0.0048420438542962
719,0.0051577500998973,0.0051577500998973
720,0.0049630333669483,0.0049630333669483
721,0.0049310931935906,0.0049310931935906
722,0.0048906784504652,0.0048906784504652
723,0.0049545494839549,0.0049545494839549
724,0.0049467743374407,0.0049467743374407
725,0.0050483173690736,0.0050483173690736
726,0.0049714245833456,0.0049714245833456
727,0.0050059114582836,0.0050059114582836
728,0.0049847038462758,0.0049847038462758
729,0.0050090593285858,0.0050090593285858
730,0.004828960634768,0.004828960634768
731,0.0050637954846024,0.0050637954846024
732,0.0049471543170511,0.0049471543170511
733,0.0049811075441539,0.0049811075441539
734,0.0049557518213987,0.0049557518213987
735,0.0050752311944961,0.0050752311944961
736,0.0048386505804955,0.0048386505804955
737,0.0048953238874673,0.0048953238874673
738,0.0048915012739598,0.0048915012739598
739,0.0048923874273896,0.0048923874273896
740,0.0050346553325653,0.0050346553325653
741,0.0050868541002273,0.0050868541002273
742,0.0049737924709916,0.0049737924709916
743,0.0049232421442866,0.0049232421442866
744,0.0050199520774185,0.0050199520774185
745,0.0049769598990678,0.0049769598990678
746,0.0048135556280612,0.0048135556280612
747,0.0049432297237217,0.0049432297237217
748,0.005088438745588,0.005088438745588
749,0.0049792737700045,0.0049792737700045
750,0.0050036245957016,0.0050036245957016
751,0.0050290343351662,0.0050290343351662
752,0.0047484184615314,0.0047484184615314
753,0.0048957411199808,0.0048957411199808
754,0.0050096861086785,0.0050096861086785
755,0.0049365377053618,0.0049365377053618
756,0.0050251237116754,0.0050251237116754
757,0.0049497550353407,0.0049497550353407
758,0.0048588821664452,0.0048588821664452
759,0.0049154562875628,0.0049154562875628
760,0.0049963882192969,0.0049963882192969
761,0.0047947373241186,0.0047947373241186
762,0.0051152147352695,0.0051152147352695
763,0.0049453824758529,0.0049453824758529
764,0.0048420811071991,0.0048420811071991
765,0.0049378462135791,0.0049378462135791
766,0.0050148568116128,0.0050148568116128
767,0.0050538778305053,0.0050538778305053
768,0.0049578240141272,0.0049578240141272
769,0.0050106635317206,0.0050106635317206
770,0.0050584869459271,0.0050584869459271
771,0.0049882330931723,0.0049882330931723
772,0.0049700173549354,0.0049700173549354
773,0.0049319607205688,0.0049319607205688
774,0.0048021343536674,0.0048021343536674
775,0.0050871884450316,0.0050871884450316
776,0.0050193909555673,0.0050193909555673
777,0.0051045012660324,0.0051045012660324
778,0.0050276070833206,0.0050276070833206
779,0.0049732360057532,0.0049732360057532
780,0.0048694098368287,0.0048694098368287
781,0.005040518939495,0.005040518939495
782,0.0049509755335748,0.0049509755335748
783,0.0050240806303918,0.0050240806303918
784,0.0050825262442231,0.0050825262442231
785,0.0050275968387722,0.0050275968387722
786,0.0048635201528668,0.0048635201528668
787,0.0050242100842297,0.0050242100842297
788,0.0049148621037602,0.0049148621037602
789,0.0050518838688731,0.0050518838688731
790,0.0049653961323201,0.0049653961323201
791,0.0048769507557153,0.0048769507557153
792,0.0050748917274177,0.0050748917274177
793,0.004912581294775,0.004912581294775
794,0.0050557851791381,0.0050557851791381
795,0.0049516018480062,0.0049516018480062
796,0.0050585633143782,0.0050585633143782
797,0.0050498470664024,0.0050498470664024
798,0.0049624219536781,0.0049624219536781
799,0.0049629383720457,0.0049629383720457
800,0.0050426800735294,0.0050426800735294
801,0.0048276395536959,0.0048276395536959
802,0.0049116183072328,0.0049116183072328
803,0.0049985432997345,0.0049985432997345
804,0.0050535090267658,0.0050535090267658
805,0.0049677439965307,0.0049677439965307
806,0.0051034721545875,0.0051034721545875
807,0.0051504652947187,0.0051504652947187
808,0.0049795228987932,0.0049795228987932
809,0.0051469048485159,0.0051469048485159
810,0.0050712013617157,0.0050712013617157
811,0.0049826889298856,0.0049826889298856
812,0.0050539304502308,0.0050539304502308
813,0.0050146426074206,0.0050146426074206
814,0.0052195759490132,0.0052195759490132
815,0.0048819002695381,0.0048819002695381
816,0.004949988797307,0.004949988797307
817,0.0049219457432627,0.0049219457432627
818,0.0050346441566944,0.0050346441566944
819,0.0050005298107862,0.0050005298107862
820,0.0049385484308004,0.0049385484308004
821,0.0049451049417257,0.0049451049417257
822,0.0048504103906452,0.0048504103906452
823,0.0050504067912697,0.0050504067912697
824,0.005068595521152,0.005068595521152
825,0.0049018417485058,0.0049018417485058
826,0.0050068506971001,0.0050068506971001
827,0.0048238444142043,0.0048238444142043
828,0.0049055167473852,0.0049055167473852
829,0.0050186123698949,0.0050186123698949
830,0.0048854257911443,0.0048854257911443
831,0.0049919332377612,0.0049919332377612
832,0.0047878199256956,0.0047878199256956
833,0.0051221908070147,0.0051221908070147
834,0.0050884084776043,0.0050884084776043
835,0.0049178777262568,0.0049178777262568
836,0.0049460907466709,0.0049460907466709
837,0.0048889555037021,0.0048889555037021
838,0.0049450146034359,0.0049450146034359
839,0.0050390269607305,0.0050390269607305
840,0.0049047353677451,0.0049047353677451
841,0.0049318158999085,0.0049318158999085
842,0.0047971531748771,0.0047971531748771
843,0.0048619108274579,0.0048619108274579
844,0.0048424871638417,0.0048424871638417
845,0.0049512106925249,0.0049512106925249
846,0.0049416683614254,0.0049416683614254
847,0.0049740760587155,0.0049740760587155
848,0.0048495614901185,0.0048495614901185
849,0.0049990946426987,0.0049990946426987
850,0.0050651500932872,0.0050651500932872
851,0.0049591148272156,0.0049591148272156
852,0.0050852699205279,0.0050852699205279
853,0.0049346690066158,0.0049346690066158
854,0.0049788635224103,0.0049788635224103
855,0.0047627645544707,0.0047627645544707
856,0.0047618658281862,0.0047618658281862
857,0.0048902537673711,0.0048902537673711
858,0.0050757913850247,0.0050757913850247
859,0.0049407989718019,0.0049407989718019
860,0.0050042881630361,0.0050042881630361
861,0.0048599955625832,0.0048599955625832
862,0.0050699985586106,0.0050699985586106
863,0.0048956512473523,0.0048956512473523
864,0.005161986220628,0.005161986220628
865,0.0049924296326935,0.0049924296326935
866,0.0048054275102913,0.0048054275102913
867,0.004898059181869,0.004898059181869
868,0.0049055474810302,0.0049055474810302
869,0.0049454933032393,0.0049454933032393
870,0.0050001945346593,0.0050001945346593
871,0.0048913606442511,0.0048913606442511
872,0.0049087619408965,0.0049087619408965
873,0.0050818980671465,0.0050818980671465
874,0.0049051195383071,0.0049051195383071
875,0.0048357951454818,0.0048357951454818
876,0.0049166749231517,0.0049166749231517
877,0.0048341993242502,0.0048341993242502
878,0.0052208071574568,0.0052208071574568
879,0.0050334753468632,0.0050334753468632
880,0.0048411795869469,0.0048411795869469
881,0.005048559512943,0.005048559512943
882,0.0050155287608504,0.0050155287608504
883,0.004977133590728,0.004977133590728
884,0.0050352080725133,0.0050352080725133
885,0.0048810308799147,0.0048810308799147
886,0.0048463582061231,0.0048463582061231
887,0.0051789917051792,0.0051789917051792
888,0.0052980808541178,0.0052980808541178
889,0.0049762576818466,0.0049762576818466
890,0.0048487759195268,0.0048487759195268
891,0.0050012455321848,0.0050012455321848
892,0.0050874082371592,0.0050874082371592
893,0.004929413087666,0.004929413087666
894,0.0050448663532733,0.0050448663532733
895,0.0050003062933683,0.0050003062933683
896,0.0050289356149733,0.0050289356149733
897,0.0050501935184001,0.0050501935184001
898,0.0050064367242157,0.0050064367242157
899,0.0049630729481577,0.0049630729481577
900,0.0050984853878617,0.0050984853878617
901,0.0051091373898088,0.0051091373898088
902,0.0049742395058274,0.0049742395058274
903,0.0050363992340862,0.0050363992340862
904,0.0049592764116823,0.0049592764116823
905,0.004929257556796,0.004929257556796
906,0.004934231750667,0.004934231750667
907,0.0050848582759499,0.0050848582759499
908,0.0049824509769678,0.0049824509769678
909,0.0049823564477264,0.0049823564477264
910,0.0051207775250077,0.0051207775250077
911,0.0050867358222603,0.0050867358222603
912,0.0050212796777486,0.0050212796777486
913,0.004958770237863,0.004958770237863
914,0.0050445571541786,0.0050445571541786
915,0.0050509274005889,0.0050509274005889
916,0.0049408208578825,0.0049408208578825
917,0.0051416712813079,0.0051416712813079
918,0.0049813501536846,0.0049813501536846
919,0.0049390634521842,0.0049390634521842
920,0.0050182482227683,0.0050182482227683
921,0.0048570558428764,0.0048570558428764
922,0.0050543323159217,0.0050543323159217
923,0.0049676280468702,0.0049676280468702
924,0.0049780327826738,0.0049780327826738
925,0.0049280207604169,0.0049280207604169
926,0.0052747172303497,0.0052747172303497
927,0.0049412962980568,0.0049412962980568
928,0.0050081321969628,0.0050081321969628
929,0.0049466248601675,0.0049466248601675
930,0.0050082127563655,0.0050082127563655
931,0.0051268893294036,0.0051268893294036
932,0.00511224148795,0.00511224148795
933,0.0050006229430437,0.0050006229430437
934,0.0050630429759621,0.0050630429759621
935,0.0051287431269884,0.0051287431269884
936,0.005114228464663,0.005114228464663
937,0.0049734599888324,0.0049734599888324
938,0.0050887400284409,0.0050887400284409
939,0.0049358648248016,0.0049358648248016
940,0.0050388877280056,0.0050388877280056
941,0.0050521437078714,0.0050521437078714
942,0.0049635842442512,0.0049635842442512
943,0.0048698750324547,0.0048698750324547
944,0.0050527788698673,0.0050527788698673
945,0.0048079090192914,0.0048079090192914
946,0.0047892844304442,0.0047892844304442
947,0.005013704765588,0.005013704765588
948,0.0049090953543782,0.0049090953543782
949,0.0049725845456123,0.0049725845456123
950,0.0047208620235323,0.0047208620235323
951,0.0049446849152445,0.0049446849152445
952,0.0049780164845287,0.0049780164845287
953,0.0048448545858263,0.0048448545858263
954,0.0048811142332851,0.0048811142332851
955,0.0048025823198258,0.0048025823198258
956,0.004934343509376,0.004934343509376
957,0.004978316836059,0.004978316836059
958,0.0047571174800395,0.0047571174800395
959,0.0050219320692121,0.0050219320692121
960,0.0050496347248554,0.0050496347248554
961,0.005045142956078,0.005045142956078
962,0.0050000986084342,0.0050000986084342
963,0.004920280072838,0.004920280072838
964,0.0050434111617505,0.0050434111617505
965,0.0049718599766492,0.0049718599766492
966,0.0050650211051106,0.0050650211051106
967,0.0050523979589343,0.0050523979589343
968,0.0050041307695209,0.0050041307695209
969,0.0049617458134889,0.0049617458134889
970,0.0048152096569538,0.0048152096569538
971,0.0050726765766739,0.0050726765766739
972,0.005045797675848,0.005045797675848
973,0.0051069520413875,0.0051069520413875
974,0.0051072058267891,0.0051072058267891
975,0.0049209035933017,0.0049209035933017
976,0.0049271122552454,0.0049271122552454
977,0.0049732839688658,0.0049732839688658
978,0.0049960352480411,0.0049960352480411
979,0.0049577425234019,0.0049577425234019
980,0.0048944130539894,0.0048944130539894
981,0.0049889925867319,0.0049889925867319
982,0.0049912426620721,0.0049912426620721
983,0.0048518660478293,0.0048518660478293
984,0.0049977251328527,0.0049977251328527
985,0.0049727209843695,0.0049727209843695
986,0.0050511257722973,0.0050511257722973
987,0.0050793909467756,0.0050793909467756
988,0.0047795712016522,0.0047795712016522
989,0.0048129111528396,0.0048129111528396
990,0.0050450833514332,0.0050450833514332
991,0.0049755135551095,0.0049755135551095
992,0.0049685635603964,0.0049685635603964
993,0.0049463124014437,0.0049463124014437
994,0.0051378388889133,0.0051378388889133
995,0.0050141587853431,0.0050141587853431
996,0.0049553345888853,0.0049553345888853
997,0.0049588745459914,0.0049588745459914
998,0.0049438653513789,0.0049438653513789
999,0.0049119140021502,0.0049119140021502
1000,0.004997709300369,0.004997709300369
1001,0.0048681274056434,0.0048681274056434
1002,0.0049480274319648,0.0049480274319648
1003,0.0051234224811196,0.0051234224811196
1004,0.0049033900722861,0.0049033900722861
1005,0.005073350854218,0.005073350854218
1006,0.0049667465500533,0.0049667465500533
1007,0.0050684995949268,0.0050684995949268
1008,0.0049264398403465,0.0049264398403465
1009,0.0050276322290301,0.0050276322290301
1010,0.0047848783433437,0.0047848783433437
1011,0.0049135740846395,0.0049135740846395
1012,0.0049670981243252,0.0049670981243252
1013,0.0050737187266349,0.0050737187266349
1014,0.0050134854391217,0.0050134854391217
1015,0.0049370136111974,0.0049370136111974
1016,0.0050481390208005,0.0050481390208005
1017,0.0050750742666423,0.0050750742666423
1018,0.0047956621274352,0.0047956621274352
1019,0.0048170113004744,0.0048170113004744
1020,0.0050969407893717,0.0050969407893717
1021,0.0048505081795156,0.0048505081795156
1022,0.0050643095746636,0.0050643095746636
1023,0.0048422017134726,0.0048422017134726
1024,0.0050053987652063,0.0050053987652063
1025,0.0048777963966131,0.0048777963966131
1026,0.0049254326149821,0.0049254326149821
1027,0.0050221029669046,0.0050221029669046
1028,0.004961300175637,0.004961300175637
1029,0.0048959557898342,0.0048959557898342
1030,0.0051798275671899,0.0051798275671899
1031,0.0048715882003307,0.0048715882003307
1032,0.0048373476602137,0.0048373476602137
1033,0.0049168239347636,0.0049168239347636
1034,0.0051031759940087,0.0051031759940087
1035,0.0049580824561417,0.0049580824561417
1036,0.0050192130729556,0.0050192130729556
1037,0.0049894773401319,0.0049894773401319
1038,0.0049214186146855,0.0049214186146855
1039,0.0048630144447088,0.0048630144447088
1040,0.0049049509689211,0.0049049509689211
1041,0.0051228185184299,0.0051228185184299
1042,0.0049808761104941,0.0049808761104941
1043,0.0051011191681027,0.0051011191681027
1044,0.0048465128056705,0.0048465128056705
1045,0.0049726986326277,0.0049726986326277
1046,0.0050430386327207,0.0050430386327207
1047,0.004999419208616,0.004999419208616
1048,0.0047682905569672,0.0047682905569672
1049,0.0049785687588155,0.0049785687588155
1050,0.0049307746812701,0.0049307746812701
1051,0.0050279591232538,0.0050279591232538
1052,0.0049674175679683,0.0049674175679683
1053,0.0048396671190857,0.0048396671190857
1054,0.004994492046535,0.004994492046535
1055,0.005024560727179,0.005024560727179
1056,0.0050475033931434,0.0050475033931434
1057,0.0050116702914237,0.0050116702914237
1058,0.0051433779299259,0.0051433779299259
1059,0.0048868618905544,0.0048868618905544
1060,0.0048735467717051,0.0048735467717051
1061,0.0050207418389618,0.0050207418389618
1062,0.0051005738787353,0.0051005738787353
1063,0.0048898961395025,0.0048898961395025
1064,0.0048575038090348,0.0048575038090348
1065,0.0049987826496362,0.0049987826496362
1066,0.0049387291073799,0.0049387291073799
1067,0.0048596537671983,0.0048596537671983
1068,0.0049707414582371,0.0049707414582371
1069,0.004874381236732,0.004874381236732
1070,0.0049558952450752,0.0049558952450752
1071,0.0049841464497148,0.0049841464497148
1072,0.0048420140519738,0.0048420140519738
1073,0.0049845264293253,0.0049845264293253
1074,0.0051523917354643,0.0051523917354643
1075,0.0048869252204895,0.0048869252204895
1076,0.0049390913918614,0.0049390913918614
1077,0.0049668671563267,0.0049668671563267
1078,0.0050059030763804,0.0050059030763804
1079,0.0051130102947354,0.0051130102947354
1080,0.0048760399222373,0.0048760399222373
1081,0.0050163478590548,0.0050163478590548
1082,0.0049140509217977,0.0049140509217977
1083,0.0049509066157042,0.0049509066157042
1084,0.0050153788179159,0.0050153788179159
1085,0.004943273961544,0.004943273961544
1086,0.0048891040496528,0.0048891040496528
1087,0.0050605372525751,0.0050605372525751
1088,0.0049015749245882,0.0049015749245882
1089,0.0048314481973648,0.0048314481973648
1090,0.0050202114507555,0.0050202114507555
1091,0.0047836545854806,0.0047836545854806
1092,0.0050776656717062,0.0050776656717062
1093,0.004982192069292,0.004982192069292
1094,0.0049200393259525,0.0049200393259525
1095,0.0050830440595746,0.0050830440595746
1096,0.005009364336729,0.005009364336729
1097,0.0050113322213292,0.0050113322213292
1098,0.004802893847227,0.004802893847227
1099,0.005117836408317,0.005117836408317
1100,0.0049035693518817,0.0049035693518817
1101,0.0047450568526983,0.0047450568526983
1102,0.0050394795835018,0.0050394795835018
1103,0.0048774066381156,0.0048774066381156
1104,0.0049432562664151,0.0049432562664151
1105,0.0050819413736462,0.0050819413736462
1106,0.0050588152371346,0.0050588152371346
1107,0.0050399187020957,0.0050399187020957
1108,0.0049256249330937,0.0049256249330937
1109,0.0049806390888988,0.0049806390888988
1110,0.0049491147510707,0.0049491147510707
1111,0.0050661331042647,0.0050661331042647
1112,0.0050330720841884,0.0050330720841884
1113,0.0050637125968933,0.0050637125968933
1114,0.0051848413422703,0.0051848413422703
1115,0.0050841774791479,0.0050841774791479
1116,0.0051139863207936,0.0051139863207936
1117,0.0050150733441114,0.0050150733441114
1118,0.004883880726993,0.004883880726993
1119,0.0049812085926532,0.0049812085926532
1120,0.0049868621863424,0.0049868621863424
1121,0.0049400948919355,0.0049400948919355
1122,0.0049118646420538,0.0049118646420538
1123,0.0050854184664785,0.0050854184664785
1124,0.0049787042662501,0.0049787042662501
1125,0.0048554134555161,0.0048554134555161
1126,0.0048981313593685,0.0048981313593685
1127,0.0049202227964997,0.0049202227964997
1128,0.0049855932593345,0.0049855932593345
1129,0.0049315327778458,0.0049315327778458
1130,0.0049974722787737,0.0049974722787737
1131,0.0049313902854919,0.0049313902854919
1132,0.0049230763688683,0.0049230763688683
1133,0.0048639681190252,0.0048639681190252
1134,0.0049319104291498,0.0049319104291498
1135,0.0048444792628288,0.0048444792628288
1136,0.0051762419752776,0.0051762419752776
1137,0.0049763373099267,0.0049763373099267
1138,0.0050966823473572,0.0050966823473572
1139,0.0048079090192914,0.0048079090192914
1140,0.0050069065764546,0.0050069065764546
1141,0.0049543199129402,0.0049543199129402
1142,0.0048796376213431,0.0048796376213431
1143,0.0049702962860465,0.0049702962860465
1144,0.0049882661551237,0.0049882661551237
1145,0.0050083440728485,0.0050083440728485
1146,0.0050198417156934,0.0050198417156934
1147,0.0049012680537998,0.0049012680537998
1148,0.0049089714884757,0.0049089714884757
1149,0.0049202013760805,0.0049202013760805
1150,0.0048776427283883,0.0048776427283883
1151,0.0048785880208015,0.0048785880208015
1152,0.0050615943036973,0.0050615943036973
1153,0.0048580137081444,0.0048580137081444
1154,0.0049440651200711,0.0049440651200711
1155,0.0049421293660998,0.0049421293660998
1156,0.0049047828651964,0.0049047828651964
1157,0.0049366699531674,0.0049366699531674
1158,0.0049986359663307,0.0049986359663307
1159,0.0050253611989319,0.0050253611989319
1160,0.0048286272212862,0.0048286272212862
1161,0.0050520487129688,0.0050520487129688
1162,0.0049928114749491,0.0049928114749491
1163,0.005020965822041,0.005020965822041
1164,0.0048810802400112,0.0048810802400112
1165,0.0050030937418341,0.0050030937418341
1166,0.0050684227608144,0.0050684227608144
1167,0.004928276874125,0.004928276874125
1168,0.0049580265767872,0.0049580265767872
1169,0.0048954002559185,0.0048954002559185
1170,0.0049334219656884,0.0049334219656884
1171,0.0049377791583538,0.0049377791583538
1172,0.0049872337840497,0.0049872337840497
1173,0.0049593239091336,0.0049593239091336
1174,0.0049064708873629,0.0049064708873629
1175,0.0049256067723035,0.0049256067723035
1176,0.0050981165841221,0.0050981165841221
1177,0.0050473934970796,0.0050473934970796
1178,0.0049842838197946,0.0049842838197946
1179,0.0049535222351551,0.0049535222351551
1180,0.0049206586554646,0.0049206586554646
1181,0.0047621699050068,0.0047621699050068
1182,0.0048058331012725,0.0048058331012725
1183,0.0049137421883642,0.0049137421883642
1184,0.0048128860071301,0.0048128860071301
1185,0.0048735560849308,0.0048735560849308
1186,0.0048075430095195,0.0048075430095195
1187,0.0050694989040493,0.0050694989040493
1188,0.0047599012032151,0.0047599012032151
1189,0.0048268586397171,0.0048268586397171
1190,0.0048832828179001,0.0048832828179001
1191,0.0049149221740663,0.0049149221740663
1192,0.0047413627617061,0.0047413627617061
1193,0.0051264152862131,0.0051264152862131
1194,0.0049511617980897,0.0049511617980897
1195,0.0051309899426996,0.0051309899426996
1196,0.005019411444664,0.005019411444664
1197,0.0049334219656884,0.0049334219656884
1198,0.0050400868058204,0.0050400868058204
1199,0.0050952527672052,0.0050952527672052
1200,0.0049735163338482,0.0049735163338482
1201,0.0048423348926007,0.0048423348926007
1202,0.0049802321009337,0.0049802321009337
1203,0.004985362291336,0.004985362291336
1204,0.0049514509737491,0.0049514509737491
1205,0.0049705449491739,0.0049705449491739
1206,0.0048691388219594,0.0048691388219594
1207,0.0048695569857954,0.0048695569857954
1208,0.0050202487036585,0.0050202487036585
1209,0.0049354201182723,0.0049354201182723
1210,0.004951580427587,0.004951580427587
1211,0.0050784912891685,0.0050784912891685
1212,0.0048837983049452,0.0048837983049452
1213,0.0050162067636847,0.0050162067636847
1214,0.0050234282389283,0.0050234282389283
1215,0.0048236269503831,0.0048236269503831
1216,0.0050442568026483,0.0050442568026483
1217,0.0048273829743266,0.0048273829743266
1218,0.0049945078790187,0.0049945078790187
1219,0.0049684736877679,0.0049684736877679
1220,0.0051427488215267,0.0051427488215267
1221,0.0049356371164321,0.0049356371164321
1222,0.0048737218603491,0.0048737218603491
1223,0.0048249415121972,0.0048249415121972
1224,0.0050088237039744,0.0050088237039744
1225,0.0049367537721991,0.0049367537721991
1226,0.0050829485990107,0.0050829485990107
1227,0.0050065256655216,0.0050065256655216
1228,0.0048416079953312,0.0048416079953312
1229,0.0049090236425399,0.0049090236425399
1230,0.0047882748767733,0.0047882748767733
1231,0.0048980298452079,0.0048980298452079
1232,0.0049651893787086,0.0049651893787086
1233,0.0045861122198402,0.0045861122198402
1234,0.0047608138993382,0.0047608138993382
1235,0.004906655754894,0.004906655754894
1236,0.0049804104492068,0.0049804104492068
1237,0.0047553116455674,0.0047553116455674
1238,0.0050681852735579,0.0050681852735579
1239,0.0049727926962077,0.0049727926962077
1240,0.0048766769468784,0.0048766769468784
1241,0.0048947124741971,0.0048947124741971
1242,0.0049298694357275,0.0049298694357275
1243,0.005004197359085,0.005004197359085
1244,0.0050160116516053,0.0050160116516053
1245,0.0048924866132438,0.0048924866132438
1246,0.0049876389093697,0.0049876389093697
1247,0.0048435819335281,0.0048435819335281
1248,0.0049816342070698,0.0049816342070698
1249,0.0049918135628104,0.0049918135628104
1250,0.0050458908081054,0.0050458908081054
1251,0.00499609997496,0.00499609997496
1252,0.0049538752064108,0.0049538752064108
1253,0.0049418099224567,0.0049418099224567
1254,0.0049945106729865,0.0049945106729865
1255,0.005134361796081,0.005134361796081
1256,0.0050978665240108,0.0050978665240108
1257,0.0049283457919955,0.0049283457919955
1258,0.0049539315514266,0.0049539315514266
1259,0.0048385243862867,0.0048385243862867
1260,0.004944875370711,0.004944875370711
1261,0.0050204317085444,0.0050204317085444
1262,0.0050404951907694,0.0050404951907694
1263,0.004985159728676,0.004985159728676
1264,0.0048675634898245,0.0048675634898245
1265,0.0050918231718242,0.0050918231718242
1266,0.0048679462634027,0.0048679462634027
1267,0.0049771885387599,0.0049771885387599
1268,0.0049270018935203,0.0049270018935203
1269,0.0050713066011667,0.0050713066011667
1270,0.0048952186480164,0.0048952186480164
1271,0.0048289261758327,0.0048289261758327
1272,0.0048846029676496,0.0048846029676496
1273,0.0049525378271937,0.0049525378271937
1274,0.0047675808891654,0.0047675808891654
1275,0.0049305739812552,0.0049305739812552
1276,0.0049507999792695,0.0049507999792695
1277,0.0049366950988769,0.0049366950988769
1278,0.0049612983129918,0.0049612983129918
1279,0.004994302522391,0.004994302522391
1280,0.0049352161586284,0.0049352161586284
1281,0.0048553692176938,0.0048553692176938
1282,0.0047944141551852,0.0047944141551852
1283,0.0051152114756405,0.0051152114756405
1284,0.005079120863229,0.005079120863229
1285,0.0048547964543104,0.0048547964543104
1286,0.0050447955727577,0.0050447955727577
1287,0.0049473792314529,0.0049473792314529
1288,0.005001843906939,0.005001843906939
1289,0.0049518281593918,0.0049518281593918
1290,0.0050154444761574,0.0050154444761574
1291,0.0050969626754522,0.0050969626754522
1292,0.0051739527843892,0.0051739527843892
1293,0.0049158413894474,0.0049158413894474
1294,0.0048970156349241,0.0048970156349241
1295,0.0048756413161754,0.0048756413161754
1296,0.005057512782514,0.005057512782514
1297,0.0049340538680553,0.0049340538680553
1298,0.0049032401293516,0.0049032401293516
1299,0.0048869014717638,0.0048869014717638
1300,0.0050172908231616,0.0050172908231616
1301,0.0050204377621412,0.0050204377621412
1302,0.0048848162405192,0.0048848162405192
1303,0.0050878361798822,0.0050878361798822
1304,0.0048385113477706,0.0048385113477706
1305,0.004870168864727,0.004870168864727
1306,0.0048684640787541,0.0048684640787541
1307,0.0049989619292318,0.0049989619292318
1308,0.0050632935017347,0.0050632935017347
1309,0.0049351435154676,0.0049351435154676
1310,0.0048278262838721,0.0048278262838721
1311,0.0049787615425884,0.0049787615425884
1312,0.0049766292795538,0.0049766292795538
1313,0.0048501221463084,0.0048501221463084
1314,0.0049381810240447,0.0049381810240447
1315,0.0049747079610824,0.0049747079610824
1316,0.0049130488187074,0.0049130488187074
1317,0.0049183466471731,0.0049183466471731
1318,0.0049135452136397,0.0049135452136397
1319,0.0050317971035838,0.0050317971035838
1320,0.0049645481631159,0.0049645481631159
1321,0.0050917495973408,0.0050917495973408
1322,0.005043061915785,0.005043061915785
1323,0.0049403319135308,0.0049403319135308
1324,0.0049820207059383,0.0049820207059383
1325,0.0049293357878923,0.0049293357878923
1326,0.0048508313484489,0.0048508313484489
1327,0.0048743253573775,0.0048743253573775
1328,0.0047968034632503,0.0047968034632503
1329,0.0048725986853241,0.0048725986853241
1330,0.0050482405349612,0.0050482405349612
1331,0.005083086900413,0.005083086900413
1332,0.0049889110960066,0.0049889110960066
1333,0.0049275034107267,0.0049275034107267
1334,0.0049109272658824,0.0049109272658824
1335,0.005026186350733,0.005026186350733
1336,0.0047656036913394,0.0047656036913394
1337,0.0049802847206592,0.0049802847206592
1338,0.0049340375699102,0.0049340375699102
1339,0.005152964964509,0.005152964964509
1340,0.0050325011834502,0.0050325011834502
1341,0.0049601499922573,0.0049601499922573
1342,0.0048962114378809,0.0048962114378809
1343,0.004751278553158,0.004751278553158
1344,0.0049723014235496,0.0049723014235496
1345,0.0048127882182598,0.0048127882182598
1346,0.005035194568336,0.005035194568336
1347,0.0050616543740034,0.0050616543740034
1348,0.0049744164571166,0.0049744164571166
1349,0.0049847546033561,0.0049847546033561
1350,0.004940390586853,0.004940390586853
1351,0.0048253629356622,0.0048253629356622
1352,0.0049137859605252,0.0049137859605252
1353,0.0049642655067145,0.0049642655067145
1354,0.0048962295986711,0.0048962295986711
1355,0.004858705215156,0.004858705215156
1356,0.0049769100733101,0.0049769100733101
1357,0.0048998552374541,0.0048998552374541
1358,0.0048009576275944,0.0048009576275944
1359,0.0048425635322928,0.0048425635322928
1360,0.0049673817120492,0.0049673817120492
1361,0.0050110123120248,0.0050110123120248
1362,0.0050125531852245,0.0050125531852245
1363,0.0048539643175899,0.0048539643175899
1364,0.0049891117960214,0.0049891117960214
1365,0.0048280274495482,0.0048280274495482
1366,0.0047932742163538,0.0047932742163538
1367,0.0048778653144836,0.0048778653144836
1368,0.0049055386334657,0.0049055386334657
1369,0.0048519605770707,0.0048519605770707
1370,0.0048786373808979,0.0048786373808979
1371,0.0050802673213183,0.0050802673213183
1372,0.0050267083570361,0.0050267083570361
1373,0.005030944943428,0.005030944943428
1374,0.0049697766080498,0.0049697766080498
1375,0.0048579275608062,0.0048579275608062
1376,0.0049468874931335,0.0049468874931335
1377,0.0048975413665175,0.0048975413665175
1378,0.0050486521795392,0.0050486521795392
1379,0.0048407455906271,0.0048407455906271
1380,0.0048733190633356,0.0048733190633356
1381,0.005029372870922,0.005029372870922
1382,0.0050539262592792,0.0050539262592792
1383,0.0049372548237442,0.0049372548237442
1384,0.0050433436408638,0.0050433436408638
1385,0.0049944967031478,0.0049944967031478
1386,0.0049621351063251,0.0049621351063251
1387,0.0049472525715827,0.0049472525715827
1388,0.0048882286064326,0.0048882286064326
1389,0.0050166696310043,0.0050166696310043
1390,0.0048441407270729,0.0048441407270729
1391,0.0050629647448658,0.0050629647448658
1392,0.0047801528126001,0.0047801528126001
1393,0.0049325530417263,0.0049325530417263
1394,0.0048178499564528,0.0048178499564528
1395,0.0047583896666765,0.0047583896666765
1396,0.0048425141721963,0.0048425141721963
1397,0.0048409975133836,0.0048409975133836
1398,0.0048264879733324,0.0048264879733324
1399,0.0049497187137603,0.0049497187137603
1400,0.0050108982250094,0.0050108982250094
1401,0.0049325469881296,0.0049325469881296
1402,0.0048488224856555,0.0048488224856555
1403,0.0049035167321562,0.0049035167321562
1404,0.004917967133224,0.004917967133224
1405,0.0049479911103844,0.0049479911103844
1406,0.004897117614746,0.004897117614746
1407,0.0048790276050567,0.0048790276050567
1408,0.0047329096123576,0.0047329096123576
1409,0.0049193194136023,0.0049193194136023
1410,0.0049224663525819,0.0049224663525819
1411,0.0048340940847992,0.0048340940847992
1412,0.0049938787706196,0.0049938787706196
1413,0.0048691914416849,0.0048691914416849
1414,0.0050613293424248,0.0050613293424248
1415,0.0050008408725261,0.0050008408725261
1416,0.0048959148116409,0.0048959148116409
1417,0.0049576130695641,0.0049576130695641
1418,0.0049391314387321,0.0049391314387321
1419,0.0051791407167911,0.0051791407167911
1420,0.0047874888405203,0.0047874888405203
1421,0.0048814350739121,0.0048814350739121
1422,0.0049424301832914,0.0049424301832914
1423,0.0048992345109581,0.0048992345109581
1424,0.0049508824013173,0.0049508824013173
1425,0.0049817161634564,0.0049817161634564
1426,0.005146306939423,0.005146306939423
1427,0.0049311816692352,0.0049311816692352
1428,0.0052062142640352,0.0052062142640352
1429,0.0050469581037759,0.0050469581037759
1430,0.0050306441262364,0.0050306441262364
1431,0.0048307897523045,0.0048307897523045
1432,0.0049526956863701,0.0049526956863701
1433,0.0049874456599354,0.0049874456599354
1434,0.0049426616169512,0.0049426616169512
1435,0.0049650631844997,0.0049650631844997
1436,0.0047781392931938,0.0047781392931938
1437,0.0049106101505458,0.0049106101505458
1438,0.0046580834314227,0.0046580834314227
1439,0.00501124933362,0.00501124933362
1440,0.0049287071451544,0.0049287071451544
1441,0.0050002424977719,0.0050002424977719
1442,0.004865828435868,0.004865828435868
1443,0.0047194650396704,0.0047194650396704
1444,0.0049196444451808,0.0049196444451808
1445,0.0049712932668626,0.0049712932668626
1446,0.0049962340854108,0.0049962340854108
1447,0.0050626047886908,0.0050626047886908
1448,0.0048451982438564,0.0048451982438564
1449,0.0046878363937139,0.0046878363937139
1450,0.0048292758874595,0.0048292758874595
1451,0.0050368914380669,0.0050368914380669
1452,0.0048279822804033,0.0048279822804033
1453,0.0049009593203663,0.0049009593203663
1454,0.0049880393780767,0.0049880393780767
1455,0.0048064533621072,0.0048064533621072
1456,0.0050178095698356,0.0050178095698356
1457,0.00491379853338,0.00491379853338
1458,0.0049444097094237,0.0049444097094237
1459,0.004700556397438,0.004700556397438
1460,0.0048682717606425,0.0048682717606425
1461,0.0048299059271812,0.0048299059271812
1462,0.0049358094111084,0.0049358094111084
1463,0.0049593010917305,0.0049593010917305
1464,0.0050941063091158,0.0050941063091158
1465,0.0049834242090582,0.0049834242090582
1466,0.0050619058310985,0.0050619058310985
1467,0.0049058636650443,0.0049058636650443
1468,0.0050369147211313,0.0050369147211313
1469,0.0049120187759399,0.0049120187759399
1470,0.0049282666295766,0.0049282666295766
1471,0.0049106962978839,0.0049106962978839
1472,0.0049655116163194,0.0049655116163194
1473,0.0049414616078138,0.0049414616078138
1474,0.0049800686538219,0.0049800686538219
1475,0.0048922710120677,0.0048922710120677
1476,0.0048897741362452,0.0048897741362452
1477,0.0051003182306885,0.0051003182306885
1478,0.0050611486658453,0.0050611486658453
1479,0.004878147970885,0.004878147970885
1480,0.0049452017992734,0.0049452017992734
1481,0.0049146255478262,0.0049146255478262
1482,0.0048317578621208,0.0048317578621208
1483,0.0048915254883468,0.0048915254883468
1484,0.0047896266914904,0.0047896266914904
1485,0.0049949465319514,0.0049949465319514
1486,0.0048105763271451,0.0048105763271451
1487,0.0050216973759233,0.0050216973759233
1488,0.0049196942709386,0.0049196942709386
1489,0.0051084458827972,0.0051084458827972
1490,0.0050568040460348,0.0050568040460348
1491,0.0049326634034514,0.0049326634034514
1492,0.0047408072277903,0.0047408072277903
1493,0.005027066450566,0.005027066450566
1494,0.0048452513292431,0.0048452513292431
1495,0.0048425318673253,0.0048425318673253
1496,0.0048708682879805,0.0048708682879805
1497,0.0049277385696768,0.0049277385696768
1498,0.0048375693149864,0.0048375693149864
1499,0.0050389440730214,0.0050389440730214
1500,0.0048976857215166,0.0048976857215166
1501,0.004889091476798,0.004889091476798
1502,0.0047568152658641,0.0047568152658641
1503,0.0049993372522294,0.0049993372522294
1504,0.0048724701628088,0.0048724701628088
1505,0.0047645615413784,0.0047645615413784
1506,0.0048980107530951,0.0048980107530951
1507,0.00499307224527,0.00499307224527
1508,0.0049601271748542,0.0049601271748542
1509,0.0049923788756132,0.0049923788756132
1510,0.0050092497840523,0.0050092497840523
1511,0.0047379126772284,0.0047379126772284
1512,0.0048257955349981,0.0048257955349981
1513,0.005125350318849,0.005125350318849
1514,0.0048309830017387,0.0048309830017387
1515,0.0047772005200386,0.0047772005200386
1516,0.0048028854653239,0.0048028854653239
1517,0.004941115155816,0.004941115155816
1518,0.004849602933973,0.004849602933973
1519,0.0049756779335439,0.0049756779335439
1520,0.0049435393884778,0.0049435393884778
1521,0.0049029435031116,0.0049029435031116
1522,0.0049810530617833,0.0049810530617833
1523,0.0049813352525234,0.0049813352525234
1524,0.0048503843136131,0.0048503843136131
1525,0.0049856402911245,0.0049856402911245
1526,0.0049572438001632,0.0049572438001632
1527,0.0048515740782022,0.0048515740782022
1528,0.004916968755424,0.004916968755424
1529,0.0048717223107814,0.0048717223107814
1530,0.0049901595339179,0.0049901595339179
1531,0.0050740358419716,0.0050740358419716
1532,0.0047897920012474,0.0047897920012474
1533,0.0049440767616033,0.0049440767616033
1534,0.004813537467271,0.004813537467271
1535,0.0050836456939578,0.0050836456939578
1536,0.0049768965691328,0.0049768965691328
1537,0.0048095751553773,0.0048095751553773
1538,0.0050994609482586,0.0050994609482586
1539,0.0050763199105858,0.0050763199105858
1540,0.0049999225884675,0.0049999225884675
1541,0.0050898068584501,0.0050898068584501
1542,0.004875301849097,0.004875301849097
1543,0.00483268359676,0.00483268359676
1544,0.0049574617296457,0.0049574617296457
1545,0.0048786294646561,0.0048786294646561
1546,0.0048317373730242,0.0048317373730242
1547,0.0048654763959348,0.0048654763959348
1548,0.0047751362435519,0.0047751362435519
1549,0.0048118913546204,0.0048118913546204
1550,0.0048825610429048,0.0048825610429048
1551,0.0049489643424749,0.0049489643424749
1552,0.0051814592443406,0.0051814592443406
1553,0.0049120401963591,0.0049120401963591
1554,0.0049490514211356,0.0049490514211356
1555,0.0049391435459256,0.0049391435459256
1556,0.0050602625124156,0.0050602625124156
1557,0.0048526870086789,0.0048526870086789
1558,0.0049779429100453,0.0049779429100453
1559,0.0050508612766861,0.0050508612766861
1560,0.0050715906545519,0.0050715906545519
1561,0.0047882101498544,0.0047882101498544
1562,0.0048205386847257,0.0048205386847257
1563,0.004964645486325,0.004964645486325
1564,0.0049998704344034,0.0049998704344034
1565,0.005082621704787,0.005082621704787
1566,0.004821129143238,0.004821129143238
1567,0.005069300532341,0.005069300532341
1568,0.0050914781168103,0.0050914781168103
1569,0.0049871541559696,0.0049871541559696
1570,0.0049904864281415,0.0049904864281415
1571,0.004976506344974,0.004976506344974
1572,0.0049155810847878,0.0049155810847878
1573,0.0049231084994971,0.0049231084994971
1574,0.0049377940595149,0.0049377940595149
1575,0.004913150332868,0.004913150332868
1576,0.0051591456867754,0.0051591456867754
1577,0.0049251881428062,0.0049251881428062
1578,0.0048382459208369,0.0048382459208369
1579,0.0048729721456766,0.0048729721456766
1580,0.00498269777745,0.00498269777745
1581,0.0049590496346354,0.0049590496346354
1582,0.0051428428851068,0.0051428428851068
1583,0.0048840073868632,0.0048840073868632
1584,0.0048951795324683,0.0048951795324683
1585,0.0050498191267251,0.0050498191267251
1586,0.0050779227167367,0.0050779227167367
1587,0.0048747868277132,0.0048747868277132
1588,0.0048861489631235,0.0048861489631235
1589,0.0049102599732577,0.0049102599732577
1590,0.0047021065838634,0.0047021065838634
1591,0.0047343675978481,0.0047343675978481
1592,0.0048323418013751,0.0048323418013751
1593,0.0048842155374586,0.0048842155374586
1594,0.0051083182916045,0.0051083182916045
1595,0.0049928836524486,0.0049928836524486
1596,0.004811692982912,0.004811692982912
1597,0.0049080634489655,0.0049080634489655
1598,0.0051252972334623,0.0051252972334623
1599,0.0050632981583476,0.0050632981583476
1600,0.0047633149661123,0.0047633149661123
1601,0.0051041422411799,0.0051041422411799
1602,0.0049824491143226,0.0049824491143226
1603,0.0049593090079724,0.0049593090079724
1604,0.0050594024360179,0.0050594024360179
1605,0.0050345053896307,0.0050345053896307
1606,0.0049556093290448,0.0049556093290448
1607,0.0049154087901115,0.0049154087901115
1608,0.005041061900556,0.005041061900556
1609,0.0048638475127518,0.0048638475127518
1610,0.0049807606264948,0.0049807606264948
1611,0.0049167643301188,0.0049167643301188
1612,0.0049031917005777,0.0049031917005777
1613,0.00497892126441,0.00497892126441
1614,0.0048618810251355,0.0048618810251355
1615,0.0048943632282316,0.0048943632282316
1616,0.0049404222518205,0.0049404222518205
1617,0.0049317474476993,0.0049317474476993
1618,0.0047961478121578,0.0047961478121578
1619,0.0049810023047029,0.0049810023047029
1620,0.004936960991472,0.004936960991472
1621,0.0048963436856865,0.0048963436856865
1622,0.0049554631114006,0.0049554631114006
1623,0.0049525368958711,0.0049525368958711
1624,0.0050168586894869,0.0050168586894869
1625,0.0049323225393891,0.0049323225393891
1626,0.0049559213221073,0.0049559213221073
1627,0.0048991087824106,0.0048991087824106
1628,0.0048945592716336,0.0048945592716336
1629,0.0050088446587324,0.0050088446587324
1630,0.0048566586337983,0.0048566586337983
1631,0.00485117174685,0.00485117174685
1632,0.0049961358308792,0.0049961358308792
1633,0.0048159104771912,0.0048159104771912
1634,0.0050133359618484,0.0050133359618484
1635,0.0049452469684183,0.0049452469684183
1636,0.0048699178732931,0.0048699178732931
1637,0.0051976935938,0.0051976935938
1638,0.0050752493552863,0.0050752493552863
1639,0.0049251578748226,0.0049251578748226
1640,0.0050415657460689,0.0050415657460689
1641,0.0050046634860336,0.0050046634860336
1642,0.0050803674384951,0.0050803674384951
1643,0.005007185973227,0.005007185973227
1644,0.0049709072336554,0.0049709072336554
1645,0.0049110255204141,0.0049110255204141
1646,0.0050040921196341,0.0050040921196341
1647,0.0048582167364656,0.0048582167364656
1648,0.005188432522118,0.005188432522118
1649,0.0049198791384696,0.0049198791384696
1650,0.0049105063080787,0.0049105063080787
1651,0.0048805577680468,0.0048805577680468
1652,0.0048761535435914,0.0048761535435914
1653,0.0049701025709509,0.0049701025709509
1654,0.0050038699992001,0.0050038699992001
1655,0.0049686077982187,0.0049686077982187
1656,0.004967775195837,0.004967775195837
1657,0.0049839485436677,0.0049839485436677
1658,0.0050334515981376,0.0050334515981376
1659,0.0048801670782268,0.0048801670782268
1660,0.0047207595780491,0.0047207595780491
1661,0.0050291055813431,0.0050291055813431
1662,0.0049050543457269,0.0049050543457269
1663,0.004879102576524,0.004879102576524
1664,0.0049142721109092,0.0049142721109092
1665,0.004834646359086,0.004834646359086
1666,0.0048217587172985,0.0048217587172985
1667,0.0049606040120124,0.0049606040120124
1668,0.0047577400691807,0.0047577400691807
1669,0.0048220143653452,0.0048220143653452
1670,0.0048991544172167,0.0048991544172167
1671,0.0048872958868741,0.0048872958868741
1672,0.0049494812265038,0.0049494812265038
1673,0.004951590206474,0.004951590206474
1674,0.0047486503608524,0.0047486503608524
1675,0.0047448961995542,0.0047448961995542
1676,0.0049104378558695,0.0049104378558695
1677,0.0050020394846796,0.0050020394846796
1678,0.0049655037000775,0.0049655037000775
1679,0.0049748606979846,0.0049748606979846
1680,0.0050407447852194,0.0050407447852194
1681,0.0048774001188576,0.0048774001188576
1682,0.0049626561813056,0.0049626561813056
1683,0.0048719183541834,0.0048719183541834
1684,0.0048214504495263,0.0048214504495263
1685,0.0049348706379532,0.0049348706379532
1686,0.0048654787242412,0.0048654787242412
1687,0.0049151806160807,0.0049151806160807
1688,0.0050144316628575,0.0050144316628575
1689,0.0049403319135308,0.0049403319135308
1690,0.0049597164615988,0.0049597164615988
1691,0.0049501154571771,0.0049501154571771
1692,0.0048749409615993,0.0048749409615993
1693,0.0048277243040502,0.0048277243040502
1694,0.0049134935252368,0.0049134935252368
1695,0.0049388329498469,0.0049388329498469
1696,0.0050531849265098,0.0050531849265098
1697,0.0048588411882519,0.0048588411882519
1698,0.0050058476626873,0.0050058476626873
1699,0.004987206775695,0.004987206775695
1700,0.0048809172585606,0.0048809172585606
1701,0.0048218443989753,0.0048218443989753
1702,0.004850348457694,0.004850348457694
1703,0.0050193816423416,0.0050193816423416
1704,0.0049867704510688,0.0049867704510688
1705,0.0050029121339321,0.0050029121339321
1706,0.0049081034958362,0.0049081034958362
1707,0.0051429108716547,0.0051429108716547
1708,0.0049962420016527,0.0049962420016527
1709,0.0049164500087499,0.0049164500087499
1710,0.0049558337777853,0.0049558337777853
1711,0.0050046672113239,0.0050046672113239
1712,0.0048156310804188,0.0048156310804188
1713,0.0050079552456736,0.0050079552456736
1714,0.0050205714069306,0.0050205714069306
1715,0.0049363248981535,0.0049363248981535
1716,0.0050234012305736,0.0050234012305736
1717,0.0049500209279358,0.0049500209279358
1718,0.0048638046719133,0.0048638046719133
1719,0.0048040673136711,0.0048040673136711
1720,0.0049753845669329,0.0049753845669329
1721,0.0048816297203302,0.0048816297203302
1722,0.0047650560736656,0.0047650560736656
1723,0.0049470718950033,0.0049470718950033
1724,0.0050383731722831,0.0050383731722831
1725,0.0047652507200837,0.0047652507200837
1726,0.0049257767386734,0.0049257767386734
1727,0.0048601254820823,0.0048601254820823
1728,0.0050530708394944,0.0050530708394944
1729,0.0050828028470277,0.0050828028470277
1730,0.0049664624966681,0.0049664624966681
1731,0.0049019088037312,0.0049019088037312
1732,0.004818020388484,0.004818020388484
1733,0.0049456041306257,0.0049456041306257
1734,0.0048804003745317,0.0048804003745317
1735,0.0048945806920528,0.0048945806920528
1736,0.0050353254191577,0.0050353254191577
1737,0.0049437070265412,0.0049437070265412
1738,0.0049387821927666,0.0049387821927666
1739,0.0051043727435171,0.0051043727435171
1740,0.0049666753038764,0.0049666753038764
1741,0.0049481512978672,0.0049481512978672
1742,0.0049784304574131,0.0049784304574131
1743,0.004859815351665,0.004859815351665
1744,0.0050260238349437,0.0050260238349437
1745,0.0049185114912688,0.0049185114912688
1746,0.0049249744042754,0.0049249744042754
1747,0.0047243726439774,0.0047243726439774
1748,0.0049148448742926,0.0049148448742926
1749,0.0049394159577786,0.0049394159577786
1750,0.0049223927780985,0.0049223927780985
1751,0.004999347962439,0.004999347962439
1752,0.0051070339977741,0.0051070339977741
1753,0.004838200751692,0.004838200751692
1754,0.0046516433358192,0.0046516433358192
1755,0.0050546191632747,0.0050546191632747
1756,0.0049041844904422,0.0049041844904422
1757,0.0048985802568495,0.0048985802568495
1758,0.0047679156996309,0.0047679156996309
1759,0.0049628866836428,0.0049628866836428
1760,0.0049953926354646,0.0049953926354646
1761,0.0049670482985675,0.0049670482985675
1762,0.0048465295694768,0.0048465295694768
1763,0.0050191194750368,0.0050191194750368
1764,0.0050295479595661,0.0050295479595661
1765,0.0050156633369624,0.0050156633369624
1766,0.0050456584431231,0.0050456584431231
1767,0.0050145690329372,0.0050145690329372
1768,0.0050051938742399,0.0050051938742399
1769,0.0050014266744256,0.0050014266744256
1770,0.0049149342812597,0.0049149342812597
1771,0.0049404990859329,0.0049404990859329
1772,0.0049130665138363,0.0049130665138363
1773,0.0048311734572052,0.0048311734572052
1774,0.0049875504337251,0.0049875504337251
1775,0.0048620011657476,0.0048620011657476
1776,0.0049585988745093,0.0049585988745093
1777,0.0048215603455901,0.0048215603455901
1778,0.004839614033699,0.004839614033699
1779,0.0048738988116383,0.0048738988116383
1780,0.0047588925808668,0.0047588925808668
1781,0.0049833869561553,0.0049833869561553
1782,0.0049313949421048,0.0049313949421048
1783,0.0050180628895759,0.0050180628895759
1784,0.0048243477940559,0.0048243477940559
1785,0.0049261404201388,0.0049261404201388
1786,0.0048561291769146,0.0048561291769146
1787,0.0047315647825598,0.0047315647825598
1788,0.0047868341207504,0.0047868341207504
1789,0.0050529916770756,0.0050529916770756
1790,0.0050694392994046,0.0050694392994046
1791,0.0050256540998816,0.0050256540998816
1792,0.0049549890682101,0.0049549890682101
1793,0.0048290602862834,0.0048290602862834
1794,0.0048923958092927,0.0048923958092927
1795,0.0050347917713224,0.0050347917713224
1796,0.0049830474890768,0.0049830474890768
1797,0.0049225278198719,0.0049225278198719
1798,0.0048641650937497,0.0048641650937497
1799,0.0049250237643718,0.0049250237643718
1800,0.0047476817853748,0.0047476817853748
1801,0.0048391437157988,0.0048391437157988
1802,0.0048897936940193,0.0048897936940193
1803,0.0048465374857187,0.0048465374857187
1804,0.0048965704627335,0.0048965704627335
1805,0.0048249280080199,0.0048249280080199
1806,0.0048052873462438,0.0048052873462438
1807,0.0049121123738586,0.0049121123738586
1808,0.0048396382480859,0.0048396382480859
1809,0.0050257337279617,0.0050257337279617
1810,0.0050158416852355,0.0050158416852355
1811,0.0049466984346508,0.0049466984346508
1812,0.0048102410510182,0.0048102410510182
1813,0.0048939110711216,0.0048939110711216
1814,0.0048949690535664,0.0048949690535664
1815,0.0049338210374116,0.0049338210374116
1816,0.0049436879344284,0.0049436879344284
1817,0.0049307788722217,0.0049307788722217
1818,0.0048682726919651,0.0048682726919651
1819,0.0048772362060844,0.0048772362060844
1820,0.0049050506204366,0.0049050506204366
1821,0.0049770725890994,0.0049770725890994
1822,0.0048892823979258,0.0048892823979258
1823,0.0048738922923803,0.0048738922923803
1824,0.0048781102523207,0.0048781102523207
1825,0.0048843184486031,0.0048843184486031
1826,0.0052238116040825,0.0052238116040825
1827,0.0049909297376871,0.0049909297376871
1828,0.0050947722047567,0.0050947722047567
1829,0.0048663457855582,0.0048663457855582
1830,0.0049248528666794,0.0049248528666794
1831,0.00507357949391,0.00507357949391
1832,0.004930842667818,0.004930842667818
1833,0.0049956170842051,0.0049956170842051
1834,0.0049115666188299,0.0049115666188299
1835,0.0049370424821972,0.0049370424821972
1836,0.0049453559331595,0.0049453559331595
1837,0.0049017095007002,0.0049017095007002
1838,0.0049689882434904,0.0049689882434904
1839,0.0049244761466979,0.0049244761466979
1840,0.0047801076434552,0.0047801076434552
1841,0.0048856474459171,0.0048856474459171
1842,0.0052395304664969,0.0052395304664969
1843,0.0048743672668933,0.0048743672668933
1844,0.0049103489145636,0.0049103489145636
1845,0.0050321486778557,0.0050321486778557
1846,0.004970755893737,0.004970755893737
1847,0.0049749286845326,0.0049749286845326
1848,0.0050806519575417,0.0050806519575417
1849,0.0050307428464293,0.0050307428464293
1850,0.0049031097441911,0.0049031097441911
1851,0.0050251046195626,0.0050251046195626
1852,0.0047920583747327,0.0047920583747327
1853,0.0050151329487562,0.0050151329487562
1854,0.0049015572294592,0.0049015572294592
1855,0.0049328012391924,0.0049328012391924
1856,0.0050188158638775,0.0050188158638775
1857,0.0049989707767963,0.0049989707767963
1858,0.0048904265277087,0.0048904265277087
1859,0.0048412871547043,0.0048412871547043
1860,0.0049828616902232,0.0049828616902232
1861,0.0050530731678009,0.0050530731678009
1862,0.0050873830914497,0.0050873830914497
1863,0.0049271644093096,0.0049271644093096
1864,0.0049464209005236,0.0049464209005236
1865,0.0050579258240759,0.0050579258240759
1866,0.0050250957719981,0.0050250957719981
1867,0.0049020983278751,0.0049020983278751
1868,0.0047741336748003,0.0047741336748003
1869,0.0049262703396379,0.0049262703396379
1870,0.0050178212113678,0.0050178212113678
1871,0.0048557133413851,0.0048557133413851
1872,0.0049016745761036,0.0049016745761036
1873,0.0048153968527913,0.0048153968527913
1874,0.0049806535243988,0.0049806535243988
1875,0.0050093145109713,0.0050093145109713
1876,0.0050132470205426,0.0050132470205426
1877,0.0050772773101925,0.0050772773101925
1878,0.0048511773347854,0.0048511773347854
1879,0.0049241972155869,0.0049241972155869
1880,0.0049245245754718,0.0049245245754718
1881,0.0051521905697882,0.0051521905697882
1882,0.0048343129456043,0.0048343129456043
1883,0.0049364757724106,0.0049364757724106
1884,0.0049303472042083,0.0049303472042083
1885,0.0050395871512591,0.0050395871512591
1886,0.0048694284632802,0.0048694284632802
1887,0.0050051063299179,0.0050051063299179
1888,0.0049041029997169,0.0049041029997169
1889,0.0048301182687282,0.0048301182687282
1890,0.004911876283586,0.004911876283586
1891,0.0049385074526071,0.0049385074526071
1892,0.0047143520787358,0.0047143520787358
1893,0.0050522247329354,0.0050522247329354
1894,0.0049164979718625,0.0049164979718625
1895,0.004962898325175,0.004962898325175
1896,0.0049077738076448,0.0049077738076448
1897,0.005149929318577,0.005149929318577
1898,0.0049389093182981,0.0049389093182981
1899,0.0048702373169362,0.0048702373169362
1900,0.0048492727801203,0.0048492727801203
1901,0.0049449778161942,0.0049449778161942
1902,0.0049495212733745,0.0049495212733745
1903,0.0049559478648006,0.0049559478648006
1904,0.0048918309621512,0.0048918309621512
1905,0.0049221445806324,0.0049221445806324
1906,0.0050530321896076,0.0050530321896076
1907,0.0049375817179679,0.0049375817179679
1908,0.0048062400892376,0.0048062400892376
1909,0.004798446316272,0.004798446316272
1910,0.004863672889769,0.004863672889769
1911,0.00509072560817,0.00509072560817
1912,0.0048666344955563,0.0048666344955563
1913,0.0050240824930369,0.0050240824930369
1914,0.0050047617405653,0.0050047617405653
1915,0.0049396161921322,0.0049396161921322
1916,0.0047451956197619,0.0047451956197619
1917,0.0049932138063013,0.0049932138063013
1918,0.0048622190952301,0.0048622190952301
1919,0.0049110404215753,0.0049110404215753
1920,0.004774731118232,0.004774731118232
1921,0.0048275259323418,0.0048275259323418
1922,0.0048188753426074,0.0048188753426074
1923,0.0049541811458766,0.0049541811458766
1924,0.0049881804734468,0.0049881804734468
1925,0.004916931502521,0.004916931502521
1926,0.0047465292736887,0.0047465292736887
1927,0.0049924626946449,0.0049924626946449
1928,0.0048862197436392,0.0048862197436392
1929,0.0049976976588368,0.0049976976588368
1930,0.0050343479961156,0.0050343479961156
1931,0.004992235917598,0.004992235917598
1932,0.0048880013637244,0.0048880013637244
1933,0.0050722449086606,0.0050722449086606
1934,0.0049032834358513,0.0049032834358513
1935,0.0049027982167899,0.0049027982167899
1936,0.0050006788223981,0.0050006788223981
1937,0.0048161875456571,0.0048161875456571
1938,0.004795713815838,0.004795713815838
1939,0.0048591997474431,0.0048591997474431
1940,0.0049285162240266,0.0049285162240266
1941,0.0049411421641707,0.0049411421641707
1942,0.0048286011442542,0.0048286011442542
1943,0.0051231854595243,0.0051231854595243
1944,0.0049089351668953,0.0049089351668953
1945,0.0047428328543901,0.0047428328543901
1946,0.0049328100867569,0.0049328100867569
1947,0.0048150373622775,0.0048150373622775
1948,0.004931875038892,0.004931875038892
1949,0.0048048556782305,0.0048048556782305
1950,0.0050389980897307,0.0050389980897307
1951,0.0049585308879613,0.0049585308879613
1952,0.0049389321357011,0.0049389321357011
1953,0.0051208678632974,0.0051208678632974
1954,0.0049515706486999,0.0049515706486999
1955,0.0049636992625892,0.0049636992625892
1956,0.0049423282034695,0.0049423282034695
1957,0.0049704983830451,0.0049704983830451
1958,0.0050091971643269,0.0050091971643269
1959,0.0048672570846974,0.0048672570846974
1960,0.0049447575584053,0.0049447575584053
1961,0.0047412444837391,0.0047412444837391
1962,0.004849178250879,0.004849178250879
1963,0.004896021913737,0.004896021913737
1964,0.0051172808744013,0.0051172808744013
1965,0.0050644446164369,0.0050644446164369
1966,0.004944646731019,0.004944646731019
1967,0.004937098827213,0.004937098827213
1968,0.0051394426263868,0.0051394426263868
1969,0.0048956642858684,0.0048956642858684
1970,0.0049222884699702,0.0049222884699702
1971,0.0049491436220705,0.0049491436220705
1972,0.0049823019653558,0.0049823019653558
1973,0.0048115192912518,0.0048115192912518
1974,0.0048899436369538,0.0048899436369538
1975,0.00501015689224,0.00501015689224
1976,0.0048797214403748,0.0048797214403748
1977,0.0049812840297818,0.0049812840297818
1978,0.0049610924907028,0.0049610924907028
1979,0.0050518810749053,0.0050518810749053
1980,0.0048073795624077,0.0048073795624077
1981,0.0047985552810132,0.0047985552810132
1982,0.0050729243084788,0.0050729243084788
1983,0.0048966710455715,0.0048966710455715
1984,0.0050611970946192,0.0050611970946192
1985,0.0048690736293792,0.0048690736293792
1986,0.0050023118965327,0.0050023118965327
1987,0.0049319029785692,0.0049319029785692
1988,0.0050452183932065,0.0050452183932065
1989,0.0049014603719115,0.0049014603719115
1990,0.0047635906375944,0.0047635906375944
1991,0.0048863939009606,0.0048863939009606
1992,0.0047954162582755,0.0047954162582755
1993,0.0048409239389002,0.0048409239389002
1994,0.0049767894670367,0.0049767894670367
1995,0.004871638957411,0.004871638957411
1996,0.0050171758048236,0.0050171758048236
1997,0.0048479307442903,0.0048479307442903
1998,0.004847721196711,0.004847721196711
1999,0.0048745549283921,0.0048745549283921
2000,0.0048482818529009,0.0048482818529009
2001,0.0050511257722973,0.0050511257722973
2002,0.0048818225041031,0.0048818225041031
2003,0.0048891231417655,0.0048891231417655
2004,0.0048771100118756,0.0048771100118756
2005,0.0047139343805611,0.0047139343805611
2006,0.0048996401019394,0.0048996401019394
2007,0.0047606518492102,0.0047606518492102
2008,0.0048136804252862,0.0048136804252862
2009,0.0047962088137865,0.0047962088137865
2010,0.0049696918576955,0.0049696918576955
2011,0.0049974685534834,0.0049974685534834
2012,0.0048970757052302,0.0048970757052302
2013,0.0048101861029863,0.0048101861029863
2014,0.0049309208989143,0.0049309208989143
2015,0.0050117541104555,0.0050117541104555
2016,0.0049653737805783,0.0049653737805783
2017,0.0050420104525983,0.0050420104525983
2018,0.0049686860293149,0.0049686860293149
2019,0.0049741067923605,0.0049741067923605
2020,0.0050071068108081,0.0050071068108081
2021,0.0048261815682053,0.0048261815682053
2022,0.0050056669861078,0.0050056669861078
2023,0.0049201836809515,0.0049201836809515
2024,0.0049241255037486,0.0049241255037486
2025,0.0049578319303691,0.0049578319303691
2026,0.0048821298405528,0.0048821298405528
2027,0.0048822783865034,0.0048822783865034
2028,0.004970914684236,0.004970914684236
2029,0.0050177308730781,0.0050177308730781
2030,0.0048802224919199,0.0048802224919199
2031,0.0048986421898007,0.0048986421898007
2032,0.0049586943350732,0.0049586943350732
2033,0.0048041818663477,0.0048041818663477
2034,0.0049406662583351,0.0049406662583351
2035,0.0048911869525909,0.0048911869525909
2036,0.0049452590756118,0.0049452590756118
2037,0.0048167165368795,0.0048167165368795
2038,0.0050311544910073,0.0050311544910073
2039,0.0049385847523808,0.0049385847523808
2040,0.0051448186859488,0.0051448186859488
2041,0.004979362245649,0.004979362245649
2042,0.0048947134055197,0.0048947134055197
2043,0.004911539144814,0.004911539144814
2044,0.0050184847787022,0.0050184847787022
2045,0.0049292701296508,0.0049292701296508
2046,0.0049134995788335,0.0049134995788335
2047,0.0047237765975296,0.0047237765975296
2048,0.004656758159399,0.004656758159399
2049,0.0049278018996119,0.0049278018996119
2050,0.004827307537198,0.004827307537198
2051,0.004878113977611,0.004878113977611
2052,0.0048761772923171,0.0048761772923171
2053,0.0048488075844943,0.0048488075844943
2054,0.0050765783526003,0.0050765783526003
2055,0.0048940842971205,0.0048940842971205
2056,0.0049762586131691,0.0049762586131691
2057,0.004861619323492,0.004861619323492
2058,0.0047569451853632,0.0047569451853632
2059,0.004849218763411,0.004849218763411
2060,0.0050142859108746,0.0050142859108746
2061,0.0050136959180235,0.0050136959180235
2062,0.0047823973000049,0.0047823973000049
2063,0.0049120583571493,0.0049120583571493
2064,0.0049664424732327,0.0049664424732327
2065,0.0048281545750796,0.0048281545750796
2066,0.0049734180793166,0.0049734180793166
2067,0.0050211260095238,0.0050211260095238
2068,0.0048403139226138,0.0048403139226138
2069,0.0048878332599997,0.0048878332599997
2070,0.004689201246947,0.004689201246947
2071,0.0048347907140851,0.0048347907140851
2072,0.0048906719312071,0.0048906719312071
2073,0.0048077520914375,0.0048077520914375
2074,0.0048211626708507,0.0048211626708507
2075,0.0047993473708629,0.0047993473708629
2076,0.0049767061136662,0.0049767061136662
2077,0.0048867673613131,0.0048867673613131
2078,0.0046884370967745,0.0046884370967745
2079,0.0049387631006538,0.0049387631006538
2080,0.0048570823855698,0.0048570823855698
2081,0.0050540193915367,0.0050540193915367
2082,0.0049020983278751,0.0049020983278751
2083,0.0050624753348529,0.0050624753348529
2084,0.0049228714779019,0.0049228714779019
2085,0.0047505027614533,0.0047505027614533
2086,0.0050570247694849,0.0050570247694849
2087,0.0048279273323714,0.0048279273323714
2088,0.0047808433882892,0.0047808433882892
2089,0.0047884341329336,0.0047884341329336
2090,0.0048720091581344,0.0048720091581344
2091,0.0048889024183154,0.0048889024183154
2092,0.0050375945866107,0.0050375945866107
2093,0.0048104524612426,0.0048104524612426
2094,0.0050839278846979,0.0050839278846979
2095,0.0048306565731763,0.0048306565731763
2096,0.0048642978072166,0.0048642978072166
2097,0.0047969571314752,0.0047969571314752
2098,0.0047944774851202,0.0047944774851202
2099,0.0050077149644494,0.0050077149644494
2100,0.0047270716167986,0.0047270716167986
2101,0.0049473126418888,0.0049473126418888
2102,0.004736847244203,0.004736847244203
2103,0.0048413197509944,0.0048413197509944
2104,0.0050665847957134,0.0050665847957134
2105,0.0048355548642575,0.0048355548642575
2106,0.0048139374703168,0.0048139374703168
2107,0.0047395285218954,0.0047395285218954
2108,0.0050054178573191,0.0050054178573191
2109,0.0047349873930215,0.0047349873930215
2110,0.0048603424802422,0.0048603424802422
2111,0.004773125052452,0.004773125052452
2112,0.0048685441724956,0.0048685441724956
2113,0.0050204675644636,0.0050204675644636
2114,0.0046757366508245,0.0046757366508245
2115,0.0048906011506915,0.0048906011506915
2116,0.0047593400813639,0.0047593400813639
2117,0.0051045641303062,0.0051045641303062
2118,0.0047680935822427,0.0047680935822427
2119,0.0046691908501088,0.0046691908501088
2120,0.0050197159871459,0.0050197159871459
2121,0.0049935993738472,0.0049935993738472
2122,0.0048090522177517,0.0048090522177517
2123,0.0047932704910635,0.0047932704910635
2124,0.0046179234050214,0.0046179234050214
2125,0.0050146565772593,0.0050146565772593
2126,0.004789968021214,0.004789968021214
2127,0.0049171028658747,0.0049171028658747
2128,0.0049405843019485,0.0049405843019485
2129,0.0047461735084652,0.0047461735084652
2130,0.0048966277390718,0.0048966277390718
2131,0.0047607789747416,0.0047607789747416
2132,0.0047770696692168,0.0047770696692168
2133,0.0047473120503127,0.0047473120503127
2134,0.0047522825188934,0.0047522825188934
2135,0.004975170828402,0.004975170828402
2136,0.0048903757706284,0.0048903757706284
2137,0.0048316800966858,0.0048316800966858
2138,0.0048086168244481,0.0048086168244481
2139,0.0048559559509158,0.0048559559509158
2140,0.004641608800739,0.004641608800739
2141,0.0046064332127571,0.0046064332127571
2142,0.004814535845071,0.004814535845071
2143,0.004588222131133,0.004588222131133
2144,0.0047628772445023,0.0047628772445023
2145,0.0047800247557461,0.0047800247557461
2146,0.0045830002054572,0.0045830002054572
2147,0.0045645898208022,0.0045645898208022
2148,0.0046483967453241,0.0046483967453241
2149,0.0046147587709128,0.0046147587709128
2150,0.0046330294571816,0.0046330294571816
2151,0.0044623431749641,0.0044623431749641
2152,0.0047455616295337,0.0047455616295337
2153,0.004461555276066,0.004461555276066
2154,0.0043124500662088,0.0043124500662088
2155,0.0042741950601339,0.0042741950601339
2156,0.0045221745967864,0.0045221745967864
2157,0.0044072633609175,0.0044072633609175
2158,0.0041982559487223,0.0041982559487223
2159,0.0042276247404515,0.0042276247404515
2160,0.00420034956187,0.00420034956187
2161,0.0043311286717653,0.0043311286717653
2162,0.0041768620721995,0.0041768620721995
2163,0.0041060140356421,0.0041060140356421
2164,0.0040829856880009,0.0040829856880009
2165,0.0040297899395227,0.0040297899395227
2166,0.0041293175891041,0.0041293175891041
2167,0.0042314920574426,0.0042314920574426
2168,0.0041622607968747,0.0041622607968747
2169,0.0042782225646078,0.0042782225646078
2170,0.0042818384245038,0.0042818384245038
2171,0.004135301336646,0.004135301336646
2172,0.0039934897795319,0.0039934897795319
2173,0.0039983661845326,0.0039983661845326
2174,0.0041416753083467,0.0041416753083467
2175,0.0042214267887175,0.0042214267887175
2176,0.0039670905098319,0.0039670905098319
2177,0.0040191388688981,0.0040191388688981
2178,0.0041087549179792,0.0041087549179792
2179,0.004257034510374,0.004257034510374
2180,0.0042590526863932,0.0042590526863932
2181,0.0044442531652748,0.0044442531652748
2182,0.0045075831003487,0.0045075831003487
2183,0.0041423076763749,0.0041423076763749
2184,0.0041787093505263,0.0041787093505263
2185,0.003994314931333,0.003994314931333
2186,0.0041509708389639,0.0041509708389639
2187,0.0041685551404953,0.0041685551404953
2188,0.0040995432063937,0.0040995432063937
2189,0.0041937325149774,0.0041937325149774
2190,0.0040534995496273,0.0040534995496273
2191,0.0039539961144328,0.0039539961144328
2192,0.0041977046057581,0.0041977046057581
2193,0.0038499089423567,0.0038499089423567
2194,0.0041006319224834,0.0041006319224834
2195,0.0040752566419541,0.0040752566419541
2196,0.0041344105266034,0.0041344105266034
2197,0.0040768641047179,0.0040768641047179
2198,0.003843005746603,0.003843005746603
2199,0.0043148882687091,0.0043148882687091
2200,0.0038926389534026,0.0038926389534026
2201,0.003989465534687,0.003989465534687
2202,0.0041222688741981,0.0041222688741981
2203,0.0043219965882599,0.0043219965882599
2204,0.0039787795394659,0.0039787795394659
2205,0.004149061627686,0.004149061627686
2206,0.0040405099280178,0.0040405099280178
2207,0.00424111681059,0.00424111681059
2208,0.004105282947421,0.004105282947421
2209,0.0037967122625559,0.0037967122625559
2210,0.0041667041368782,0.0041667041368782
2211,0.004102530889213,0.004102530889213
2212,0.0042721955105662,0.0042721955105662
2213,0.0042658923193812,0.0042658923193812
2214,0.0040432042442262,0.0040432042442262
2215,0.0041134958155453,0.0041134958155453
2216,0.0039082923904061,0.0039082923904061
2217,0.0041194697842001,0.0041194697842001
2218,0.0039586806669831,0.0039586806669831
2219,0.0040788832120597,0.0040788832120597
2220,0.0039380462840199,0.0039380462840199
2221,0.0038934578187763,0.0038934578187763
2222,0.0038617704994976,0.0038617704994976
2223,0.0041724955663084,0.0041724955663084
2224,0.0038911406882107,0.0038911406882107
2225,0.0040636206977069,0.0040636206977069
2226,0.0038955078925937,0.0038955078925937
2227,0.0039656581357121,0.0039656581357121
2228,0.0040313685312867,0.0040313685312867
2229,0.0041667511686682,0.0041667511686682
2230,0.0042077186517417,0.0042077186517417
2231,0.0040461239404976,0.0040461239404976
2232,0.0036976889241486,0.0036976889241486
2233,0.0040080486796796,0.0040080486796796
2234,0.0040425918996334,0.0040425918996334
2235,0.003961157053709,0.003961157053709
2236,0.0039435550570487,0.0039435550570487
2237,0.0039465008303523,0.0039465008303523
2238,0.0039489357732236,0.0039489357732236
2239,0.0038998501840978,0.0038998501840978
2240,0.0040393485687673,0.0040393485687673
2241,0.0039871660992503,0.0039871660992503
2242,0.0039720390923321,0.0039720390923321
2243,0.0041033942252397,0.0041033942252397
2244,0.0039302334189414,0.0039302334189414
2245,0.0040679359808564,0.0040679359808564
2246,0.0041616642847657,0.0041616642847657
2247,0.0039203627966344,0.0039203627966344
2248,0.0037770618218928,0.0037770618218928
2249,0.0039435396902263,0.0039435396902263
2250,0.0041944300755858,0.0041944300755858
2251,0.0039374749176204,0.0039374749176204
2252,0.0035675014369189,0.0035675014369189
2253,0.0040745064616203,0.0040745064616203
2254,0.0039790533483028,0.0039790533483028
2255,0.0039967820048332,0.0039967820048332
2256,0.0041413293220102,0.0041413293220102
2257,0.0039775967597961,0.0039775967597961
2258,0.0038278843276202,0.0038278843276202
2259,0.0039077699184417,0.0039077699184417
2260,0.004160666372627,0.004160666372627
2261,0.0042006522417068,0.0042006522417068
2262,0.0038995230570435,0.0038995230570435
2263,0.0037674203049391,0.0037674203049391
2264,0.0038515941705554,0.0038515941705554
2265,0.0042402977123856,0.0042402977123856
2266,0.0038936471100896,0.0038936471100896
2267,0.0040588281117379,0.0040588281117379
2268,0.0041441405192017,0.0041441405192017
2269,0.0041946452111005,0.0041946452111005
2270,0.0039234859868884,0.0039234859868884
2271,0.0039964690804481,0.0039964690804481
2272,0.0037097143940627,0.0037097143940627
2273,0.003949821460992,0.003949821460992
2274,0.0038830710109323,0.0038830710109323
2275,0.0038759822491556,0.0038759822491556
2276,0.0038238805718719,0.0038238805718719
2277,0.003842745674774,0.003842745674774
2278,0.0038113219197839,0.0038113219197839
2279,0.003802926512435,0.003802926512435
2280,0.0040585496462881,0.0040585496462881
2281,0.00416254485026,0.00416254485026
2282,0.0039557479321956,0.0039557479321956
2283,0.0039325118996202,0.0039325118996202
2284,0.0038157992530614,0.0038157992530614
2285,0.0039359554648399,0.0039359554648399
2286,0.0044114766642451,0.0044114766642451
2287,0.003919156268239,0.003919156268239
2288,0.0040487702935934,0.0040487702935934
2289,0.0041551464237272,0.0041551464237272
2290,0.0039897849783301,0.0039897849783301
2291,0.0043448763899505,0.0043448763899505
2292,0.0040610339492559,0.0040610339492559
2293,0.0042725554667413,0.0042725554667413
2294,0.0041267178021371,0.0041267178021371
2295,0.0037954058498144,0.0037954058498144
2296,0.0040317382663488,0.0040317382663488
2297,0.0041038026101887,0.0041038026101887
2298,0.0041409260593354,0.0041409260593354
2299,0.0038598347455263,0.0038598347455263
2300,0.0041052526794373,0.0041052526794373
2301,0.0040743630379438,0.0040743630379438
2302,0.0038825231604278,0.0038825231604278
2303,0.0041019576601684,0.0041019576601684
2304,0.0039568012580275,0.0039568012580275
2305,0.0041235038079321,0.0041235038079321
2306,0.004011872690171,0.004011872690171
2307,0.0041348417289555,0.0041348417289555
2308,0.0038916221819818,0.0038916221819818
2309,0.0040427958592772,0.0040427958592772
2310,0.0040895417332649,0.0040895417332649
2311,0.0038414108566939,0.0038414108566939
2312,0.0041359951719641,0.0041359951719641
2313,0.0038747116923332,0.0038747116923332
2314,0.0040088365785777,0.0040088365785777
2315,0.0038540482055395,0.0038540482055395
2316,0.0040719057433307,0.0040719057433307
2317,0.0038281441666185,0.0038281441666185
2318,0.0039288941770792,0.0039288941770792
2319,0.0039039296098053,0.0039039296098053
2320,0.0039526373147964,0.0039526373147964
2321,0.0036091932561248,0.0036091932561248
2322,0.0039263991639018,0.0039263991639018
2323,0.0038262864109128,0.0038262864109128
2324,0.0039481595158576,0.0039481595158576
2325,0.0039169788360595,0.0039169788360595
2326,0.0038537662476301,0.0038537662476301
2327,0.0038097049109637,0.0038097049109637
2328,0.0037643092218786,0.0037643092218786
2329,0.0037638880312442,0.0037638880312442
2330,0.0039237518794834,0.0039237518794834
2331,0.0042218803428113,0.0042218803428113
2332,0.0039773043245077,0.0039773043245077
2333,0.0038937050849199,0.0038937050849199
2334,0.0041077770292758,0.0041077770292758
2335,0.0038886403199285,0.0038886403199285
2336,0.0040428871288895,0.0040428871288895
2337,0.0039387997239828,0.0039387997239828
2338,0.0041555003263056,0.0041555003263056
2339,0.0040931743569672,0.0040931743569672
2340,0.0037422815803438,0.0037422815803438
2341,0.0039928024634718,0.0039928024634718
2342,0.0038763738702982,0.0038763738702982
2343,0.003772277617827,0.003772277617827
2344,0.0038711547385901,0.0038711547385901
2345,0.0039516538381576,0.0039516538381576
2346,0.0038777547888457,0.0038777547888457
2347,0.0039962106384336,0.0039962106384336
2348,0.0038811846170574,0.0038811846170574
2349,0.0038850223645567,0.0038850223645567
2350,0.0040090414695441,0.0040090414695441
2351,0.0040418310090899,0.0040418310090899
2352,0.0039538592100143,0.0039538592100143
2353,0.0040341634303331,0.0040341634303331
2354,0.0039207283407449,0.0039207283407449
2355,0.0037293322384357,0.0037293322384357
2356,0.0038929090369492,0.0038929090369492
2357,0.0040673660114407,0.0040673660114407
2358,0.0039113657549023,0.0039113657549023
2359,0.0039116945117712,0.0039116945117712
2360,0.0041218642145395,0.0041218642145395
2361,0.0037512595299631,0.0037512595299631
2362,0.0038314466364681,0.0038314466364681
2363,0.0036931633949279,0.0036931633949279
2364,0.0037716291844844,0.0037716291844844
2365,0.0036608250811696,0.0036608250811696
2366,0.0039323065429925,0.0039323065429925
2367,0.0038064767140895,0.0038064767140895
2368,0.0038990615867078,0.0038990615867078
2369,0.0040150913409888,0.0040150913409888
2370,0.0039825537241995,0.0039825537241995
2371,0.0043415231630206,0.0043415231630206
2372,0.0039160614833235,0.0039160614833235
2373,0.0041865482926368,0.0041865482926368
2374,0.0039180377498269,0.0039180377498269
2375,0.0041509880684316,0.0041509880684316
2376,0.0039490088820457,0.0039490088820457
2377,0.0039203953929245,0.0039203953929245
2378,0.0040356330573558,0.0040356330573558
2379,0.0040032109245657,0.0040032109245657
2380,0.0042252261191606,0.0042252261191606
2381,0.0039332997985184,0.0039332997985184
2382,0.0039367033168673,0.0039367033168673
2383,0.0039755571633577,0.0039755571633577
2384,0.0039487299509346,0.0039487299509346
2385,0.0040376270189881,0.0040376270189881
2386,0.0040890322998166,0.0040890322998166
2387,0.0038493638858199,0.0038493638858199
2388,0.003989711869508,0.003989711869508
2389,0.0039584138430655,0.0039584138430655
2390,0.0042441855184733,0.0042441855184733
2391,0.003902330296114,0.003902330296114
2392,0.0039175939746201,0.0039175939746201
2393,0.0040403776802122,0.0040403776802122
2394,0.0040138009935617,0.0040138009935617
2395,0.0037649190053343,0.0037649190053343
2396,0.0038967572618275,0.0038967572618275
2397,0.0041593662463128,0.0041593662463128
2398,0.0042640534229576,0.0042640534229576
2399,0.004156996961683,0.004156996961683
2400,0.0039682486094534,0.0039682486094534
2401,0.0037853312678635,0.0037853312678635
2402,0.0039620157331228,0.0039620157331228
2403,0.0041928249411284,0.0041928249411284
2404,0.0037790210917592,0.0037790210917592
2405,0.0039227856323122,0.0039227856323122
2406,0.0039241900667548,0.0039241900667548
2407,0.0040724757127463,0.0040724757127463
2408,0.0039683287031948,0.0039683287031948
2409,0.0040794806554913,0.0040794806554913
2410,0.0036826250143349,0.0036826250143349
2411,0.0040627308189868,0.0040627308189868
2412,0.0040322858840227,0.0040322858840227
2413,0.0039044329896569,0.0039044329896569
2414,0.0040078456513583,0.0040078456513583
2415,0.0039423201233148,0.0039423201233148
2416,0.00388869876042,0.00388869876042
2417,0.0039908806793391,0.0039908806793391
2418,0.0040996400639414,0.0040996400639414
2419,0.0041183270514011,0.0041183270514011
2420,0.0039172205142676,0.0039172205142676
2421,0.0041657481342554,0.0041657481342554
2422,0.0041164555586874,0.0041164555586874
2423,0.0039583430625498,0.0039583430625498
2424,0.0041087893769145,0.0041087893769145
2425,0.0040499963797628,0.0040499963797628
2426,0.0039225881919264,0.0039225881919264
2427,0.0039632003754377,0.0039632003754377
2428,0.0038430108688771,0.0038430108688771
2429,0.0038365037180483,0.0038365037180483
2430,0.0040358463302254,0.0040358463302254
2431,0.0038429123815149,0.0038429123815149
2432,0.0038748679216951,0.0038748679216951
2433,0.003999013453722,0.003999013453722
2434,0.0037136732134968,0.0037136732134968
2435,0.0040397122502326,0.0040397122502326
2436,0.003938715904951,0.003938715904951
2437,0.0038439561612904,0.0038439561612904
2438,0.003877978073433,0.003877978073433
2439,0.0039651161059737,0.0039651161059737
2440,0.0037513524293899,0.0037513524293899
2441,0.0039441492408514,0.0039441492408514
2442,0.003848863299936,0.003848863299936
2443,0.0036476419772952,0.0036476419772952
2444,0.0037205151747912,0.0037205151747912
2445,0.0038618510589003,0.0038618510589003
2446,0.0039089759811758,0.0039089759811758
2447,0.0038743293844163,0.0038743293844163
2448,0.0039022886194288,0.0039022886194288
2449,0.0039852536283433,0.0039852536283433
2450,0.0038872882723808,0.0038872882723808
2451,0.0040740212425589,0.0040740212425589
2452,0.0038648645859211,0.0038648645859211
2453,0.0036194496788084,0.0036194496788084
2454,0.0039188973605632,0.0039188973605632
2455,0.0039445622824132,0.0039445622824132
2456,0.003943046554923,0.003943046554923
2457,0.0038100918754935,0.0038100918754935
2458,0.0037036428693681,0.0037036428693681
2459,0.0038324419874697,0.0038324419874697
2460,0.0041151670739054,0.0041151670739054
2461,0.0039948616176843,0.0039948616176843
2462,0.0039267847314476,0.0039267847314476
2463,0.0038157103117555,0.0038157103117555
2464,0.0042127021588385,0.0042127021588385
2465,0.0038834810256958,0.0038834810256958
2466,0.0039487909525632,0.0039487909525632
2467,0.0039724572561681,0.0039724572561681
2468,0.0041347192600369,0.0041347192600369
2469,0.0039396048523485,0.0039396048523485
2470,0.0041962005198001,0.0041962005198001
2471,0.0040502287447452,0.0040502287447452
2472,0.0037431640084832,0.0037431640084832
2473,0.0038243033923208,0.0038243033923208
2474,0.0038960636593401,0.0038960636593401
2475,0.0039987172931432,0.0039987172931432
2476,0.0039505274035036,0.0039505274035036
2477,0.0038580736145377,0.0038580736145377
2478,0.0039263954386115,0.0039263954386115
2479,0.0037578674964606,0.0037578674964606
2480,0.0041018747724592,0.0041018747724592
2481,0.004111124202609,0.004111124202609
2482,0.0039187027141451,0.0039187027141451
2483,0.0039172647520899,0.0039172647520899
2484,0.0041016419418156,0.0041016419418156
2485,0.0041079334914684,0.0041079334914684
2486,0.0035492628812789,0.0035492628812789
2487,0.0038512542378157,0.0038512542378157
2488,0.0039087012410163,0.0039087012410163
2489,0.0039437869563698,0.0039437869563698
2490,0.003886193037033,0.003886193037033
2491,0.0040577976033091,0.0040577976033091
2492,0.0038706320337951,0.0038706320337951
2493,0.0036980092991143,0.0036980092991143
2494,0.0040246276184916,0.0040246276184916
2495,0.0039956490509212,0.0039956490509212
2496,0.0039466074667871,0.0039466074667871
2497,0.0038073861505836,0.0038073861505836
2498,0.0040007270872592,0.0040007270872592
2499,0.0038801624905318,0.0038801624905318
2500,0.0038286596536636,0.0038286596536636
2501,0.0037335415836423,0.0037335415836423
2502,0.0039205625653266,0.0039205625653266
2503,0.0038704604376107,0.0038704604376107
2504,0.0039555914700031,0.0039555914700031
2505,0.0040664654225111,0.0040664654225111
2506,0.0039100255817174,0.0039100255817174
2507,0.0039442023262381,0.0039442023262381
2508,0.0040072901174426,0.0040072901174426
2509,0.0037587080150842,0.0037587080150842
2510,0.0040313261561095,0.0040313261561095
2511,0.0039279824122786,0.0039279824122786
2512,0.0041161482222378,0.0041161482222378
2513,0.0040166089311242,0.0040166089311242
2514,0.003987040836364,0.003987040836364
2515,0.0041307597421109,0.0041307597421109
2516,0.0040889931842684,0.0040889931842684
2517,0.0038985344581305,0.0038985344581305
2518,0.0039155506528913,0.0039155506528913
2519,0.0038830712437629,0.0038830712437629
2520,0.0039682765491306,0.0039682765491306
2521,0.0040407581254839,0.0040407581254839
2522,0.0038824323564767,0.0038824323564767
2523,0.0038459787610918,0.0038459787610918
2524,0.0037965080700814,0.0037965080700814
2525,0.0040103788487613,0.0040103788487613
2526,0.0038534589111804,0.0038534589111804
2527,0.0038263741880655,0.0038263741880655
2528,0.0039970893412828,0.0039970893412828
2529,0.0038257734850049,0.0038257734850049
2530,0.0039400765672326,0.0039400765672326
2531,0.0039516142569482,0.0039516142569482
2532,0.0038485554978251,0.0038485554978251
2533,0.0040000611916184,0.0040000611916184
2534,0.0042387042194604,0.0042387042194604
2535,0.0038063067477196,0.0038063067477196
2536,0.0037967287935316,0.0037967287935316
2537,0.0036845905706286,0.0036845905706286
2538,0.003891056869179,0.003891056869179
2539,0.0038775424472987,0.0038775424472987
2540,0.0039273099973797,0.0039273099973797
2541,0.0038452113512903,0.0038452113512903
2542,0.0036497330293059,0.0036497330293059
2543,0.003744140965864,0.003744140965864
2544,0.0038659228011965,0.0038659228011965
2545,0.0037953536957502,0.0037953536957502
2546,0.0038457438349723,0.0038457438349723
2547,0.0039144000038504,0.0039144000038504
2548,0.0037403178866952,0.0037403178866952
2549,0.0038339584134519,0.0038339584134519
2550,0.0040565626695752,0.0040565626695752
2551,0.0041281753219664,0.0041281753219664
2552,0.0040295422077178,0.0040295422077178
2553,0.0039429171010851,0.0039429171010851
2554,0.003984042443335,0.003984042443335
2555,0.0036114905960857,0.0036114905960857
2556,0.0037692829500883,0.0037692829500883
2557,0.0040355040691792,0.0040355040691792
2558,0.00377700291574,0.00377700291574
2559,0.0039416188374161,0.0039416188374161
2560,0.0038391579873859,0.0038391579873859
2561,0.0038101586978882,0.0038101586978882
2562,0.0037786345928907,0.0037786345928907
2563,0.0037812241353094,0.0037812241353094
2564,0.0040490892715752,0.0040490892715752
2565,0.0040086423978209,0.0040086423978209
2566,0.0039589256048202,0.0039589256048202
2567,0.0039057221729308,0.0039057221729308
2568,0.0038077475037425,0.0038077475037425
2569,0.0037882016040384,0.0037882016040384
2570,0.0039186114445328,0.0039186114445328
2571,0.0037910132668912,0.0037910132668912
2572,0.003856390947476,0.003856390947476
2573,0.0037452520336955,0.0037452520336955
2574,0.0040194666944444,0.0040194666944444
2575,0.0038805343210697,0.0038805343210697
2576,0.0040397578850388,0.0040397578850388
2577,0.0039709573611617,0.0039709573611617
2578,0.0040022865869104,0.0040022865869104
2579,0.0037500266917049,0.0037500266917049
2580,0.0041722613386809,0.0041722613386809
2581,0.0043313317000865,0.0043313317000865
2582,0.0039936797693371,0.0039936797693371
2583,0.0037593189626932,0.0037593189626932
2584,0.0039836401119828,0.0039836401119828
2585,0.0042626755312085,0.0042626755312085
2586,0.0040913494303822,0.0040913494303822
2587,0.0038122558034956,0.0038122558034956
2588,0.0040417877025902,0.0040417877025902
2589,0.0043070255778729,0.0043070255778729
2590,0.0039744214154779,0.0039744214154779
2591,0.0040623466484248,0.0040623466484248
2592,0.0038883418310433,0.0038883418310433
2593,0.0039745131507515,0.0039745131507515
2594,0.0041195699013769,0.0041195699013769
2595,0.0041414937004446,0.0041414937004446
2596,0.003880402771756,0.003880402771756
2597,0.0039896490052342,0.0039896490052342
2598,0.0040148640982806,0.0040148640982806
2599,0.0039035172667354,0.0039035172667354
2600,0.003901703748852,0.003901703748852
2601,0.0038547911681234,0.0038547911681234
2602,0.0038832807913422,0.0038832807913422
2603,0.0039550834335386,0.0039550834335386
2604,0.0037789985071867,0.0037789985071867
2605,0.0041854055598378,0.0041854055598378
2606,0.0040043829940259,0.0040043829940259
2607,0.0039263432845473,0.0039263432845473
2608,0.0040475232526659,0.0040475232526659
2609,0.0039449189789593,0.0039449189789593
2610,0.0041387272067368,0.0041387272067368
2611,0.0038061158265918,0.0038061158265918
2612,0.0038034473545849,0.0038034473545849
2613,0.0041163163259625,0.0041163163259625
2614,0.0038774965796619,0.0038774965796619
2615,0.0040997667238116,0.0040997667238116
2616,0.0039632353000342,0.0039632353000342
2617,0.0039598033763468,0.0039598033763468
2618,0.0038772262632846,0.0038772262632846
2619,0.0039207627996802,0.0039207627996802
2620,0.0038844123482704,0.0038844123482704
2621,0.00412531895563,0.00412531895563
2622,0.0039653233252465,0.0039653233252465
2623,0.0038359907921403,0.0038359907921403
2624,0.0039372965693473,0.0039372965693473
2625,0.0038847378455102,0.0038847378455102
2626,0.003946668934077,0.003946668934077
2627,0.004007747862488,0.004007747862488
2628,0.0038063249085098,0.0038063249085098
2629,0.0037228888832032,0.0037228888832032
2630,0.0038284687325358,0.0038284687325358
2631,0.0038482788950204,0.0038482788950204
2632,0.003766918554902,0.003766918554902
2633,0.0038129901513457,0.0038129901513457
2634,0.0040309764444828,0.0040309764444828
2635,0.0040008323267102,0.0040008323267102
2636,0.0036933557130396,0.0036933557130396
2637,0.0038503371179103,0.0038503371179103
2638,0.0039331698790192,0.0039331698790192
2639,0.0040657827630639,0.0040657827630639
2640,0.0039122235029935,0.0039122235029935
2641,0.0037322775460779,0.0037322775460779
2642,0.003696579253301,0.003696579253301
2643,0.0038453878369182,0.0038453878369182
2644,0.0039594424888491,0.0039594424888491
2645,0.0039527267217636,0.0039527267217636
2646,0.0040768571197986,0.0040768571197986
2647,0.0038504500407725,0.0038504500407725
2648,0.0041852658614516,0.0041852658614516
2649,0.0040389108471572,0.0040389108471572
2650,0.0038390213157981,0.0038390213157981
2651,0.0037556767929345,0.0037556767929345
2652,0.0037290477193892,0.0037290477193892
2653,0.0038514542393386,0.0038514542393386
2654,0.0039489855989813,0.0039489855989813
2655,0.0040654405020177,0.0040654405020177
2656,0.0039132172241806,0.0039132172241806
2657,0.003808437148109,0.003808437148109
2658,0.0038793620187789,0.0038793620187789
2659,0.0039834068156778,0.0039834068156778
2660,0.0039397133514285,0.0039397133514285
2661,0.0038354203570634,0.0038354203570634
2662,0.0038354822900146,0.0038354822900146
2663,0.0040595973841845,0.0040595973841845
2664,0.0037633110769093,0.0037633110769093
2665,0.0038487410638481,0.0038487410638481
2666,0.003766601672396,0.003766601672396
2667,0.003876258386299,0.003876258386299
2668,0.0036674153525382,0.0036674153525382
2669,0.0038927365094423,0.0038927365094423
2670,0.0039133979007601,0.0039133979007601
2671,0.0038294652476906,0.0038294652476906
2672,0.0038518197834491,0.0038518197834491
2673,0.0040475185960531,0.0040475185960531
2674,0.003913814201951,0.003913814201951
2675,0.0038779431488364,0.0038779431488364
2676,0.0037077895831316,0.0037077895831316
2677,0.0037987967953085,0.0037987967953085
2678,0.0039329719729721,0.0039329719729721
2679,0.0039998898282647,0.0039998898282647
2680,0.0038615888915956,0.0038615888915956
2681,0.0037247973959892,0.0037247973959892
2682,0.0037696631625294,0.0037696631625294
2683,0.0036552890669554,0.0036552890669554
2684,0.0039677321910858,0.0039677321910858
2685,0.0040230443701148,0.0040230443701148
2686,0.0040379618294537,0.0040379618294537
2687,0.0036330930888652,0.0036330930888652
2688,0.0037262383848428,0.0037262383848428
2689,0.0040089301764965,0.0040089301764965
2690,0.0040148980915546,0.0040148980915546
2691,0.0039900904521346,0.0039900904521346
2692,0.0041109314188361,0.0041109314188361
2693,0.0038985593710094,0.0038985593710094
2694,0.0039606494829058,0.0039606494829058
2695,0.0038738960865885,0.0038738960865885
2696,0.0038041011430323,0.0038041011430323
2697,0.0039066891185939,0.0039066891185939
2698,0.0039966325275599,0.0039966325275599
2699,0.0039115999825298,0.0039115999825298
2700,0.0038103661499917,0.0038103661499917
2701,0.0039137187413871,0.0039137187413871
2702,0.0039931386709213,0.0039931386709213
2703,0.0038589627947658,0.0038589627947658
2704,0.0039059766568243,0.0039059766568243
2705,0.0040962696075439,0.0040962696075439
2706,0.0040714037604629,0.0040714037604629
2707,0.0042906845919787,0.0042906845919787
2708,0.0040949531830847,0.0040949531830847
2709,0.0040776282548904,0.0040776282548904
2710,0.0038693675305694,0.0038693675305694
2711,0.0038604650180786,0.0038604650180786
2712,0.0039312252774834,0.0039312252774834
2713,0.003981948364526,0.003981948364526
2714,0.0040338141843676,0.0040338141843676
2715,0.0039762398228049,0.0039762398228049
2716,0.0042449072934687,0.0042449072934687
2717,0.0039182538166642,0.0039182538166642
2718,0.003939913585782,0.003939913585782
2719,0.0038249075878411,0.0038249075878411
2720,0.0040588290430605,0.0040588290430605
2721,0.0038629171904176,0.0038629171904176
2722,0.00399433914572,0.00399433914572
2723,0.0036257274914532,0.0036257274914532
2724,0.0038610564079135,0.0038610564079135
2725,0.0039898445829749,0.0039898445829749
2726,0.0040816683322191,0.0040816683322191
2727,0.004053998272866,0.004053998272866
2728,0.0037568726111203,0.0037568726111203
2729,0.003939090296626,0.003939090296626
2730,0.0038628503680229,0.0038628503680229
2731,0.0040980139747262,0.0040980139747262
2732,0.0041286260820925,0.0041286260820925
2733,0.0040546003729105,0.0040546003729105
2734,0.003832145826891,0.003832145826891
2735,0.0039871511980891,0.0039871511980891
2736,0.0039082076400518,0.0039082076400518
2737,0.0039329077117145,0.0039329077117145
2738,0.0040125441737473,0.0040125441737473
2739,0.0039076856337487,0.0039076856337487
2740,0.0038177329115569,0.0038177329115569
2741,0.0039344923570752,0.0039344923570752
2742,0.0039436570368707,0.0039436570368707
2743,0.0037757519166916,0.0037757519166916
2744,0.0039883898571133,0.0039883898571133
2745,0.0039086490869522,0.0039086490869522
2746,0.0038931570015847,0.0038931570015847
2747,0.0039746700786054,0.0039746700786054
2748,0.0037871652748435,0.0037871652748435
2749,0.0039019687101244,0.0039019687101244
2750,0.0039369026198983,0.0039369026198983
2751,0.0038012755103409,0.0038012755103409
2752,0.0037863042671233,0.0037863042671233
2753,0.0041445270180702,0.0041445270180702
2754,0.0037710180040448,0.0037710180040448
2755,0.0041048387065529,0.0041048387065529
2756,0.0039396830834448,0.0039396830834448
2757,0.0040768329054117,0.0040768329054117
2758,0.0040239682421088,0.0040239682421088
2759,0.0038762395270168,0.0038762395270168
2760,0.0039358800277113,0.0039358800277113
2761,0.0041145924478769,0.0041145924478769
2762,0.0040079094469547,0.0040079094469547
2763,0.0038417123723775,0.0038417123723775
2764,0.0041275098919868,0.0041275098919868
2765,0.0039700800552964,0.0039700800552964
2766,0.0037399637512862,0.0037399637512862
2767,0.0038169878534972,0.0038169878534972
2768,0.0038488944992423,0.0038488944992423
2769,0.003984386101365,0.003984386101365
2770,0.0038690390065312,0.0038690390065312
2771,0.0038877658080309,0.0038877658080309
2772,0.0037092177662998,0.0037092177662998
2773,0.0036770263686776,0.0036770263686776
2774,0.0037803673185408,0.0037803673185408
2775,0.0040795151144266,0.0040795151144266
2776,0.0038255031686276,0.0038255031686276
2777,0.003916255198419,0.003916255198419
2778,0.0038047088310122,0.0038047088310122
2779,0.0039858557283878,0.0039858557283878
2780,0.0039411047473549,0.0039411047473549
2781,0.0038536400534212,0.0038536400534212
2782,0.0036875980440527,0.0036875980440527
2783,0.0039203157648444,0.0039203157648444
2784,0.0039721112698316,0.0039721112698316
2785,0.0038450851570814,0.0038450851570814
2786,0.0038411815185099,0.0038411815185099
2787,0.0037776669487357,0.0037776669487357
2788,0.0036596825812011,0.0036596825812011
2789,0.0037903217598795,0.0037903217598795
2790,0.0038151638582348,0.0038151638582348
2791,0.0037245023995637,0.0037245023995637
2792,0.0039387261494994,0.0039387261494994
2793,0.0039922413416206,0.0039922413416206
2794,0.003857547417283,0.003857547417283
2795,0.0037408131174743,0.0037408131174743
2796,0.003805998712778,0.003805998712778
2797,0.0036838750820606,0.0036838750820606
2798,0.0040110568515956,0.0040110568515956
2799,0.003780850674957,0.003780850674957
2800,0.0039442488923668,0.0039442488923668
2801,0.0036526406183838,0.0036526406183838
2802,0.0041262619197368,0.0041262619197368
2803,0.0038532987236976,0.0038532987236976
2804,0.0039006103761494,0.0039006103761494
2805,0.0040020835585892,0.0040020835585892
2806,0.0041100699454545,0.0041100699454545
2807,0.0040254308842122,0.0040254308842122
2808,0.0037018966395407,0.0037018966395407
2809,0.0038715726695954,0.0038715726695954
2810,0.0041990932077169,0.0041990932077169
2811,0.0038225399330258,0.0038225399330258
2812,0.0036592988763004,0.0036592988763004
2813,0.0039542806334793,0.0039542806334793
2814,0.0037730357144027,0.0037730357144027
2815,0.003764156717807,0.003764156717807
2816,0.0037149279378354,0.0037149279378354
2817,0.0038959477096796,0.0038959477096796
2818,0.003744630375877,0.003744630375877
2819,0.003688518423587,0.003688518423587
2820,0.0039691817946732,0.0039691817946732
2821,0.0039702085778117,0.0039702085778117
2822,0.0037640128284692,0.0037640128284692
2823,0.003866345854476,0.003866345854476
2824,0.0036910399794578,0.0036910399794578
2825,0.0037745537701994,0.0037745537701994
2826,0.0040068412199616,0.0040068412199616
2827,0.0036906381137669,0.0036906381137669
2828,0.0039914455264806,0.0039914455264806
2829,0.0039553027600049,0.0039553027600049
2830,0.0040374817326664,0.0040374817326664
2831,0.0039198268204927,0.0039198268204927
2832,0.0037838402204215,0.0037838402204215
2833,0.0039510680362582,0.0039510680362582
2834,0.0037456802092492,0.0037456802092492
2835,0.0040109762921929,0.0040109762921929
2836,0.0038784274365752,0.0038784274365752
2837,0.0038597392849624,0.0038597392849624
2838,0.0038500591181218,0.0038500591181218
2839,0.0039169737137854,0.0039169737137854
2840,0.0038791841361671,0.0038791841361671
2841,0.0037715914659202,0.0037715914659202
2842,0.0038933104369789,0.0038933104369789
2843,0.0037416310515254,0.0037416310515254
2844,0.0039315056055784,0.0039315056055784
2845,0.0039140544831752,0.0039140544831752
2846,0.0037766052410006,0.0037766052410006
2847,0.003810005960986,0.003810005960986
2848,0.0039499718695878,0.0039499718695878
2849,0.0036809223238378,0.0036809223238378
2850,0.004049448762089,0.004049448762089
2851,0.0037571652792394,0.0037571652792394
2852,0.0039118742570281,0.0039118742570281
2853,0.0038763943593949,0.0038763943593949
2854,0.0038725624326616,0.0038725624326616
2855,0.0037530297413468,0.0037530297413468
2856,0.0038967512082308,0.0038967512082308
2857,0.0037910479586571,0.0037910479586571
2858,0.0039196074940264,0.0039196074940264
2859,0.0039385403506457,0.0039385403506457
2860,0.0040095611475408,0.0040095611475408
2861,0.0036622425541281,0.0036622425541281
2862,0.0037700720131397,0.0037700720131397
2863,0.0039566969498991,0.0039566969498991
2864,0.0038100213278084,0.0038100213278084
2865,0.0037862444296479,0.0037862444296479
2866,0.0036601540632545,0.0036601540632545
2867,0.0038029891438782,0.0038029891438782
2868,0.0039103645831346,0.0039103645831346
2869,0.0039821579121053,0.0039821579121053
2870,0.0039237951859831,0.0039237951859831
2871,0.003916198387742,0.003916198387742
2872,0.0041675502434372,0.0041675502434372
2873,0.0038623972795903,0.0038623972795903
2874,0.0038109861779958,0.0038109861779958
2875,0.0036450517363846,0.0036450517363846
2876,0.0038210358470678,0.0038210358470678
2877,0.0038451983127743,0.0038451983127743
2878,0.003944493830204,0.003944493830204
2879,0.0036762342788279,0.0036762342788279
2880,0.0038690820802003,0.0038690820802003
2881,0.0036489800550043,0.0036489800550043
2882,0.0038570824544876,0.0038570824544876
2883,0.0038211785722523,0.0038211785722523
2884,0.0038366708904504,0.0038366708904504
2885,0.0038763873744755,0.0038763873744755
2886,0.0039124684408307,0.0039124684408307
2887,0.0041025280952453,0.0041025280952453
2888,0.0040359054692089,0.0040359054692089
2889,0.0038139142561703,0.0038139142561703
2890,0.0040621934458613,0.0040621934458613
2891,0.0039180717431008,0.0039180717431008
2892,0.0037068377714604,0.0037068377714604
2893,0.0039293626323342,0.0039293626323342
2894,0.0039524515159428,0.0039524515159428
2895,0.0038697032723575,0.0038697032723575
2896,0.0040331347845494,0.0040331347845494
2897,0.0043247444555163,0.0043247444555163
2898,0.0038287807255983,0.0038287807255983
2899,0.0036793844774365,0.0036793844774365
2900,0.0040438771247863,0.0040438771247863
2901,0.0040530548430979,0.0040530548430979
2902,0.0040894136764109,0.0040894136764109
2903,0.0039887125603854,0.0039887125603854
2904,0.0037898062728345,0.0037898062728345
2905,0.0040221428498625,0.0040221428498625
2906,0.0039066155441105,0.0039066155441105
2907,0.0037724014837294,0.0037724014837294
2908,0.0039218161255121,0.0039218161255121
2909,0.0039676865562796,0.0039676865562796
2910,0.004009349271655,0.004009349271655
2911,0.0038517815992236,0.0038517815992236
2912,0.0041179861873388,0.0041179861873388
2913,0.0038695507682859,0.0038695507682859
2914,0.0041215377859771,0.0041215377859771
2915,0.0039833905175328,0.0039833905175328
2916,0.0038762397598475,0.0038762397598475
2917,0.0037864267360419,0.0037864267360419
2918,0.0038773007690906,0.0038773007690906
2919,0.0039331000298261,0.0039331000298261
2920,0.0039753438904881,0.0039753438904881
2921,0.0038054711185395,0.0038054711185395
2922,0.0039231479167938,0.0039231479167938
2923,0.003958779387176,0.003958779387176
2924,0.0037725011352449,0.0037725011352449
2925,0.0038568612653762,0.0038568612653762
2926,0.0038860279601067,0.0038860279601067
2927,0.0037508911918848,0.0037508911918848
2928,0.0039597200229763,0.0039597200229763
2929,0.0038110916502773,0.0038110916502773
2930,0.0037719188258051,0.0037719188258051
2931,0.0038796795997768,0.0038796795997768
2932,0.0038158253300935,0.0038158253300935
2933,0.0039435653015971,0.0039435653015971
2934,0.0038756160065531,0.0038756160065531
2935,0.0038627076428383,0.0038627076428383
2936,0.0040376116521656,0.0040376116521656
2937,0.0039225039072334,0.0039225039072334
2938,0.0038848381955176,0.0038848381955176
2939,0.0039187744259834,0.0039187744259834
2940,0.0039700837805867,0.0039700837805867
2941,0.0038900692015886,0.0038900692015886
2942,0.0039756568148732,0.0039756568148732
2943,0.0037955089937895,0.0037955089937895
2944,0.0039294213056564,0.0039294213056564
2945,0.0038038468919694,0.0038038468919694
2946,0.0035477990750223,0.0035477990750223
2947,0.0038898012135177,0.0038898012135177
2948,0.004018563311547,0.004018563311547
2949,0.0039990618824958,0.0039990618824958
2950,0.003993303515017,0.003993303515017
2951,0.0040989774279296,0.0040989774279296
2952,0.0040882397443056,0.0040882397443056
2953,0.0038186993915587,0.0038186993915587
2954,0.0041158217936754,0.0041158217936754
2955,0.0040673748590052,0.0040673748590052
2956,0.0040738191455602,0.0040738191455602
2957,0.0038728131912648,0.0038728131912648
2958,0.0039896490052342,0.0039896490052342
2959,0.0037897252477705,0.0037897252477705
2960,0.0038929199799895,0.0038929199799895
2961,0.0039264615625143,0.0039264615625143
2962,0.0038684110622853,0.0038684110622853
2963,0.0040755569934844,0.0040755569934844
2964,0.0035978597588837,0.0035978597588837
2965,0.0039194542914628,0.0039194542914628
2966,0.003901386167854,0.003901386167854
2967,0.0037303874269127,0.0037303874269127
2968,0.0038305304478853,0.0038305304478853
2969,0.0039989198558032,0.0039989198558032
2970,0.0039034914225339,0.0039034914225339
2971,0.0037804304156452,0.0037804304156452
2972,0.0039453594945371,0.0039453594945371
2973,0.0037889482919126,0.0037889482919126
2974,0.0039232871495187,0.0039232871495187
2975,0.0040014311671257,0.0040014311671257
2976,0.0037699101958423,0.0037699101958423
2977,0.0039551826193928,0.0039551826193928
2978,0.0038059968501329,0.0038059968501329
2979,0.0038303243927657,0.0038303243927657
2980,0.0038182968273758,0.0038182968273758
2981,0.0039576794952154,0.0039576794952154
2982,0.0038900501094758,0.0038900501094758
2983,0.0036786780692636,0.0036786780692636
2984,0.0041633867658674,0.0041633867658674
2985,0.0037272486370056,0.0037272486370056
2986,0.0037735337391495,0.0037735337391495
2987,0.0039570750668644,0.0039570750668644
2988,0.0040633641183376,0.0040633641183376
2989,0.0036927033215761,0.0036927033215761
2990,0.0038889492861926,0.0038889492861926
2991,0.004122597631067,0.004122597631067
2992,0.003988622687757,0.003988622687757
2993,0.0039673279970884,0.0039673279970884
2994,0.0038017353508621,0.0038017353508621
2995,0.0037837668787688,0.0037837668787688
2996,0.0038850263226777,0.0038850263226777
2997,0.0038218102417886,0.0038218102417886
2998,0.0039727766998112,0.0039727766998112
2999,0.0038878393825143,0.0038878393825143
3000,0.0037399558350443,0.0037399558350443
3001,0.0037997055333107,0.0037997055333107
3002,0.0038302578032016,0.0038302578032016
3003,0.0039134537801146,0.0039134537801146
3004,0.0039372388273477,0.0039372388273477
3005,0.0038657626137137,0.0038657626137137
3006,0.0039346325211226,0.0039346325211226
3007,0.0036762950476258,0.0036762950476258
3008,0.0038678233977407,0.0038678233977407
3009,0.003798161400482,0.003798161400482
3010,0.003838307224214,0.003838307224214
3011,0.0037486015353351,0.0037486015353351
3012,0.0037167519330978,0.0037167519330978
3013,0.0039129024371504,0.0039129024371504
3014,0.0036493728403002,0.0036493728403002
3015,0.0037624204996973,0.0037624204996973
3016,0.004106193780899,0.004106193780899
3017,0.0040336772799491,0.0040336772799491
3018,0.00389508693479,0.00389508693479
3019,0.0039341850206255,0.0039341850206255
3020,0.0038215552922338,0.0038215552922338
3021,0.0038224605377763,0.0038224605377763
3022,0.0041671572253108,0.0041671572253108
3023,0.0038847734685987,0.0038847734685987
3024,0.003939869813621,0.003939869813621
3025,0.0038102644030004,0.0038102644030004
3026,0.0040725823491811,0.0040725823491811
3027,0.0038194828666746,0.0038194828666746
3028,0.0037376570980995,0.0037376570980995
3029,0.0035715911071747,0.0035715911071747
3030,0.0040195863693952,0.0040195863693952
3031,0.0036446654703468,0.0036446654703468
3032,0.0036434265784919,0.0036434265784919
3033,0.0038539073430001,0.0038539073430001
3034,0.0037327609024941,0.0037327609024941
3035,0.0040119504556059,0.0040119504556059
3036,0.0039173262193799,0.0039173262193799
3037,0.0039770379662513,0.0039770379662513
3038,0.0041016060858964,0.0041016060858964
3039,0.0039727473631501,0.0039727473631501
3040,0.0039681512862443,0.0039681512862443
3041,0.0037302575074136,0.0037302575074136
3042,0.0037252553738653,0.0037252553738653
3043,0.0037114829756319,0.0037114829756319
3044,0.0037280111573636,0.0037280111573636
3045,0.0038655237294733,0.0038655237294733
3046,0.0038581360131502,0.0038581360131502
3047,0.0037665511481463,0.0037665511481463
3048,0.0040875608101487,0.0040875608101487
3049,0.0037973721046,0.0037973721046
3050,0.004004749469459,0.004004749469459
3051,0.0039345785044133,0.0039345785044133
3052,0.0039000394754111,0.0039000394754111
3053,0.0040898877196013,0.0040898877196013
3054,0.0037854816764593,0.0037854816764593
3055,0.0038622836582362,0.0038622836582362
3056,0.0039277249015867,0.0039277249015867
3057,0.0039565982297062,0.0039565982297062
3058,0.0037546879611909,0.0037546879611909
3059,0.0037547443062067,0.0037547443062067
3060,0.0039143553003668,0.0039143553003668
3061,0.0038638212718069,0.0038638212718069
3062,0.0038678555283695,0.0038678555283695
3063,0.0038182716816663,0.0038182716816663
3064,0.004039638210088,0.004039638210088
3065,0.0039119478315114,0.0039119478315114
3066,0.0039407638832926,0.0039407638832926
3067,0.0038711996749043,0.0038711996749043
3068,0.0040397918783128,0.0040397918783128
3069,0.00383842876181,0.00383842876181
3070,0.0039680120535194,0.0039680120535194
3071,0.0037938973400741,0.0037938973400741
3072,0.0037235238123685,0.0037235238123685
3073,0.0038788239471614,0.0038788239471614
3074,0.0038775587454438,0.0038775587454438
3075,0.0040039685554802,0.0040039685554802
3076,0.0037710207980126,0.0037710207980126
3077,0.0040176631882786,0.0040176631882786
3078,0.0035871115978807,0.0035871115978807
3079,0.0039566420018672,0.0039566420018672
3080,0.003866983577609,0.003866983577609
3081,0.003832719521597,0.003832719521597
3082,0.0039184736087918,0.0039184736087918
3083,0.0037400580476969,0.0037400580476969
3084,0.0037726191803812,0.0037726191803812
3085,0.003795688971877,0.003795688971877
3086,0.0038343779742717,0.0038343779742717
3087,0.0038231660146266,0.0038231660146266
3088,0.0037773388903588,0.0037773388903588
3089,0.0038150444161146,0.0038150444161146
3090,0.003769963979721,0.003769963979721
3091,0.0042027169838547,0.0042027169838547
3092,0.0038718106225132,0.0038718106225132
3093,0.0041232695803046,0.0041232695803046
3094,0.0037976030725985,0.0037976030725985
3095,0.0037126732058823,0.0037126732058823
3096,0.0035901102237403,0.0035901102237403
3097,0.0040150652639567,0.0040150652639567
3098,0.0040001859888434,0.0040001859888434
3099,0.0038467191625386,0.0038467191625386
3100,0.0039146896451711,0.0039146896451711
3101,0.0039605610072612,0.0039605610072612
3102,0.0038012005388736,0.0038012005388736
3103,0.0036685080267488,0.0036685080267488
3104,0.003966552671045,0.003966552671045
3105,0.0037571701686829,0.0037571701686829
3106,0.003979658242315,0.003979658242315
3107,0.0039013209752738,0.0039013209752738
3108,0.0039732735604047,0.0039732735604047
3109,0.0039452593773603,0.0039452593773603
3110,0.0035212824586778,0.0035212824586778
3111,0.003818503813818,0.003818503813818
3112,0.0038340769242495,0.0038340769242495
3113,0.0038894659373909,0.0038894659373909
3114,0.0038762877229601,0.0038762877229601
3115,0.0036830457393079,0.0036830457393079
3116,0.0039862692356109,0.0039862692356109
3117,0.0040730508044362,0.0040730508044362
3118,0.0037256742361932,0.0037256742361932
3119,0.0040300134569406,0.0040300134569406
3120,0.0037978591863065,0.0037978591863065
3121,0.0040085334330797,0.0040085334330797
3122,0.0036634549032896,0.0036634549032896
3123,0.0040554059669375,0.0040554059669375
3124,0.0039387354627251,0.0039387354627251
3125,0.0038486421108245,0.0038486421108245
3126,0.003764143679291,0.003764143679291
3127,0.0037669336888939,0.0037669336888939
3128,0.0038501350209116,0.0038501350209116
3129,0.0037938416935503,0.0037938416935503
3130,0.003815310774371,0.003815310774371
3131,0.003780715400353,0.003780715400353
3132,0.0037271664477884,0.0037271664477884
3133,0.0038433368317782,0.0038433368317782
3134,0.0037300868425518,0.0037300868425518
3135,0.0038133468478918,0.0038133468478918
3136,0.0037701674737036,0.0037701674737036
3137,0.0038045172113925,0.0038045172113925
3138,0.0037825747858732,0.0037825747858732
3139,0.0039400835521519,0.0039400835521519
3140,0.0038501629605889,0.0038501629605889
3141,0.0038627842441201,0.0038627842441201
3142,0.0038022252265363,0.0038022252265363
3143,0.0039150491356849,0.0039150491356849
3144,0.0040083788335323,0.0040083788335323
3145,0.0038893087767064,0.0038893087767064
3146,0.0039147390052676,0.0039147390052676
3147,0.0038628564216196,0.0038628564216196
3148,0.0038598913233727,0.0038598913233727
3149,0.00379323749803,0.00379323749803
3150,0.0038861227221786,0.0038861227221786
3151,0.003865260630846,0.003865260630846
3152,0.0037363963201642,0.0037363963201642
3153,0.0037422440946102,0.0037422440946102
3154,0.0037352959625422,0.0037352959625422
3155,0.0037823063321411,0.0037823063321411
3156,0.0038451110012829,0.0038451110012829
3157,0.0037159612402319,0.0037159612402319
3158,0.003898401511833,0.003898401511833
3159,0.0039950343780219,0.0039950343780219
3160,0.0040145637467503,0.0040145637467503
3161,0.0038174560759216,0.0038174560759216
3162,0.0039212154224514,0.0039212154224514
3163,0.0039757420308887,0.0039757420308887
3164,0.0037906398065388,0.0037906398065388
3165,0.0040079848840832,0.0040079848840832
3166,0.0038400362245738,0.0038400362245738
3167,0.0039037056267261,0.0039037056267261
3168,0.0037585417740046,0.0037585417740046
3169,0.0037530339322984,0.0037530339322984
3170,0.0037760392297059,0.0037760392297059
3171,0.0037701190449297,0.0037701190449297
3172,0.0037496024742722,0.0037496024742722
3173,0.0038337565492838,0.0038337565492838
3174,0.0037593697197735,0.0037593697197735
3175,0.0037100545596331,0.0037100545596331
3176,0.0039700446650385,0.0039700446650385
3177,0.003997363615781,0.003997363615781
3178,0.0037849501240998,0.0037849501240998
3179,0.0038318489678204,0.0038318489678204
3180,0.0039481688290834,0.0039481688290834
3181,0.0037826111074537,0.0037826111074537
3182,0.0037428480572998,0.0037428480572998
3183,0.0035503276158124,0.0035503276158124
3184,0.0037554427981376,0.0037554427981376
3185,0.0038341169711202,0.0038341169711202
3186,0.0037256842479109,0.0037256842479109
3187,0.0040925508365035,0.0040925508365035
3188,0.0038646720349788,0.0038646720349788
3189,0.0037321331910789,0.0037321331910789
3190,0.0039721364155411,0.0039721364155411
3191,0.0037646379787474,0.0037646379787474
3192,0.0039022143464535,0.0039022143464535
3193,0.0038697575218975,0.0038697575218975
3194,0.0037913674023002,0.0037913674023002
3195,0.0039175702258944,0.0039175702258944
3196,0.0038588093593716,0.0038588093593716
3197,0.004028535913676,0.004028535913676
3198,0.0037619031500071,0.0037619031500071
3199,0.0036249875556677,0.0036249875556677
3200,0.0038712690584361,0.0038712690584361
3201,0.0040501207113265,0.0040501207113265
3202,0.0036897044628858,0.0036897044628858
3203,0.0037691136822104,0.0037691136822104
3204,0.0036226268857717,0.0036226268857717
3205,0.0038199946284294,0.0038199946284294
3206,0.0040380363352596,0.0040380363352596
3207,0.0039167460054159,0.0039167460054159
3208,0.0037317699752748,0.0037317699752748
3209,0.0037389195058494,0.0037389195058494
3210,0.0040307398885488,0.0040307398885488
3211,0.0037547159008681,0.0037547159008681
3212,0.0038922727108001,0.0038922727108001
3213,0.0038354443386197,0.0038354443386197
3214,0.0040845787152647,0.0040845787152647
3215,0.0040187323465943,0.0040187323465943
3216,0.0037450264208018,0.0037450264208018
3217,0.0037169673014432,0.0037169673014432
3218,0.00387953966856,0.00387953966856
3219,0.004029618576169,0.004029618576169
3220,0.0041293166577816,0.0041293166577816
3221,0.0038027844857424,0.0038027844857424
3222,0.0039845025166869,0.0039845025166869
3223,0.0039132740348577,0.0039132740348577
3224,0.0038756646681576,0.0038756646681576
3225,0.0038854659069329,0.0038854659069329
3226,0.0037528888788074,0.0037528888788074
3227,0.0041502597741782,0.0041502597741782
3228,0.0038254337850958,0.0038254337850958
3229,0.0037718135863542,0.0037718135863542
3230,0.0039661126211285,0.0039661126211285
3231,0.0038235941901803,0.0038235941901803
3232,0.0037597068585455,0.0037597068585455
3233,0.0040950514376163,0.0040950514376163
3234,0.0040012644603848,0.0040012644603848
3235,0.003724887734279,0.003724887734279
3236,0.0036609289236366,0.0036609289236366
3237,0.0039224289357662,0.0039224289357662
3238,0.0040034782141447,0.0040034782141447
3239,0.0040917233563959,0.0040917233563959
3240,0.0038906275294721,0.0038906275294721
3241,0.003895771689713,0.003895771689713
3242,0.0041097225621342,0.0041097225621342
3243,0.0038975386414676,0.0038975386414676
3244,0.0038407598622143,0.0038407598622143
3245,0.003670256352052,0.003670256352052
3246,0.0038876715116202,0.0038876715116202
3247,0.0038644338492304,0.0038644338492304
3248,0.003811229718849,0.003811229718849
3249,0.0037975092418491,0.0037975092418491
3250,0.0041076689958572,0.0041076689958572
3251,0.003866049228236,0.003866049228236
3252,0.0038638468831777,0.0038638468831777
3253,0.003785042092204,0.003785042092204
3254,0.0035879001952707,0.0035879001952707
3255,0.0036175062414258,0.0036175062414258
3256,0.003794330637902,0.003794330637902
3257,0.0038667097687721,0.0038667097687721
3258,0.0037219540681689,0.0037219540681689
3259,0.0037729074247181,0.0037729074247181
3260,0.0037714741192758,0.0037714741192758
3261,0.0038272410165518,0.0038272410165518
3262,0.0038960354868322,0.0038960354868322
3263,0.0036313012242317,0.0036313012242317
3264,0.0039789960719645,0.0039789960719645
3265,0.0038708704523742,0.0038708704523742
3266,0.0038565229624509,0.0038565229624509
3267,0.0038727864157408,0.0038727864157408
3268,0.0038769477978348,0.0038769477978348
3269,0.0037058335728943,0.0037058335728943
3270,0.0037033255212008,0.0037033255212008
3271,0.0037301599513739,0.0037301599513739
3272,0.0035697631537914,0.0035697631537914
3273,0.0039256201125681,0.0039256201125681
3274,0.0038130024913698,0.0038130024913698
3275,0.0037419663276523,0.0037419663276523
3276,0.0038285278715193,0.0038285278715193
3277,0.0037573731970041,0.0037573731970041
3278,0.0037435754202306,0.0037435754202306
3279,0.0039073727093636,0.0039073727093636
3280,0.0037453544791787,0.0037453544791787
3281,0.0036919908598065,0.0036919908598065
3282,0.003776591271162,0.003776591271162
3283,0.0036658190656453,0.0036658190656453
3284,0.0038656014949083,0.0038656014949083
3285,0.003727154340595,0.003727154340595
3286,0.0039132707752287,0.0039132707752287
3287,0.0038143640849739,0.0038143640849739
3288,0.0039475178346037,0.0039475178346037
3289,0.0038542624097317,0.0038542624097317
3290,0.0038432581350207,0.0038432581350207
3291,0.0037005844060331,0.0037005844060331
3292,0.0037434871774166,0.0037434871774166
3293,0.0040929000824689,0.0040929000824689
3294,0.003977817017585,0.003977817017585
3295,0.0039310967549681,0.0039310967549681
3296,0.0037618372589349,0.0037618372589349
3297,0.003976450767368,0.003976450767368
3298,0.0038348422385752,0.0038348422385752
3299,0.0037707206793129,0.0037707206793129
3300,0.0038068164139986,0.0038068164139986
3301,0.003696103580296,0.003696103580296
3302,0.0041735935956239,0.0041735935956239
3303,0.0038271842058748,0.0038271842058748
3304,0.0038676243275403,0.0038676243275403
3305,0.0039239157922565,0.0039239157922565
3306,0.0038245660252869,0.0038245660252869
3307,0.0039805499836802,0.0039805499836802
3308,0.0039939298294484,0.0039939298294484
3309,0.0037710217293351,0.0037710217293351
3310,0.0037391665391623,0.0037391665391623
3311,0.0037216034252196,0.0037216034252196
3312,0.0039051843341439,0.0039051843341439
3313,0.003954492509365,0.003954492509365
3314,0.0038710874505341,0.0038710874505341
3315,0.0039125811308622,0.0039125811308622
3316,0.0037855943664908,0.0037855943664908
3317,0.0037507805973291,0.0037507805973291
3318,0.0038272554520517,0.0038272554520517
3319,0.0037714038044214,0.0037714038044214
3320,0.0041371388360857,0.0041371388360857
3321,0.0038973467890173,0.0038973467890173
3322,0.0039317514747381,0.0039317514747381
3323,0.0038752383552491,0.0038752383552491
3324,0.003980525303632,0.003980525303632
3325,0.003794064046815,0.003794064046815
3326,0.003706406103447,0.003706406103447
3327,0.0040273591876029,0.0040273591876029
3328,0.0038396932650357,0.0038396932650357
3329,0.0038574310019612,0.0038574310019612
3330,0.0038283814210444,0.0038283814210444
3331,0.0038085877895355,0.0038085877895355
3332,0.0038287434726953,0.0038287434726953
3333,0.0038879276253283,0.0038879276253283
3334,0.0038291255477815,0.0038291255477815
3335,0.0037854104302823,0.0037854104302823
3336,0.0038010908756405,0.0038010908756405
3337,0.003870635991916,0.003870635991916
3338,0.0038367207162082,0.0038367207162082
3339,0.0038112101610749,0.0038112101610749
3340,0.0038239355199038,0.0038239355199038
3341,0.0037508406676352,0.0037508406676352
3342,0.0036396565847098,0.0036396565847098
3343,0.0037106794770807,0.0037106794770807
3344,0.0037647164426743,0.0037647164426743
3345,0.0036522594746202,0.0036522594746202
3346,0.0037843859754502,0.0037843859754502
3347,0.0040124105289578,0.0040124105289578
3348,0.0037516495212912,0.0037516495212912
3349,0.0041128150187432,0.0041128150187432
3350,0.0040471954271197,0.0040471954271197
3351,0.0038383528590202,0.0038383528590202
3352,0.0040510753169655,0.0040510753169655
3353,0.0038108609151095,0.0038108609151095
3354,0.0038196970708668,0.0038196970708668
3355,0.0040093753486871,0.0040093753486871
3356,0.0038215958047658,0.0038215958047658
3357,0.0041350717656314,0.0041350717656314
3358,0.0037784983869642,0.0037784983869642
3359,0.0038887476548552,0.0038887476548552
3360,0.0036882690619677,0.0036882690619677
3361,0.0040588732808828,0.0040588732808828
3362,0.0039722076617181,0.0039722076617181
3363,0.0040225451812148,0.0040225451812148
3364,0.0040935855358839,0.0040935855358839
3365,0.0041045253165066,0.0041045253165066
3366,0.0037111700512468,0.0037111700512468
3367,0.0039855418726801,0.0039855418726801
3368,0.003902651136741,0.003902651136741
3369,0.0041069197468459,0.0041069197468459
3370,0.0039113890379667,0.0039113890379667
3371,0.0039106588810682,0.0039106588810682
3372,0.0040302574634552,0.0040302574634552
3373,0.0039241886697709,0.0039241886697709
3374,0.004121714271605,0.004121714271605
3375,0.0039184871129691,0.0039184871129691
3376,0.0037401358131319,0.0037401358131319
3377,0.0040155122987926,0.0040155122987926
3378,0.0039220582693815,0.0039220582693815
3379,0.0040067662484943,0.0040067662484943
3380,0.0039365566335618,0.0039365566335618
3381,0.0036853211931884,0.0036853211931884
3382,0.0038698459975421,0.0038698459975421
3383,0.0039428286254405,0.0039428286254405
3384,0.0038447775878012,0.0038447775878012
3385,0.0039077820256352,0.0039077820256352
3386,0.0039015407674014,0.0039015407674014
3387,0.0036725692916661,0.0036725692916661
3388,0.0040429253131151,0.0040429253131151
3389,0.0039253020659089,0.0039253020659089
3390,0.0038416341412812,0.0038416341412812
3391,0.0039804959669709,0.0039804959669709
3392,0.0037586386315524,0.0037586386315524
3393,0.003766210284084,0.003766210284084
3394,0.0037697444204241,0.0037697444204241
3395,0.0036808787845075,0.0036808787845075
3396,0.0038772316183894,0.0038772316183894
3397,0.0037618661299347,0.0037618661299347
3398,0.0039728675037622,0.0039728675037622
3399,0.0039818445220589,0.0039818445220589
3400,0.0036765486001968,0.0036765486001968
3401,0.003864217782393,0.003864217782393
3402,0.0038302110042423,0.0038302110042423
3403,0.0038953551556915,0.0038953551556915
3404,0.0037441169843077,0.0037441169843077
3405,0.0039178431034088,0.0039178431034088
3406,0.0036806205753237,0.0036806205753237
3407,0.0040273405611515,0.0040273405611515
3408,0.0040271887555718,0.0040271887555718
3409,0.0040347138419747,0.0040347138419747
3410,0.0038512472528964,0.0038512472528964
3411,0.0036419942043721,0.0036419942043721
3412,0.0038705235347151,0.0038705235347151
3413,0.0038591378834098,0.0038591378834098
3414,0.0038957137148827,0.0038957137148827
3415,0.0039715287275612,0.0039715287275612
3416,0.0039608464576303,0.0039608464576303
3417,0.0040619247592985,0.0040619247592985
3418,0.0040050470270216,0.0040050470270216
3419,0.0040120435878634,0.0040120435878634
3420,0.0039167366921901,0.0039167366921901
3421,0.0036835591308772,0.0036835591308772
3422,0.0037316987290978,0.0037316987290978
3423,0.0039078346453607,0.0039078346453607
3424,0.0039668278768658,0.0039668278768658
3425,0.0038745603524148,0.0038745603524148
3426,0.0038630648050457,0.0038630648050457
3427,0.0040633440949022,0.0040633440949022
3428,0.0038886133115738,0.0038886133115738
3429,0.0039039643015712,0.0039039643015712
3430,0.0038799406029284,0.0038799406029284
3431,0.0038123202975839,0.0038123202975839
3432,0.0038530614692717,0.0038530614692717
3433,0.0039305789396166,0.0039305789396166
3434,0.0039088958874344,0.0039088958874344
3435,0.0037722643464803,0.0037722643464803
3436,0.004049387294799,0.004049387294799
3437,0.0038256689440459,0.0038256689440459
3438,0.0037845987826585,0.0037845987826585
3439,0.0037387176416814,0.0037387176416814
3440,0.0036776787601411,0.0036776787601411
3441,0.0037586186081171,0.0037586186081171
3442,0.0038687014020979,0.0038687014020979
3443,0.0037303159479051,0.0037303159479051
3444,0.0039806799031794,0.0039806799031794
3445,0.0039424118585884,0.0039424118585884
3446,0.0040190517902374,0.0040190517902374
3447,0.0037946735974401,0.0037946735974401
3448,0.0037284267600625,0.0037284267600625
3449,0.0037666074931621,0.0037666074931621
3450,0.0038976245559751,0.0038976245559751
3451,0.0040184208191931,0.0040184208191931
3452,0.0036275386810302,0.0036275386810302
3453,0.0038441803772002,0.0038441803772002
3454,0.0037560302298516,0.0037560302298516
3455,0.0038278030697256,0.0038278030697256
3456,0.003626458114013,0.003626458114013
3457,0.0039193551056087,0.0039193551056087
3458,0.0040660640224814,0.0040660640224814
3459,0.0037471386604011,0.0037471386604011
3460,0.0037829084321856,0.0037829084321856
3461,0.0038919649086892,0.0038919649086892
3462,0.003847612068057,0.003847612068057
3463,0.0034533035941421,0.0034533035941421
3464,0.0038456795737147,0.0038456795737147
3465,0.0037217040080577,0.0037217040080577
3466,0.003629932180047,0.003629932180047
3467,0.003761175321415,0.003761175321415
3468,0.0038414525333791,0.0038414525333791
3469,0.0038055530749261,0.0038055530749261
3470,0.0038775831926614,0.0038775831926614
3471,0.0039801839739084,0.0039801839739084
3472,0.0038410255219787,0.0038410255219787
3473,0.0039900806732475,0.0039900806732475
3474,0.0037189612630754,0.0037189612630754
3475,0.0038017053157091,0.0038017053157091
3476,0.0040057082660496,0.0040057082660496
3477,0.0040962183848023,0.0040962183848023
3478,0.0040373569354414,0.0040373569354414
3479,0.0038001951761543,0.0038001951761543
3480,0.0038811359554529,0.0038811359554529
3481,0.0036846362054347,0.0036846362054347
3482,0.0037196686025708,0.0037196686025708
3483,0.0037210825830698,0.0037210825830698
3484,0.0039061282295733,0.0039061282295733
3485,0.0040248688310384,0.0040248688310384
3486,0.0038867774419486,0.0038867774419486
3487,0.0038116476498544,0.0038116476498544
3488,0.0038071020971983,0.0038071020971983
3489,0.00372418994084,0.00372418994084
3490,0.003700123168528,0.003700123168528
3491,0.0039514466188848,0.0039514466188848
3492,0.003783042775467,0.003783042775467
3493,0.0038203571457415,0.0038203571457415
3494,0.0039261425845324,0.0039261425845324
3495,0.0039217481389641,0.0039217481389641
3496,0.0037925604265183,0.0037925604265183
3497,0.0038341865874826,0.0038341865874826
3498,0.0038177401293069,0.0038177401293069
3499,0.003883839584887,0.003883839584887
3500,0.0037897680886089,0.0037897680886089
3501,0.0039272708818316,0.0039272708818316
3502,0.0035276294220238,0.0035276294220238
3503,0.0036466794554144,0.0036466794554144
3504,0.0038356184959411,0.0038356184959411
3505,0.0040375413373112,0.0040375413373112
3506,0.0037540318444371,0.0037540318444371
3507,0.003789420472458,0.003789420472458
3508,0.0038293583784252,0.0038293583784252
3509,0.0037131037097424,0.0037131037097424
3510,0.0038375507574528,0.0038375507574528
3511,0.0039323978126049,0.0039323978126049
3512,0.0037833922542631,0.0037833922542631
3513,0.0038138106465339,0.0038138106465339
3514,0.0036456964444369,0.0036456964444369
3515,0.0039925640448927,0.0039925640448927
3516,0.003844947554171,0.003844947554171
3517,0.0040281591936945,0.0040281591936945
3518,0.0039707352407276,0.0039707352407276
3519,0.0037693330086767,0.0037693330086767
3520,0.0040110107511281,0.0040110107511281
3521,0.0039159450680017,0.0039159450680017
3522,0.0040525351651012,0.0040525351651012
3523,0.0038849827833473,0.0038849827833473
3524,0.0038331439718604,0.0038331439718604
3525,0.003837326541543,0.003837326541543
3526,0.0037544830702245,0.0037544830702245
3527,0.0040526995435357,0.0040526995435357
3528,0.0038793648127466,0.0038793648127466
3529,0.0038112660404294,0.0038112660404294
3530,0.0038665540050715,0.0038665540050715
3531,0.00384884304367,0.00384884304367
3532,0.0037812148220837,0.0037812148220837
3533,0.003844924038276,0.003844924038276
3534,0.0040545961819589,0.0040545961819589
3535,0.003900502808392,0.003900502808392
3536,0.0038377165328711,0.0038377165328711
3537,0.0037872893735766,0.0037872893735766
3538,0.0038586403243243,0.0038586403243243
3539,0.0038211208302527,0.0038211208302527
3540,0.003791827475652,0.003791827475652
3541,0.0041042598895728,0.0041042598895728
3542,0.0040620337240397,0.0040620337240397
3543,0.0037641585804522,0.0037641585804522
3544,0.0038407421670854,0.0038407421670854
3545,0.0038233657833188,0.0038233657833188
3546,0.0039313929155468,0.0039313929155468
3547,0.0037350503262132,0.0037350503262132
3548,0.0039889244362711,0.0039889244362711
3549,0.0037913180422037,0.0037913180422037
3550,0.0037293313071131,0.0037293313071131
3551,0.0039239260368049,0.0039239260368049
3552,0.003959123045206,0.003959123045206
3553,0.0037300568073987,0.0037300568073987
3554,0.0038261997979134,0.0038261997979134
3555,0.0036508969496935,0.0036508969496935
3556,0.0038429650012403,0.0038429650012403
3557,0.0039213057607412,0.0039213057607412
3558,0.0041506858542561,0.0041506858542561
3559,0.0037963283248245,0.0037963283248245
3560,0.0038972327020019,0.0038972327020019
3561,0.0038824020884931,0.0038824020884931
3562,0.0039341645315289,0.0039341645315289
3563,0.0038678450509905,0.0038678450509905
3564,0.0037671686150133,0.0037671686150133
3565,0.0037536376621574,0.0037536376621574
3566,0.0039050532504916,0.0039050532504916
3567,0.0039417538791894,0.0039417538791894
3568,0.0038089652080088,0.0038089652080088
3569,0.0035377601161599,0.0035377601161599
3570,0.0038531625177711,0.0038531625177711
3571,0.0037759833503514,0.0037759833503514
3572,0.0036765874829143,0.0036765874829143
3573,0.0038963763508945,0.0038963763508945
3574,0.0039488244801759,0.0039488244801759
3575,0.0040806289762258,0.0040806289762258
3576,0.0039205802604556,0.0039205802604556
3577,0.0039339824579656,0.0039339824579656
3578,0.003864488331601,0.003864488331601
3579,0.0038132823538035,0.0038132823538035
3580,0.0039127930067479,0.0039127930067479
3581,0.0039761662483215,0.0039761662483215
3582,0.003851706162095,0.003851706162095
3583,0.003942553885281,0.003942553885281
3584,0.0036901945713907,0.0036901945713907
3585,0.0038843534421175,0.0038843534421175
3586,0.0039188852533698,0.0039188852533698
3587,0.0039344197139143,0.0039344197139143
3588,0.0040173847228288,0.0040173847228288
3589,0.0038795580621808,0.0038795580621808
3590,0.0036895668599754,0.0036895668599754
3591,0.0041108662262558,0.0041108662262558
3592,0.0040418794378638,0.0040418794378638
3593,0.0040419274009764,0.0040419274009764
3594,0.0038457699120044,0.0038457699120044
3595,0.0036866497248411,0.0036866497248411
3596,0.0038765317294746,0.0038765317294746
3597,0.0040216753259301,0.0040216753259301
3598,0.0039423513226211,0.0039423513226211
3599,0.0036917517427355,0.0036917517427355
3600,0.003939748276025,0.003939748276025
3601,0.003861391916871,0.003861391916871
3602,0.0039208829402923,0.0039208829402923
3603,0.003924373537302,0.003924373537302
3604,0.0037780292332172,0.0037780292332172
3605,0.0038937039207667,0.0038937039207667
3606,0.0037363558076322,0.0037363558076322
3607,0.0039363731630146,0.0039363731630146
3608,0.0037926684599369,0.0037926684599369
3609,0.0036030116025358,0.0036030116025358
3610,0.0040077613666653,0.0040077613666653
3611,0.0037881634198129,0.0037881634198129
3612,0.0037418461870402,0.0037418461870402
3613,0.0037793284282088,0.0037793284282088
3614,0.0038730162195861,0.0038730162195861
3615,0.0037288926541805,0.0037288926541805
3616,0.0038532016333192,0.0038532016333192
3617,0.0037837380077689,0.0037837380077689
3618,0.0039093736559152,0.0039093736559152
3619,0.0037239221855998,0.0037239221855998
3620,0.0039260732010006,0.0039260732010006
3621,0.0040127201937139,0.0040127201937139
3622,0.0038925793487578,0.0038925793487578
3623,0.003777913050726,0.003777913050726
3624,0.0036590094678103,0.0036590094678103
3625,0.0038902184460312,0.0038902184460312
3626,0.0039175362326204,0.0039175362326204
3627,0.0040675858035683,0.0040675858035683
3628,0.0039121466688811,0.0039121466688811
3629,0.0038889185525476,0.0038889185525476
3630,0.0038655139505863,0.0038655139505863
3631,0.0038099633529782,0.0038099633529782
3632,0.0037620011717081,0.0037620011717081
3633,0.0037226902786642,0.0037226902786642
3634,0.0036856043152511,0.0036856043152511
3635,0.0038524190895259,0.0038524190895259
3636,0.0039610564708709,0.0039610564708709
3637,0.0037439768202602,0.0037439768202602
3638,0.0038516812492161,0.0038516812492161
3639,0.0037301452830433,0.0037301452830433
3640,0.0036252834834158,0.0036252834834158
3641,0.0037104906514286,0.0037104906514286
3642,0.0036826040595769,0.0036826040595769
3643,0.0038009940180927,0.0038009940180927
3644,0.0035688423085957,0.0035688423085957
3645,0.0037403330206871,0.0037403330206871
3646,0.0037512427661567,0.0037512427661567
3647,0.003913081716746,0.003913081716746
3648,0.0040128910914063,0.0040128910914063
3649,0.0037046149373054,0.0037046149373054
3650,0.003827751846984,0.003827751846984
3651,0.0038471678271889,0.0038471678271889
3652,0.0037634877953678,0.0037634877953678
3653,0.0039015517104417,0.0039015517104417
3654,0.0038537534419447,0.0038537534419447
3655,0.0038092569448053,0.0038092569448053
3656,0.0040568127296864,0.0040568127296864
3657,0.0037752841599285,0.0037752841599285
3658,0.0038648743648082,0.0038648743648082
3659,0.0039092451333999,0.0039092451333999
3660,0.0040451828390359,0.0040451828390359
3661,0.0037536709569394,0.0037536709569394
3662,0.0037707455921918,0.0037707455921918
3663,0.0039564841426908,0.0039564841426908
3664,0.0038172039203345,0.0038172039203345
3665,0.0036659825127571,0.0036659825127571
3666,0.0039114663377404,0.0039114663377404
3667,0.003909264691174,0.003909264691174
3668,0.0039588781073689,0.0039588781073689
3669,0.003874173387885,0.003874173387885
3670,0.0039118593558669,0.0039118593558669
3671,0.0040493705309927,0.0040493705309927
3672,0.0040608216077089,0.0040608216077089
3673,0.0039668208919465,0.0039668208919465
3674,0.00370654463768,0.00370654463768
3675,0.0039201457984745,0.0039201457984745
3676,0.0040411031804978,0.0040411031804978
3677,0.0036761539522558,0.0036761539522558
3678,0.0037464941851794,0.0037464941851794
3679,0.0039919801056385,0.0039919801056385
3680,0.0036286027170717,0.0036286027170717
3681,0.0037383388262242,0.0037383388262242
3682,0.0037523340433835,0.0037523340433835
3683,0.0039623947814106,0.0039623947814106
3684,0.0041184844449162,0.0041184844449162
3685,0.0037669474259018,0.0037669474259018
3686,0.0038277728017419,0.0038277728017419
3687,0.0041160928085446,0.0041160928085446
3688,0.004028907045722,0.004028907045722
3689,0.0037413421086966,0.0037413421086966
3690,0.0040616886690258,0.0040616886690258
3691,0.0038609190378338,0.0038609190378338
3692,0.0036316330078989,0.0036316330078989
3693,0.0039553306996822,0.0039553306996822
3694,0.0039558224380016,0.0039558224380016
3695,0.0039710821583867,0.0039710821583867
3696,0.0039853369817137,0.0039853369817137
3697,0.0037805570755153,0.0037805570755153
3698,0.0039517572149634,0.0039517572149634
3699,0.0039122719317674,0.0039122719317674
3700,0.0037457558792084,0.0037457558792084
3701,0.003919867798686,0.003919867798686
3702,0.0039171483367681,0.0039171483367681
3703,0.0038695980329066,0.0038695980329066
3704,0.003958560526371,0.003958560526371
3705,0.0040485179051756,0.0040485179051756
3706,0.0039877453818917,0.0039877453818917
3707,0.0038225178141146,0.0038225178141146
3708,0.003775869263336,0.003775869263336
3709,0.0038488854188472,0.0038488854188472
3710,0.0038633961230516,0.0038633961230516
3711,0.0039072912186384,0.0039072912186384
3712,0.0038672408554702,0.0038672408554702
3713,0.0036520520225167,0.0036520520225167
3714,0.0036190848331898,0.0036190848331898
3715,0.0040137898176908,0.0040137898176908
3716,0.0037993239238858,0.0037993239238858
3717,0.0039155813865363,0.0039155813865363
3718,0.0037514783907681,0.0037514783907681
3719,0.0036605820059776,0.0036605820059776
3720,0.0039007463492453,0.0039007463492453
3721,0.0037917133886367,0.0037917133886367
3722,0.0037256961222738,0.0037256961222738
3723,0.0040460238233208,0.0040460238233208
3724,0.0037414950784295,0.0037414950784295
3725,0.0038012405857443,0.0038012405857443
3726,0.0037414468824863,0.0037414468824863
3727,0.0040033478289842,0.0040033478289842
3728,0.0039340704679489,0.0039340704679489
3729,0.0039078476838767,0.0039078476838767
3730,0.0039850464090704,0.0039850464090704
3731,0.0038856444880366,0.0038856444880366
3732,0.0037700836546719,0.0037700836546719
3733,0.0039557125419378,0.0039557125419378
3734,0.0039254473522305,0.0039254473522305
3735,0.0038270226214081,0.0038270226214081
3736,0.0038483489770442,0.0038483489770442
3737,0.003999582491815,0.003999582491815
3738,0.0038120592944324,0.0038120592944324
3739,0.0037826008629053,0.0037826008629053
3740,0.0037675213534384,0.0037675213534384
3741,0.0040122470818459,0.0040122470818459
3742,0.0039819162338972,0.0039819162338972
3743,0.0038381859194487,0.0038381859194487
3744,0.0040896506980061,0.0040896506980061
3745,0.004077358637005,0.004077358637005
3746,0.0039332988671958,0.0039332988671958
3747,0.0037714946083724,0.0037714946083724
3748,0.0039230985566973,0.0039230985566973
3749,0.0038848323747515,0.0038848323747515
3750,0.0039831073954701,0.0039831073954701
3751,0.0038480167277157,0.0038480167277157
3752,0.0039961794391274,0.0039961794391274
3753,0.0038454870227724,0.0038454870227724
3754,0.0039490084163844,0.0039490084163844
3755,0.0038065582048147,0.0038065582048147
3756,0.0039412043988704,0.0039412043988704
3757,0.0039163432084023,0.0039163432084023
3758,0.0039725061506032,0.0039725061506032
3759,0.0039462205022573,0.0039462205022573
3760,0.0038898505736142,0.0038898505736142
3761,0.0036929310299456,0.0036929310299456
3762,0.0038524819537997,0.0038524819537997
3763,0.0039652762934565,0.0039652762934565
3764,0.0036137043498456,0.0036137043498456
3765,0.0037921878974884,0.0037921878974884
3766,0.0038691377267241,0.0038691377267241
3767,0.0037767693866044,0.0037767693866044
3768,0.0037872151006013,0.0037872151006013
3769,0.0038788167294114,0.0038788167294114
3770,0.0038770779501646,0.0038770779501646
3771,0.0038254712708294,0.0038254712708294
3772,0.0039855632930994,0.0039855632930994
3773,0.0037443966139107,0.0037443966139107
3774,0.0040653347969055,0.0040653347969055
3775,0.0040270825847983,0.0040270825847983
3776,0.0036624823696911,0.0036624823696911
3777,0.0039113406091928,0.0039113406091928
3778,0.0038784146308898,0.0038784146308898
3779,0.0038761340547353,0.0038761340547353
3780,0.0037971998099237,0.0037971998099237
3781,0.0038681693840771,0.0038681693840771
3782,0.0041253459639847,0.0041253459639847
3783,0.0040290681645274,0.0040290681645274
3784,0.0037750459741801,0.0037750459741801
3785,0.0038732797838747,0.0038732797838747
3786,0.0038143987767398,0.0038143987767398
3787,0.0039956290274858,0.0039956290274858
3788,0.0038868992123752,0.0038868992123752
3789,0.0039084535092115,0.0039084535092115
3790,0.0038886894471943,0.0038886894471943
3791,0.0038366429507732,0.0038366429507732
3792,0.0039320238865911,0.0039320238865911
3793,0.0039105052128434,0.0039105052128434
3794,0.0039257891476154,0.0039257891476154
3795,0.0038922140374779,0.0038922140374779
3796,0.0038220915012061,0.0038220915012061
3797,0.0039644259959459,0.0039644259959459
3798,0.0038637530524283,0.0038637530524283
3799,0.0038307034410536,0.0038307034410536
3800,0.0036368493456393,0.0036368493456393
3801,0.0038986653089523,0.0038986653089523
3802,0.0037910416722297,0.0037910416722297
3803,0.003986183553934,0.003986183553934
3804,0.0039013342466205,0.0039013342466205
3805,0.0039984420873224,0.0039984420873224
3806,0.0036981964949518,0.0036981964949518
3807,0.0037727681919932,0.0037727681919932
3808,0.0039768563583493,0.0039768563583493
3809,0.0037573126610368,0.0037573126610368
3810,0.0038633979856967,0.0038633979856967
3811,0.0036498657427728,0.0036498657427728
3812,0.003834513016045,0.003834513016045
3813,0.003702781163156,0.003702781163156
3814,0.0038374455180019,0.0038374455180019
3815,0.0037231342867016,0.0037231342867016
3816,0.0039554801769554,0.0039554801769554
3817,0.0040091453120112,0.0040091453120112
3818,0.0037251140456646,0.0037251140456646
3819,0.0037931306287646,0.0037931306287646
3820,0.0038380254991352,0.0038380254991352
3821,0.0036939559504389,0.0036939559504389
3822,0.003621746553108,0.003621746553108
3823,0.0037790487986057,0.0037790487986057
3824,0.003783851629123,0.003783851629123
3825,0.0037318719550967,0.0037318719550967
3826,0.0038683402817696,0.0038683402817696
3827,0.0037993008736521,0.0037993008736521
3828,0.0037133465521037,0.0037133465521037
3829,0.0039567411877214,0.0039567411877214
3830,0.003767768619582,0.003767768619582
3831,0.0036252199206501,0.0036252199206501
3832,0.0040625515393912,0.0040625515393912
3833,0.0039751697331666,0.0039751697331666
3834,0.0039413021877408,0.0039413021877408
3835,0.0036883179564028,0.0036883179564028
3836,0.0041746543720364,0.0041746543720364
3837,0.0037445414345711,0.0037445414345711
3838,0.0037835745606571,0.0037835745606571
3839,0.0040621804073452,0.0040621804073452
3840,0.0039753983728587,0.0039753983728587
3841,0.0039468174800276,0.0039468174800276
3842,0.0039080693386495,0.0039080693386495
3843,0.0037675737403333,0.0037675737403333
3844,0.0037228828296065,0.0037228828296065
3845,0.0036089404020458,0.0036089404020458
3846,0.0038954080082476,0.0038954080082476
3847,0.0037958587054163,0.0037958587054163
3848,0.0039422493427991,0.0039422493427991
3849,0.0038977563381195,0.0038977563381195
3850,0.0036399059463292,0.0036399059463292
3851,0.0039125513285398,0.0039125513285398
3852,0.0040660807862877,0.0040660807862877
3853,0.0039802393876016,0.0039802393876016
3854,0.0037845207843929,0.0037845207843929
3855,0.0038105621933937,0.0038105621933937
3856,0.0038113889750093,0.0038113889750093
3857,0.0038438758347183,0.0038438758347183
3858,0.0037233436014503,0.0037233436014503
3859,0.0041101817041635,0.0041101817041635
3860,0.0040619932115077,0.0040619932115077
3861,0.0040631140582263,0.0040631140582263
3862,0.0039868117310106,0.0039868117310106
3863,0.0037772969808429,0.0037772969808429
3864,0.003712227800861,0.003712227800861
3865,0.0037949723191559,0.0037949723191559
3866,0.0036470773629844,0.0036470773629844
3867,0.0038564871065318,0.0038564871065318
3868,0.0039891554042696,0.0039891554042696
3869,0.0037492078263312,0.0037492078263312
3870,0.0039174095727503,0.0039174095727503
3871,0.0038481748197227,0.0038481748197227
3872,0.0036153246182948,0.0036153246182948
3873,0.0039895018562674,0.0039895018562674
3874,0.0039391629397869,0.0039391629397869
3875,0.0037955436855554,0.0037955436855554
3876,0.0038567334413528,0.0038567334413528
3877,0.0038769203238189,0.0038769203238189
3878,0.0037030430976301,0.0037030430976301
3879,0.0036452377680689,0.0036452377680689
3880,0.0038781897164881,0.0038781897164881
3881,0.0039916392415761,0.0039916392415761
3882,0.0036029801703989,0.0036029801703989
3883,0.003844620892778,0.003844620892778
3884,0.0038344010245054,0.0038344010245054
3885,0.0039454000070691,0.0039454000070691
3886,0.0039118793793022,0.0039118793793022
3887,0.0036890923511236,0.0036890923511236
3888,0.0036539351567626,0.0036539351567626
3889,0.003697752719745,0.003697752719745
3890,0.0036961492151021,0.0036961492151021
3891,0.0036726624239236,0.0036726624239236
3892,0.0039479327388107,0.0039479327388107
3893,0.0038570733740925,0.0038570733740925
3894,0.0038128430023789,0.0038128430023789
3895,0.003663987154141,0.003663987154141
3896,0.0036787148565053,0.0036787148565053
3897,0.0037106075324118,0.0037106075324118
3898,0.0036466172896325,0.0036466172896325
3899,0.0038049521390348,0.0038049521390348
3900,0.0037065716460347,0.0037065716460347
3901,0.0037538281176239,0.0037538281176239
3902,0.0038365337532013,0.0038365337532013
3903,0.0038280519656836,0.0038280519656836
3904,0.0038614727091044,0.0038614727091044
3905,0.0036978591233491,0.0036978591233491
3906,0.003773933276534,0.003773933276534
3907,0.0039400411769747,0.0039400411769747
3908,0.0039133727550506,0.0039133727550506
3909,0.0038830542471259,0.0038830542471259
3910,0.0038394792936742,0.0038394792936742
3911,0.003809479996562,0.003809479996562
3912,0.0039153480902314,0.0039153480902314
3913,0.0036514778621494,0.0036514778621494
3914,0.0039268927648663,0.0039268927648663
3915,0.003727639792487,0.003727639792487
3916,0.0037359995767474,0.0037359995767474
3917,0.0039903186261653,0.0039903186261653
3918,0.0039605433121323,0.0039605433121323
3919,0.0037893631961196,0.0037893631961196
3920,0.0036767951678484,0.0036767951678484
3921,0.0038800581824034,0.0038800581824034
3922,0.0036313394084572,0.0036313394084572
3923,0.004026080481708,0.004026080481708
3924,0.0036527749616652,0.0036527749616652
3925,0.0038636717945337,0.0038636717945337
3926,0.0040634972974658,0.0040634972974658
3927,0.003943464718759,0.003943464718759
3928,0.0037828362546861,0.0037828362546861
3929,0.0039437529630959,0.0039437529630959
3930,0.0036863090936094,0.0036863090936094
3931,0.0038456453476101,0.0038456453476101
3932,0.0037455349229276,0.0037455349229276
3933,0.0036795313935726,0.0036795313935726
3934,0.0040079401805996,0.0040079401805996
3935,0.0037809580098837,0.0037809580098837
3936,0.0037757293321192,0.0037757293321192
3937,0.0038705279584974,0.0038705279584974
3938,0.0037010617088526,0.0037010617088526
3939,0.0037861475721001,0.0037861475721001
3940,0.0039189499802887,0.0039189499802887
3941,0.0040644505061209,0.0040644505061209
3942,0.003816723357886,0.003816723357886
3943,0.0035677170380949,0.0035677170380949
3944,0.003848239313811,0.003848239313811
3945,0.0036926358006894,0.0036926358006894
3946,0.003993634134531,0.003993634134531
3947,0.0040111690759658,0.0040111690759658
3948,0.0040934053249657,0.0040934053249657
3949,0.0036708181723952,0.0036708181723952
3950,0.0039696963503956,0.0039696963503956
3951,0.0040639261715114,0.0040639261715114
3952,0.0038460223004221,0.0038460223004221
3953,0.0039454163052141,0.0039454163052141
3954,0.0038910442963242,0.0038910442963242
3955,0.0037715979851782,0.0037715979851782
3956,0.003872487694025,0.003872487694025
3957,0.0037600765936076,0.0037600765936076
3958,0.004005679860711,0.004005679860711
3959,0.0036634251009672,0.0036634251009672
3960,0.0039058795664459,0.0039058795664459
3961,0.0038920769002288,0.0038920769002288
3962,0.0039770416915416,0.0039770416915416
3963,0.0036679280456155,0.0036679280456155
3964,0.0038595872465521,0.0038595872465521
3965,0.0038602305576205,0.0038602305576205
3966,0.0039071105420589,0.0039071105420589
3967,0.0037113111466169,0.0037113111466169
3968,0.0037892404943704,0.0037892404943704
3969,0.0037138299085199,0.0037138299085199
3970,0.0037286323495209,0.0037286323495209
3971,0.0038652929943054,0.0038652929943054
3972,0.0036803486291319,0.0036803486291319
3973,0.0038586966693401,0.0038586966693401
3974,0.0035837884061038,0.0035837884061038
3975,0.0037675504572689,0.0037675504572689
3976,0.0038885013200342,0.0038885013200342
3977,0.0036624965723603,0.0036624965723603
3978,0.0038705570623278,0.0038705570623278
3979,0.0037085539661347,0.0037085539661347
3980,0.0038598580285906,0.0038598580285906
3981,0.0037487416993826,0.0037487416993826
3982,0.0036362402606755,0.0036362402606755
3983,0.0038967540021985,0.0038967540021985
3984,0.0039418479427695,0.0039418479427695
3985,0.0037805875763297,0.0037805875763297
3986,0.0039835097268223,0.0039835097268223
3987,0.0038212209474295,0.0038212209474295
3988,0.0038588477764278,0.0038588477764278
3989,0.0040373764932155,0.0040373764932155
3990,0.0039994260296225,0.0039994260296225
3991,0.0037587969563901,0.0037587969563901
3992,0.0037623599637299,0.0037623599637299
3993,0.0038063740357756,0.0038063740357756
3994,0.0039941002614796,0.0039941002614796
3995,0.0039751436561346,0.0039751436561346
3996,0.0038464369717985,0.0038464369717985
3997,0.0037231028545647,0.0037231028545647
3998,0.0037125484086573,0.0037125484086573
3999,0.0038827368989586,0.0038827368989586
4000,0.003778169862926,0.003778169862926
4001,0.0038728674408048,0.0038728674408048
4002,0.0039862678386271,0.0039862678386271
4003,0.0039869453758001,0.0039869453758001
4004,0.0037644056137651,0.0037644056137651
4005,0.0039284341037273,0.0039284341037273
4006,0.0037286023143678,0.0037286023143678
4007,0.0039872201159596,0.0039872201159596
4008,0.0039539146237075,0.0039539146237075
4009,0.0037603294476866,0.0037603294476866
4010,0.0039599603042006,0.0039599603042006
4011,0.0040624905377626,0.0040624905377626
4012,0.0039271246641874,0.0039271246641874
4013,0.0039605423808097,0.0039605423808097
4014,0.0038120574317872,0.0038120574317872
4015,0.0038103768602013,0.0038103768602013
4016,0.0037300426047295,0.0037300426047295
4017,0.0038670769426971,0.0038670769426971
4018,0.0038293248508125,0.0038293248508125
4019,0.0038611369673162,0.0038611369673162
4020,0.0038815981242805,0.0038815981242805
4021,0.0037581555079668,0.0037581555079668
4022,0.0038819226901978,0.0038819226901978
4023,0.0040398444980382,0.0040398444980382
4024,0.0040091476403176,0.0040091476403176
4025,0.0036717520561069,0.0036717520561069
4026,0.0037106925155967,0.0037106925155967
4027,0.0038712010718882,0.0038712010718882
4028,0.0038134288042783,0.0038134288042783
4029,0.0038771540857851,0.0038771540857851
4030,0.0039866943843662,0.0039866943843662
4031,0.0038232060614973,0.0038232060614973
4032,0.0038446423131972,0.0038446423131972
4033,0.0039518801495432,0.0039518801495432
4034,0.004054982215166,0.004054982215166
4035,0.0038663572631776,0.0038663572631776
4036,0.0041061574593186,0.0041061574593186
4037,0.0038507380522787,0.0038507380522787
4038,0.003636073321104,0.003636073321104
4039,0.0038182213902473,0.0038182213902473
4040,0.0037848809733986,0.0037848809733986
4041,0.0038480309303849,0.0038480309303849
4042,0.0040181055665016,0.0040181055665016
4043,0.0037955858279019,0.0037955858279019
4044,0.0039231465198099,0.0039231465198099
4045,0.0037781638093292,0.0037781638093292
4046,0.0040144808590412,0.0040144808590412
4047,0.0036766335833817,0.0036766335833817
4048,0.0038293302059173,0.0038293302059173
4049,0.0038899390492588,0.0038899390492588
4050,0.003802883438766,0.003802883438766
4051,0.0038319143932312,0.0038319143932312
4052,0.0037143609952181,0.0037143609952181
4053,0.0039038634859025,0.0039038634859025
4054,0.0034916517324745,0.0034916517324745
4055,0.003831599606201,0.003831599606201
4056,0.0038041681982576,0.0038041681982576
4057,0.0037348833866417,0.0037348833866417
4058,0.0038968678563833,0.0038968678563833
4059,0.0036137555725872,0.0036137555725872
4060,0.0040274793282151,0.0040274793282151
4061,0.0038560554385185,0.0038560554385185
4062,0.0038377814926207,0.0038377814926207
4063,0.0037252011243253,0.0037252011243253
4064,0.0035682641901075,0.0035682641901075
4065,0.0037491745315492,0.0037491745315492
4066,0.0037597471382468,0.0037597471382468
4067,0.0039314767345786,0.0039314767345786
4068,0.0036767376586794,0.0036767376586794
4069,0.0038161959964782,0.0038161959964782
4070,0.0037679511588066,0.0037679511588066
4071,0.0036008183378726,0.0036008183378726
4072,0.0036812003236263,0.0036812003236263
4073,0.0038711908273398,0.0038711908273398
4074,0.0037823396269232,0.0037823396269232
4075,0.0039597013965249,0.0039597013965249
4076,0.0035823646467179,0.0035823646467179
4077,0.003730434924364,0.003730434924364
4078,0.0038903946988284,0.0038903946988284
4079,0.0036144573241472,0.0036144573241472
4080,0.0039519015699625,0.0039519015699625
4081,0.0036710659042,0.0036710659042
4082,0.0040468098595738,0.0040468098595738
4083,0.0038932694587856,0.0038932694587856
4084,0.0038598268292844,0.0038598268292844
4085,0.0037619133945554,0.0037619133945554
4086,0.0040057003498077,0.0040057003498077
4087,0.0039430684410035,0.0039430684410035
4088,0.003933688160032,0.003933688160032
4089,0.0038779184687882,0.0038779184687882
4090,0.0039246575906872,0.0039246575906872
4091,0.0038699992001056,0.0038699992001056
4092,0.0037987655960023,0.0037987655960023
4093,0.0039065089076757,0.0039065089076757
4094,0.0037809140048921,0.0037809140048921
4095,0.0038336287252604,0.0038336287252604
4096,0.0036633410491049,0.0036633410491049
4097,0.0038795880973339,0.0038795880973339
4098,0.0037342272698879,0.0037342272698879
4099,0.0036618108861148,0.0036618108861148
4100,0.0035930620506405,0.0035930620506405
4101,0.0039088064804673,0.0039088064804673
4102,0.0038062708918005,0.0038062708918005
4103,0.0037824176251888,0.0037824176251888
4104,0.0036254024598747,0.0036254024598747
4105,0.0037436853162944,0.0037436853162944
4106,0.003686633426696,0.003686633426696
4107,0.0038745233323425,0.0038745233323425
4108,0.003708247328177,0.003708247328177
4109,0.0036899903789162,0.0036899903789162
4110,0.0038734015543013,0.0038734015543013
4111,0.004051124677062,0.004051124677062
4112,0.0038646047469228,0.0038646047469228
4113,0.0038126781582832,0.0038126781582832
4114,0.0038226596079766,0.0038226596079766
4115,0.0036227372474968,0.0036227372474968
4116,0.0037510665133595,0.0037510665133595
4117,0.0038361195474863,0.0038361195474863
4118,0.0037793184164911,0.0037793184164911
4119,0.0038072667084634,0.0038072667084634
4120,0.0037254367489367,0.0037254367489367
4121,0.003596004564315,0.003596004564315
4122,0.0037418794818222,0.0037418794818222
4123,0.0039734616875648,0.0039734616875648
4124,0.0038071607705205,0.0038071607705205
4125,0.0040061487816274,0.0040061487816274
4126,0.0039324965327978,0.0039324965327978
4127,0.0036151800304651,0.0036151800304651
4128,0.0037794224917888,0.0037794224917888
4129,0.0036392379552125,0.0036392379552125
4130,0.0037428659852594,0.0037428659852594
4131,0.0036909885238856,0.0036909885238856
4132,0.0037746177986264,0.0037746177986264
4133,0.0035742339678108,0.0035742339678108
4134,0.0037212765309959,0.0037212765309959
4135,0.0036754400935024,0.0036754400935024
4136,0.003802718129009,0.003802718129009
4137,0.0036313578020781,0.0036313578020781
4138,0.0036234399303793,0.0036234399303793
4139,0.0038922019302845,0.0038922019302845
4140,0.0038931565359234,0.0038931565359234
4141,0.0037740364205092,0.0037740364205092
4142,0.0035626902244985,0.0035626902244985
4143,0.0037990673445165,0.0037990673445165
4144,0.0037346174940466,0.0037346174940466
4145,0.0039407666772603,0.0039407666772603
4146,0.0038124148268252,0.0038124148268252
4147,0.0035708746872842,0.0035708746872842
4148,0.0037639453075826,0.0037639453075826
4149,0.0036709380801767,0.0036709380801767
4150,0.00372717785649,0.00372717785649
4151,0.0039659552276134,0.0039659552276134
4152,0.00397340208292,0.00397340208292
4153,0.0038645628374069,0.0038645628374069
4154,0.0040243277326226,0.0040243277326226
4155,0.0037750648334622,0.0037750648334622
4156,0.0037111015990376,0.0037111015990376
4157,0.0037051239050924,0.0037051239050924
4158,0.0037645210977643,0.0037645210977643
4159,0.0037346004974097,0.0037346004974097
4160,0.0039431331679224,0.0039431331679224
4161,0.0041751530952751,0.0041751530952751
4162,0.0039236629381775,0.0039236629381775
4163,0.0038311195094138,0.0038311195094138
4164,0.0038856284227222,0.0038856284227222
4165,0.0038777026347815,0.0038777026347815
4166,0.0037372037768363,0.0037372037768363
4167,0.0037875822745263,0.0037875822745263
4168,0.0037851971574127,0.0037851971574127
4169,0.0037256628274917,0.0037256628274917
4170,0.0039235991425812,0.0039235991425812
4171,0.0038401847705245,0.0038401847705245
4172,0.0039138360880315,0.0039138360880315
4173,0.00382512062788,0.00382512062788
4174,0.0038403782527893,0.0038403782527893
4175,0.003734320634976,0.003734320634976
4176,0.0038261990994215,0.0038261990994215
4177,0.0039246901869773,0.0039246901869773
4178,0.0038080387748777,0.0038080387748777
4179,0.0037220367230474,0.0037220367230474
4180,0.0038406224921345,0.0038406224921345
4181,0.0038340336177498,0.0038340336177498
4182,0.0039619663730263,0.0039619663730263
4183,0.0038434721063822,0.0038434721063822
4184,0.0037435910198837,0.0037435910198837
4185,0.003867061343044,0.003867061343044
4186,0.0038258712738752,0.0038258712738752
4187,0.0038643339648842,0.0038643339648842
4188,0.0039102537557482,0.0039102537557482
4189,0.0038487336132675,0.0038487336132675
4190,0.0038335598073899,0.0038335598073899
4191,0.0039274124428629,0.0039274124428629
4192,0.0037779337726533,0.0037779337726533
4193,0.0037801191210746,0.0037801191210746
4194,0.0038021858781576,0.0038021858781576
4195,0.0038293949328362,0.0038293949328362
4196,0.0037501940969377,0.0037501940969377
4197,0.0037878705188632,0.0037878705188632
4198,0.0039146225899457,0.0039146225899457
4199,0.0041019064374268,0.0041019064374268
4200,0.0038284659385681,0.0038284659385681
4201,0.0038882670924067,0.0038882670924067
4202,0.003882460296154,0.003882460296154
4203,0.0038954927586019,0.0038954927586019
4204,0.0036473902873694,0.0036473902873694
4205,0.0037600172217935,0.0037600172217935
4206,0.0037241098470985,0.0037241098470985
4207,0.0038787387311458,0.0038787387311458
4208,0.0036555312108248,0.0036555312108248
4209,0.0037448103539645,0.0037448103539645
4210,0.0037208274006843,0.0037208274006843
4211,0.0039981943555176,0.0039981943555176
4212,0.0038659563288092,0.0038659563288092
4213,0.0036362551618367,0.0036362551618367
4214,0.0039640199393033,0.0039640199393033
4215,0.0037992221768945,0.0037992221768945
4216,0.0036537160631269,0.0036537160631269
4217,0.0038336454890668,0.0038336454890668
4218,0.0036858993116766,0.0036858993116766
4219,0.0037607855629175,0.0037607855629175
4220,0.0037560022901743,0.0037560022901743
4221,0.0039522410370409,0.0039522410370409
4222,0.0039068670012056,0.0039068670012056
4223,0.0039961142465472,0.0039961142465472
4224,0.0035810924600809,0.0035810924600809
4225,0.0038800023030489,0.0038800023030489
4226,0.0038013004232198,0.0038013004232198
4227,0.0039373515173792,0.0039373515173792
4228,0.0036054120864719,0.0036054120864719
4229,0.0039635337889194,0.0039635337889194
4230,0.0036745436955243,0.0036745436955243
4231,0.0036782480310648,0.0036782480310648
4232,0.0038009595591574,0.0038009595591574
4233,0.0037529130931943,0.0037529130931943
4234,0.0037137903273105,0.0037137903273105
4235,0.0038170949555933,0.0038170949555933
4236,0.0038855781313031,0.0038855781313031
4237,0.0035834026057273,0.0035834026057273
4238,0.003826678963378,0.003826678963378
4239,0.0038121214602142,0.0038121214602142
4240,0.0036729341372847,0.0036729341372847
4241,0.0039496277458965,0.0039496277458965
4242,0.0039180666208267,0.0039180666208267
4243,0.0035576838999986,0.0035576838999986
4244,0.0038279294967651,0.0038279294967651
4245,0.0040855552069842,0.0040855552069842
4246,0.0036056803073734,0.0036056803073734
4247,0.0038979568053036,0.0038979568053036
4248,0.0038763750344514,0.0038763750344514
4249,0.0038147270679473,0.0038147270679473
4250,0.0035626853350549,0.0035626853350549
4251,0.0039614159613847,0.0039614159613847
4252,0.0037493973504751,0.0037493973504751
4253,0.0040388298220932,0.0040388298220932
4254,0.0038973819464445,0.0038973819464445
4255,0.0038144432473927,0.0038144432473927
4256,0.0039746025577187,0.0039746025577187
4257,0.0039637689478695,0.0039637689478695
4258,0.0039189299568533,0.0039189299568533
4259,0.0038292289245873,0.0038292289245873
4260,0.0037243135739117,0.0037243135739117
4261,0.0039255712181329,0.0039255712181329
4262,0.0039830538444221,0.0039830538444221
4263,0.0037031290121376,0.0037031290121376
4264,0.0039051466155797,0.0039051466155797
4265,0.0038609046023339,0.0038609046023339
4266,0.0039703035727143,0.0039703035727143
4267,0.0037647308781743,0.0037647308781743
4268,0.0036097611300647,0.0036097611300647
4269,0.0037483701016753,0.0037483701016753
4270,0.0038818733301013,0.0038818733301013
4271,0.0037884393241256,0.0037884393241256
4272,0.0041319653391838,0.0041319653391838
4273,0.0037316884845495,0.0037316884845495
4274,0.0036804366391152,0.0036804366391152
4275,0.0040395464748144,0.0040395464748144
4276,0.0038993791677057,0.0038993791677057
4277,0.003659693757072,0.003659693757072
4278,0.0037786439061164,0.0037786439061164
4279,0.0039902161806821,0.0039902161806821
4280,0.0036270611453801,0.0036270611453801
4281,0.0038242551963776,0.0038242551963776
4282,0.0038365856744349,0.0038365856744349
4283,0.0039244843646883,0.0039244843646883
4284,0.0036010218318551,0.0036010218318551
4285,0.0038406737148761,0.0038406737148761
4286,0.0039745713584125,0.0039745713584125
4287,0.0041167349554598,0.0041167349554598
4288,0.0036411399487406,0.0036411399487406
4289,0.0039409324526786,0.0039409324526786
4290,0.0039177257567644,0.0039177257567644
4291,0.0037499840836972,0.0037499840836972
4292,0.0037725260481238,0.0037725260481238
4293,0.0038132017944008,0.0038132017944008
4294,0.0038154192734509,0.0038154192734509
4295,0.0039961813017725,0.0039961813017725
4296,0.0039178505539894,0.0039178505539894
4297,0.0037871981039643,0.0037871981039643
4298,0.0037296004593372,0.0037296004593372
4299,0.003879333846271,0.003879333846271
4300,0.0037905415520071,0.0037905415520071
4301,0.003768288064748,0.003768288064748
4302,0.004023406188935,0.004023406188935
4303,0.0038994995411485,0.0038994995411485
4304,0.0037900216411799,0.0037900216411799
4305,0.003922012168914,0.003922012168914
4306,0.003915736451745,0.003915736451745
4307,0.0040517817251384,0.0040517817251384
4308,0.0037087150849401,0.0037087150849401
4309,0.0037537754978984,0.0037537754978984
4310,0.0038110031746327,0.0038110031746327
4311,0.0038400776684284,0.0038400776684284
4312,0.0038151387125253,0.0038151387125253
4313,0.0037523775827139,0.0037523775827139
4314,0.0038104446139186,0.0038104446139186
4315,0.0036102687008678,0.0036102687008678
4316,0.0037184425164014,0.0037184425164014
4317,0.0039407345466315,0.0039407345466315
4318,0.0039103059098124,0.0039103059098124
4319,0.0038407831452786,0.0038407831452786
4320,0.0038264614995568,0.0038264614995568
4321,0.0036619568709284,0.0036619568709284
4322,0.0037369201891124,0.0037369201891124
4323,0.003812325419858,0.003812325419858
4324,0.003691857215017,0.003691857215017
4325,0.0038381940685212,0.0038381940685212
4326,0.003805091837421,0.003805091837421
4327,0.0038312170654535,0.0038312170654535
4328,0.0037887627258896,0.0037887627258896
4329,0.0036330483853816,0.0036330483853816
4330,0.0039732102304697,0.0039732102304697
4331,0.003804069943726,0.003804069943726
4332,0.0037463528569787,0.0037463528569787
4333,0.0040415590628981,0.0040415590628981
4334,0.0037787137553095,0.0037787137553095
4335,0.0039716442115604,0.0039716442115604
4336,0.0039599230512976,0.0039599230512976
4337,0.0038814102299511,0.0038814102299511
4338,0.0036770093720406,0.0036770093720406
4339,0.0039095608517527,0.0039095608517527
4340,0.0040166405960917,0.0040166405960917
4341,0.0040447786450386,0.0040447786450386
4342,0.0038110574241727,0.0038110574241727
4343,0.0037922693882137,0.0037922693882137
4344,0.0040271966718137,0.0040271966718137
4345,0.0038093142211437,0.0038093142211437
4346,0.0036957659758627,0.0036957659758627
4347,0.0038027977570891,0.0038027977570891
4348,0.0038171145133674,0.0038171145133674
4349,0.003765320405364,0.003765320405364
4350,0.0037927306257188,0.0037927306257188
4351,0.003994841594249,0.003994841594249
4352,0.0038921018131077,0.0038921018131077
4353,0.0039573386311531,0.0039573386311531
4354,0.0037084238138049,0.0037084238138049
4355,0.0039720381610095,0.0039720381610095
4356,0.0037735356017947,0.0037735356017947
4357,0.0037732310593128,0.0037732310593128
4358,0.0039384141564369,0.0039384141564369
4359,0.0037544157821685,0.0037544157821685
4360,0.003810777561739,0.003810777561739
4361,0.0039201420731842,0.0039201420731842
4362,0.003823620500043,0.003823620500043
4363,0.0036006146110594,0.0036006146110594
4364,0.003717950778082,0.003717950778082
4365,0.0038519820664077,0.0038519820664077
4366,0.0036924458108842,0.0036924458108842
4367,0.0037834274116903,0.0037834274116903
4368,0.0038210561033338,0.0038210561033338
4369,0.0038893411401659,0.0038893411401659
4370,0.003989465534687,0.003989465534687
4371,0.0037915653083473,0.0037915653083473
4372,0.0039065862074494,0.0039065862074494
4373,0.003950267098844,0.003950267098844
4374,0.0039218496531248,0.0039218496531248
4375,0.0036724612582474,0.0036724612582474
4376,0.0037817121483385,0.0037817121483385
4377,0.0036089057102799,0.0036089057102799
4378,0.0037239869125187,0.0037239869125187
4379,0.0039563830941915,0.0039563830941915
4380,0.0038276105187833,0.0038276105187833
4381,0.0039463173598051,0.0039463173598051
4382,0.0036824848502874,0.0036824848502874
4383,0.0039369948208332,0.0039369948208332
4384,0.003607676597312,0.003607676597312
4385,0.0037486529909074,0.0037486529909074
4386,0.0037426999770104,0.0037426999770104
4387,0.0037672265898436,0.0037672265898436
4388,0.0039274347946047,0.0039274347946047
4389,0.0038063745014369,0.0038063745014369
4390,0.0038249532226473,0.0038249532226473
4391,0.003888928098604,0.003888928098604
4392,0.003665201831609,0.003665201831609
4393,0.0035474917385727,0.0035474917385727
4394,0.0035674155224114,0.0035674155224114
4395,0.0038656336255371,0.0038656336255371
4396,0.0037870239466428,0.0037870239466428
4397,0.003864966565743,0.003864966565743
4398,0.0039007794111967,0.0039007794111967
4399,0.0038829389959573,0.0038829389959573
4400,0.0037969842087477,0.0037969842087477
4401,0.0037276409566402,0.0037276409566402
4402,0.0040474920533597,0.0040474920533597
4403,0.0038348515518009,0.0038348515518009
4404,0.003893714165315,0.003893714165315
4405,0.0038570424076169,0.0038570424076169
4406,0.0037201850209385,0.0037201850209385
4407,0.0037406350020319,0.0037406350020319
4408,0.0040335040539503,0.0040335040539503
4409,0.0037700445391237,0.0037700445391237
4410,0.0037643790710717,0.0037643790710717
4411,0.0037402547895908,0.0037402547895908
4412,0.0039853798225522,0.0039853798225522
4413,0.0039360849186778,0.0039360849186778
4414,0.0038459079805761,0.0038459079805761
4415,0.0037197016645222,0.0037197016645222
4416,0.0036998351570218,0.0036998351570218
4417,0.0040353629738092,0.0040353629738092
4418,0.0038053854368627,0.0038053854368627
4419,0.0038206197787076,0.0038206197787076
4420,0.0038331162650138,0.0038331162650138
4421,0.0038091132882982,0.0038091132882982
4422,0.0038247322663664,0.0038247322663664
4423,0.003830371890217,0.003830371890217
4424,0.0037770569324493,0.0037770569324493
4425,0.0036038083489984,0.0036038083489984
4426,0.0039305174723267,0.0039305174723267
4427,0.003847601590678,0.003847601590678
4428,0.0036378935910761,0.0036378935910761
4429,0.0038223329465836,0.0038223329465836
4430,0.0036759700160473,0.0036759700160473
4431,0.0038500109221786,0.0038500109221786
4432,0.0039821355603635,0.0039821355603635
4433,0.003986891824752,0.003986891824752
4434,0.0039108665660023,0.0039108665660023
4435,0.0040452540852129,0.0040452540852129
4436,0.0038112578913569,0.0038112578913569
4437,0.0038944408297538,0.0038944408297538
4438,0.0037382789887487,0.0037382789887487
4439,0.0038878184277564,0.0038878184277564
4440,0.0038336459547281,0.0038336459547281
4441,0.0036485730670392,0.0036485730670392
4442,0.003939357586205,0.003939357586205
4443,0.0036521146539598,0.0036521146539598
4444,0.0038317088037729,0.0038317088037729
4445,0.0036251756828278,0.0036251756828278
4446,0.0036777511704713,0.0036777511704713
4447,0.0037460953462868,0.0037460953462868
4448,0.0038295588456094,0.0038295588456094
4449,0.0039726542308926,0.0039726542308926
4450,0.0036672994028776,0.0036672994028776
4451,0.0038844672963023,0.0038844672963023
4452,0.0038590691983699,0.0038590691983699
4453,0.0037673590704798,0.0037673590704798
4454,0.0037883750628679,0.0037883750628679
4455,0.0037480047903954,0.0037480047903954
4456,0.0039770612493157,0.0039770612493157
4457,0.0039113098755478,0.0039113098755478
4458,0.0038726241327822,0.0038726241327822
4459,0.0039347973652184,0.0039347973652184
4460,0.0039632506668567,0.0039632506668567
4461,0.0038921835366636,0.0038921835366636
4462,0.0038710697554051,0.0038710697554051
4463,0.0039439345709979,0.0039439345709979
4464,0.0036895303055644,0.0036895303055644
4465,0.003754983888939,0.003754983888939
4466,0.0038899609353393,0.0038899609353393
4467,0.0036906022578477,0.0036906022578477
4468,0.003864211263135,0.003864211263135
4469,0.003680188441649,0.003680188441649
4470,0.0037913266569375,0.0037913266569375
4471,0.003959740512073,0.003959740512073
4472,0.0038198344409465,0.0038198344409465
4473,0.0039477683603763,0.0039477683603763
4474,0.0039229434914886,0.0039229434914886
4475,0.0038966741412878,0.0038966741412878
4476,0.0040050535462796,0.0040050535462796
4477,0.0039900103583931,0.0039900103583931
4478,0.0036773921456187,0.0036773921456187
4479,0.0038776914589107,0.0038776914589107
4480,0.0037906360812485,0.0037906360812485
4481,0.0038202619180083,0.0038202619180083
4482,0.0037554912269115,0.0037554912269115
4483,0.0038837867323309,0.0038837867323309
4484,0.0038027861155569,0.0038027861155569
4485,0.0039502792060375,0.0039502792060375
4486,0.0038236575201153,0.0038236575201153
4487,0.0037659397348761,0.0037659397348761
4488,0.0039135674014687,0.0039135674014687
4489,0.003948401659727,0.003948401659727
4490,0.0038287062197923,0.0038287062197923
4491,0.0038275723345577,0.0038275723345577
4492,0.0037916232831776,0.0037916232831776
4493,0.0039001749828457,0.0039001749828457
4494,0.0038578559178858,0.0038578559178858
4495,0.003906846512109,0.003906846512109
4496,0.0040451604872941,0.0040451604872941
4497,0.0037408927455544,0.0037408927455544
4498,0.0037412086967378,0.0037412086967378
4499,0.0040561389178037,0.0040561389178037
4500,0.0038993030320852,0.0038993030320852
4501,0.0038539676461368,0.0038539676461368
4502,0.0037581562064588,0.0037581562064588
4503,0.0037943844217807,0.0037943844217807
4504,0.0038593185599893,0.0038593185599893
4505,0.0037572151049971,0.0037572151049971
4506,0.0036937687546014,0.0036937687546014
4507,0.0037280956748872,0.0037280956748872
4508,0.0037564828526228,0.0037564828526228
4509,0.0039130253717303,0.0039130253717303
4510,0.0038935404736548,0.0038935404736548
4511,0.0039770044386386,0.0039770044386386
4512,0.0037891990505158,0.0037891990505158
4513,0.0037560905329883,0.0037560905329883
4514,0.0037790453061461,0.0037790453061461
4515,0.0038061765953898,0.0038061765953898
4516,0.0041871834546327,0.0041871834546327
4517,0.0039394535124301,0.0039394535124301
4518,0.0038897930644452,0.0038897930644452
4519,0.0039364760741591,0.0039364760741591
4520,0.0039941477589309,0.0039941477589309
4521,0.0039360672235488,0.0039360672235488
4522,0.0038353679701685,0.0038353679701685
4523,0.0041507235728204,0.0041507235728204
4524,0.003965328913182,0.003965328913182
4525,0.0037855748087167,0.0037855748087167
4526,0.0036514594685286,0.0036514594685286
4527,0.0041384906508028,0.0041384906508028
4528,0.0039484971202909,0.0039484971202909
4529,0.0039449459873139,0.0039449459873139
4530,0.0037734131328761,0.0037734131328761
4531,0.0037841466255486,0.0037841466255486
4532,0.0040890285745263,0.0040890285745263
4533,0.0038872663863003,0.0038872663863003
4534,0.0039109182544052,0.0039109182544052
4535,0.0040436652489006,0.0040436652489006
4536,0.0039600236341357,0.0039600236341357
4537,0.0038346129003912,0.0038346129003912
4538,0.0037962140049785,0.0037962140049785
4539,0.0038475366309285,0.0038475366309285
4540,0.0039293831214308,0.0039293831214308
4541,0.0038295423146337,0.0038295423146337
4542,0.0037922130431979,0.0037922130431979
4543,0.0039315605536103,0.0039315605536103
4544,0.0037833717651665,0.0037833717651665
4545,0.0035652187652885,0.0035652187652885
4546,0.0037125097587704,0.0037125097587704
4547,0.0038239806890487,0.0038239806890487
4548,0.0037639820948243,0.0037639820948243
4549,0.0038800709880888,0.0038800709880888
4550,0.0037035895511507,0.0037035895511507
4551,0.0039174864068627,0.0039174864068627
4552,0.0036446631420403,0.0036446631420403
4553,0.0036203747149556,0.0036203747149556
4554,0.0036254667211323,0.0036254667211323
4555,0.0039221383631229,0.0039221383631229
4556,0.0038917665369808,0.0038917665369808
4557,0.0039094528183341,0.0039094528183341
4558,0.0040064863860607,0.0040064863860607
4559,0.003879758529365,0.003879758529365
4560,0.0035950071178376,0.0035950071178376
4561,0.0036856429651379,0.0036856429651379
4562,0.0037750024348497,0.0037750024348497
4563,0.003758278209716,0.003758278209716
4564,0.0037338112015277,0.0037338112015277
4565,0.0037214078474789,0.0037214078474789
4566,0.0037534388247877,0.0037534388247877
4567,0.0037501051556319,0.0037501051556319
4568,0.003707461990416,0.003707461990416
4569,0.0036949643399566,0.0036949643399566
4570,0.0037682626862078,0.0037682626862078
4571,0.0036442524287849,0.0036442524287849
4572,0.003914981149137,0.003914981149137
4573,0.003759027691558,0.003759027691558
4574,0.0039142230525612,0.0039142230525612
4575,0.0038439293857663,0.0038439293857663
4576,0.0040093422867357,0.0040093422867357
4577,0.0037620153743773,0.0037620153743773
4578,0.0038404113147407,0.0038404113147407
4579,0.003707964438945,0.003707964438945
4580,0.0036725604441016,0.0036725604441016
4581,0.0039536477997899,0.0039536477997899
4582,0.0036509782075881,0.0036509782075881
4583,0.0038287187926471,0.0038287187926471
4584,0.0038724930491298,0.0038724930491298
4585,0.0036910069175064,0.0036910069175064
4586,0.0038245704490691,0.0038245704490691
4587,0.0039097797125577,0.0039097797125577
4588,0.0038963377010077,0.0038963377010077
4589,0.003797257784754,0.003797257784754
4590,0.003892689011991,0.003892689011991
4591,0.0038002217188477,0.0038002217188477
4592,0.0038057677447795,0.0038057677447795
4593,0.0038046191912144,0.0038046191912144
4594,0.0036428340245038,0.0036428340245038
4595,0.0035970816388726,0.0035970816388726
4596,0.0037749561015516,0.0037749561015516
4597,0.0037597357295453,0.0037597357295453
4598,0.0039420444518327,0.0039420444518327
4599,0.003982001915574,0.003982001915574
4600,0.0037883152253925,0.0037883152253925
4601,0.0039393650367856,0.0039393650367856
4602,0.003745021764189,0.003745021764189
4603,0.0038696373812854,0.0038696373812854
4604,0.0037434850819408,0.0037434850819408
4605,0.0038044629618525,0.0038044629618525
4606,0.003776270430535,0.003776270430535
4607,0.0038010231219232,0.0038010231219232
4608,0.0038718874566257,0.0038718874566257
4609,0.0036315075121819,0.0036315075121819
4610,0.0040150927379727,0.0040150927379727
4611,0.003937941044569,0.003937941044569
4612,0.0039714155718684,0.0039714155718684
4613,0.003905116347596,0.003905116347596
4614,0.0037482131738215,0.0037482131738215
4615,0.0037051518447697,0.0037051518447697
4616,0.0038143468555063,0.0038143468555063
4617,0.0038428755942732,0.0038428755942732
4618,0.0038321879692375,0.0038321879692375
4619,0.0039024653378874,0.0039024653378874
4620,0.0036393529735505,0.0036393529735505
4621,0.0038483249954879,0.0038483249954879
4622,0.0038610221818089,0.0038610221818089
4623,0.0039188265800476,0.0039188265800476
4624,0.0037458534352481,0.0037458534352481
4625,0.003773079952225,0.003773079952225
4626,0.0038744062185287,0.0038744062185287
4627,0.0038817671593278,0.0038817671593278
4628,0.003870454384014,0.003870454384014
4629,0.0038972995243966,0.0038972995243966
4630,0.0038306785281747,0.0038306785281747
4631,0.0039696954190731,0.0039696954190731
4632,0.0039626783691346,0.0039626783691346
4633,0.0038605553563684,0.0038605553563684
4634,0.0039004271384328,0.0039004271384328
4635,0.003782041138038,0.003782041138038
4636,0.0036457725800573,0.0036457725800573
4637,0.0039916145615279,0.0039916145615279
4638,0.0040288530290126,0.0040288530290126
4639,0.0036569121293723,0.0036569121293723
4640,0.0038675465621054,0.0038675465621054
4641,0.0039689391851425,0.0039689391851425
4642,0.0038458677008748,0.0038458677008748
4643,0.0037705549038946,0.0037705549038946
4644,0.0038281597662717,0.0038281597662717
4645,0.0039790337905287,0.0039790337905287
4646,0.0041167759336531,0.0041167759336531
4647,0.0039956513792276,0.0039956513792276
4648,0.0038626031018793,0.0038626031018793
4649,0.0037561883218586,0.0037561883218586
4650,0.0038022275548428,0.0038022275548428
4651,0.003663070499897,0.003663070499897
4652,0.0038522954564541,0.0038522954564541
4653,0.0038992506451904,0.0038992506451904
4654,0.0036783788818866,0.0036783788818866
4655,0.0038408685941249,0.0038408685941249
4656,0.0036641703918576,0.0036641703918576
4657,0.0039700223132967,0.0039700223132967
4658,0.003825225168839,0.003825225168839
4659,0.0036613440606743,0.0036613440606743
4660,0.0038360639009624,0.0038360639009624
4661,0.0035380611661821,0.0035380611661821
4662,0.0036651587579399,0.0036651587579399
4663,0.0039278604090213,0.0039278604090213
4664,0.003896856913343,0.003896856913343
4665,0.0040287831798195,0.0040287831798195
4666,0.0037348780315369,0.0037348780315369
4667,0.0037232399918138,0.0037232399918138
4668,0.0039527881890535,0.0039527881890535
4669,0.0039869407191872,0.0039869407191872
4670,0.0038581665139645,0.0038581665139645
4671,0.0040024844929575,0.0040024844929575
4672,0.0037895869463682,0.0037895869463682
4673,0.0037618852220475,0.0037618852220475
4674,0.0041000861674547,0.0041000861674547
4675,0.0039560534060001,0.0039560534060001
4676,0.0037429102230817,0.0037429102230817
4677,0.0034961742348968,0.0034961742348968
4678,0.0038699740543961,0.0038699740543961
4679,0.003701944835484,0.003701944835484
4680,0.0041924170218408,0.0041924170218408
4681,0.0037751253694295,0.0037751253694295
4682,0.003830338595435,0.003830338595435
4683,0.0036656870506703,0.0036656870506703
4684,0.0037909615784883,0.0037909615784883
4685,0.0039739990606904,0.0039739990606904
4686,0.0040942439809441,0.0040942439809441
4687,0.0037486909423023,0.0037486909423023
4688,0.0037226297426968,0.0037226297426968
4689,0.0039014180656522,0.0039014180656522
4690,0.0037754122167825,0.0037754122167825
4691,0.0036940705031156,0.0036940705031156
4692,0.0039663049392402,0.0039663049392402
4693,0.0039060465060174,0.0039060465060174
4694,0.0038334974087774,0.0038334974087774
4695,0.0037015085108578,0.0037015085108578
4696,0.0038971162866801,0.0038971162866801
4697,0.0039403699338436,0.0039403699338436
4698,0.0038933905307203,0.0038933905307203
4699,0.0037253005430102,0.0037253005430102
4700,0.0038052811287343,0.0038052811287343
4701,0.0039310688152909,0.0039310688152909
4702,0.0039243665523827,0.0039243665523827
4703,0.003929944243282,0.003929944243282
4704,0.0038789121899753,0.0038789121899753
4705,0.0035414788872003,0.0035414788872003
4706,0.0042619025334715,0.0042619025334715
4707,0.0039440621621906,0.0039440621621906
4708,0.0036922567524015,0.0036922567524015
4709,0.0038629230111837,0.0038629230111837
4710,0.0037899715825915,0.0037899715825915
4711,0.0037579471245408,0.0037579471245408
4712,0.0036201877519488,0.0036201877519488
4713,0.0039018131792545,0.0039018131792545
4714,0.0038201643619686,0.0038201643619686
4715,0.0036604115739464,0.0036604115739464
4716,0.0037020384334027,0.0037020384334027
4717,0.0038903227541595,0.0038903227541595
4718,0.0036656586453318,0.0036656586453318
4719,0.0038454309105873,0.0038454309105873
4720,0.0036151281092315,0.0036151281092315
4721,0.0040857139974832,0.0040857139974832
4722,0.0036833260674029,0.0036833260674029
4723,0.0040064761415123,0.0040064761415123
4724,0.0037721712142229,0.0037721712142229
4725,0.0036361534148454,0.0036361534148454
4726,0.0036667578388005,0.0036667578388005
4727,0.0037578872870653,0.0037578872870653
4728,0.0037381190340965,0.0037381190340965
4729,0.0039777131751179,0.0039777131751179
4730,0.0037698559463024,0.0037698559463024
4731,0.0038780805189162,0.0038780805189162
4732,0.0038954550400376,0.0038954550400376
4733,0.0037582223303616,0.0037582223303616
4734,0.0039107324555516,0.0039107324555516
4735,0.0035940844099968,0.0035940844099968
4736,0.0038233527448028,0.0038233527448028
4737,0.0038681146688759,0.0038681146688759
4738,0.0038526481948792,0.0038526481948792
4739,0.0038735033012926,0.0038735033012926
4740,0.003682208713144,0.003682208713144
4741,0.003949879668653,0.003949879668653
4742,0.0036416302900761,0.0036416302900761
4743,0.0038201166316866,0.0038201166316866
4744,0.0039790505543351,0.0039790505543351
4745,0.0038487571291625,0.0038487571291625
4746,0.0038468230050057,0.0038468230050057
4747,0.0038299709558486,0.0038299709558486
4748,0.0037116203457117,0.0037116203457117
4749,0.0037708883173763,0.0037708883173763
4750,0.0037940836045891,0.0037940836045891
4751,0.0036590786185115,0.0036590786185115
4752,0.003706197720021,0.003706197720021
4753,0.0039336243644356,0.0039336243644356
4754,0.0041038650088012,0.0041038650088012
4755,0.0037607958074659,0.0037607958074659
4756,0.0038700029253959,0.0038700029253959
4757,0.0040721902623772,0.0040721902623772
4758,0.0036329245194792,0.0036329245194792
4759,0.0037557198666036,0.0037557198666036
4760,0.0037418974097818,0.0037418974097818
4761,0.00375272706151,0.00375272706151
4762,0.0039820815436542,0.0039820815436542
4763,0.0039489520713686,0.0039489520713686
4764,0.0038128842134028,0.0038128842134028
4765,0.0038063477259129,0.0038063477259129
4766,0.0039613521657884,0.0039613521657884
4767,0.0037753183860331,0.0037753183860331
4768,0.0038517261855304,0.0038517261855304
4769,0.0036287456750869,0.0036287456750869
4770,0.0036935640964657,0.0036935640964657
4771,0.0037298589013516,0.0037298589013516
4772,0.0035993261262774,0.0035993261262774
4773,0.0037607960402965,0.0037607960402965
4774,0.0037850749213248,0.0037850749213248
4775,0.0037861107848584,0.0037861107848584
4776,0.0037831047084182,0.0037831047084182
4777,0.0035443634260445,0.0035443634260445
4778,0.0035177168902009,0.0035177168902009
4779,0.003821418620646,0.003821418620646
4780,0.0035761932376772,0.0035761932376772
4781,0.0037605732213705,0.0037605732213705
4782,0.0040977206081151,0.0040977206081151
4783,0.003744448069483,0.003744448069483
4784,0.0038057728670537,0.0038057728670537
4785,0.0036970323417335,0.0036970323417335
4786,0.0035888627171516,0.0035888627171516
4787,0.0035466607660055,0.0035466607660055
4788,0.0037700957618653,0.0037700957618653
4789,0.0038402252830564,0.0038402252830564
4790,0.0037279473617672,0.0037279473617672
4791,0.0038498323410749,0.0038498323410749
4792,0.00385662028566,0.00385662028566
4793,0.0038236705586314,0.0038236705586314
4794,0.0037618288770318,0.0037618288770318
4795,0.003619011491537,0.003619011491537
4796,0.0037400124128907,0.0037400124128907
4797,0.0036910395137965,0.0036910395137965
4798,0.003895022906363,0.003895022906363
4799,0.0037328163161873,0.0037328163161873
4800,0.0037134112790226,0.0037134112790226
4801,0.0037078415043652,0.0037078415043652
4802,0.0038580347318202,0.0038580347318202
4803,0.0039194077253341,0.0039194077253341
4804,0.0037844143807888,0.0037844143807888
4805,0.0037181568332016,0.0037181568332016
4806,0.0037909373641014,0.0037909373641014
4807,0.0036227826494723,0.0036227826494723
4808,0.0038299632724374,0.0038299632724374
4809,0.0038933744654059,0.0038933744654059
4810,0.0036777744535356,0.0036777744535356
4811,0.0037558644544333,0.0037558644544333
4812,0.0041832039132714,0.0041832039132714
4813,0.0039664627984166,0.0039664627984166
4814,0.0039643943309783,0.0039643943309783
4815,0.0037872488610446,0.0037872488610446
4816,0.0037301776465028,0.0037301776465028
4817,0.0038905972614884,0.0038905972614884
4818,0.0037826467305421,0.0037826467305421
4819,0.0038179031107574,0.0038179031107574
4820,0.0037767246831208,0.0037767246831208
4821,0.0038835112936794,0.0038835112936794
4822,0.0039009773172438,0.0039009773172438
4823,0.0037758836988359,0.0037758836988359
4824,0.0037692065816372,0.0037692065816372
4825,0.0039699980989098,0.0039699980989098
4826,0.0037786739412695,0.0037786739412695
4827,0.0037929057143628,0.0037929057143628
4828,0.0037627960555255,0.0037627960555255
4829,0.003755694720894,0.003755694720894
4830,0.0039459941908717,0.0039459941908717
4831,0.0038989996537566,0.0038989996537566
4832,0.0038113468326628,0.0038113468326628
4833,0.0038743843324482,0.0038743843324482
4834,0.0036682402715086,0.0036682402715086
4835,0.0039843674749135,0.0039843674749135
4836,0.0039193993434309,0.0039193993434309
4837,0.0037490068934857,0.0037490068934857
4838,0.0036784613039344,0.0036784613039344
4839,0.0037175586912781,0.0037175586912781
4840,0.0037001005839556,0.0037001005839556
4841,0.0038041982334107,0.0038041982334107
4842,0.0038233925588428,0.0038233925588428
4843,0.0036148861981928,0.0036148861981928
4844,0.003773002885282,0.003773002885282
4845,0.004033853765577,0.004033853765577
4846,0.0037573964800685,0.0037573964800685
4847,0.0039522303268313,0.0039522303268313
4848,0.0037887934595346,0.0037887934595346
4849,0.0039190645329654,0.0039190645329654
4850,0.0038113053888082,0.0038113053888082
4851,0.0038159636314958,0.0038159636314958
4852,0.0038724192418158,0.0038724192418158
4853,0.0040068333037197,0.0040068333037197
4854,0.0041882963851094,0.0041882963851094
4855,0.0038267613854259,0.0038267613854259
4856,0.0038923588581383,0.0038923588581383
4857,0.0038406562525779,0.0038406562525779
4858,0.0039794854819774,0.0039794854819774
4859,0.0039740167558193,0.0039740167558193
4860,0.0037373097147792,0.0037373097147792
4861,0.003693304490298,0.003693304490298
4862,0.0037234204355627,0.0037234204355627
4863,0.0038777675945311,0.0038777675945311
4864,0.0038444628007709,0.0038444628007709
4865,0.0039868243038654,0.0039868243038654
4866,0.0039712409488856,0.0039712409488856
4867,0.0040854774415493,0.0040854774415493
4868,0.0038714194670319,0.0038714194670319
4869,0.003902529599145,0.003902529599145
4870,0.0040187826380133,0.0040187826380133
4871,0.0037414419930428,0.0037414419930428
4872,0.0038994571659713,0.0038994571659713
4873,0.0038646969478577,0.0038646969478577
4874,0.0041464767418801,0.0041464767418801
4875,0.0036394405178725,0.0036394405178725
4876,0.0037918796297162,0.0037918796297162
4877,0.0035870564170181,0.0035870564170181
4878,0.0037092033307999,0.0037092033307999
4879,0.0038434481248259,0.0038434481248259
4880,0.0036904457956552,0.0036904457956552
4881,0.0037794399540871,0.0037794399540871
4882,0.0039210710674524,0.0039210710674524
4883,0.0036373622715473,0.0036373622715473
4884,0.0036492953076958,0.0036492953076958
4885,0.0037180609069764,0.0037180609069764
4886,0.0036883489228785,0.0036883489228785
4887,0.0037887857761234,0.0037887857761234
4888,0.0037495715077966,0.0037495715077966
4889,0.0037652836181223,0.0037652836181223
4890,0.0038885353133082,0.0038885353133082
4891,0.003853719914332,0.003853719914332
4892,0.0037784501910209,0.0037784501910209
4893,0.003716612001881,0.003716612001881
4894,0.0038787408266216,0.0038787408266216
4895,0.0038383996579796,0.0038383996579796
4896,0.0040126368403434,0.0040126368403434
4897,0.0041491743177175,0.0041491743177175
4898,0.003982865717262,0.003982865717262
4899,0.0038445680402219,0.0038445680402219
4900,0.0037718466483056,0.0037718466483056
4901,0.0037847911007702,0.0037847911007702
4902,0.0040229917503893,0.0040229917503893
4903,0.0038350084796547,0.0038350084796547
4904,0.0038364073261618,0.0038364073261618
4905,0.0037514783907681,0.0037514783907681
4906,0.0038897304330021,0.0038897304330021
4907,0.0039151017554104,0.0039151017554104
4908,0.0038431675639003,0.0038431675639003
4909,0.00364222493954,0.00364222493954
4910,0.0038105007261037,0.0038105007261037
4911,0.0038683840539306,0.0038683840539306
4912,0.0037448122166097,0.0037448122166097
4913,0.0038001099601387,0.0038001099601387
4914,0.0037872821558266,0.0037872821558266
4915,0.0038270805962383,0.0038270805962383
4916,0.0038967817090451,0.0038967817090451
4917,0.0039813537150621,0.0039813537150621
4918,0.0038019136991351,0.0038019136991351
4919,0.0039570895023643,0.0039570895023643
4920,0.0037623969838023,0.0037623969838023
4921,0.003919240552932,0.003919240552932
4922,0.0037448275834321,0.0037448275834321
4923,0.003793412586674,0.003793412586674
4924,0.0040806350298225,0.0040806350298225
4925,0.0037742762360721,0.0037742762360721
4926,0.0037043646443635,0.0037043646443635
4927,0.0035574617795646,0.0035574617795646
4928,0.0039026122540235,0.0039026122540235
4929,0.0037888856604695,0.0037888856604695
4930,0.0038959220983088,0.0038959220983088
4931,0.0037717891391366,0.0037717891391366
4932,0.0037053688429296,0.0037053688429296
4933,0.0037226546555757,0.0037226546555757
4934,0.0038270880468189,0.0038270880468189
4935,0.0037468601949512,0.0037468601949512
4936,0.0037358382251113,0.0037358382251113
4937,0.0037699185777455,0.0037699185777455
4938,0.0037449840456247,0.0037449840456247
4939,0.0036776575725525,0.0036776575725525
4940,0.0040029329247772,0.0040029329247772
4941,0.0038674999959766,0.0038674999959766
4942,0.0038641765713691,0.0038641765713691
4943,0.0038553255144506,0.0038553255144506
4944,0.0038976140785962,0.0038976140785962
4945,0.0038133929483592,0.0038133929483592
4946,0.0037378079723566,0.0037378079723566
4947,0.0038132446352392,0.0038132446352392
4948,0.0035454223398119,0.0035454223398119
4949,0.0036109369248151,0.0036109369248151
4950,0.003840337274596,0.003840337274596
4951,0.0037218735087662,0.0037218735087662
4952,0.0038999721873551,0.0038999721873551
4953,0.0036029214970767,0.0036029214970767
4954,0.00359777524136,0.00359777524136
4955,0.0038732702378183,0.0038732702378183
4956,0.0038034147582948,0.0038034147582948
4957,0.0039527341723442,0.0039527341723442
4958,0.0040382165461778,0.0040382165461778
4959,0.0037907236255705,0.0037907236255705
4960,0.0039592739194631,0.0039592739194631
4961,0.0037304959259927,0.0037304959259927
4962,0.0038261916488409,0.0038261916488409
4963,0.0038142243865877,0.0038142243865877
4964,0.0037979364860802,0.0037979364860802
4965,0.0037153523880988,0.0037153523880988
4966,0.0036017859820276,0.0036017859820276
4967,0.0041682440787553,0.0041682440787553
4968,0.0039579337462782,0.0039579337462782
4969,0.0036492422223091,0.0036492422223091
4970,0.0037954631261527,0.0037954631261527
4971,0.003902968019247,0.003902968019247
4972,0.0041405814699828,0.0041405814699828
4973,0.0038872072473168,0.0038872072473168
4974,0.0039216307923197,0.0039216307923197
4975,0.0037236108910292,0.0037236108910292
4976,0.0038113903719931,0.0038113903719931
4977,0.003967061638832,0.003967061638832
4978,0.003883117577061,0.003883117577061
4979,0.003788731759414,0.003788731759414
4980,0.0039797071367502,0.0039797071367502
4981,0.0038105153944343,0.0038105153944343
4982,0.0040317922830581,0.0040317922830581
4983,0.0038812451530247,0.0038812451530247
4984,0.0038574640639126,0.0038574640639126
4985,0.0040908521041274,0.0040908521041274
4986,0.0036716384347528,0.0036716384347528
4987,0.0038125198334455,0.0038125198334455
4988,0.0039682015776634,0.0039682015776634
4989,0.0037825559265911,0.0037825559265911
4990,0.0038083775434643,0.0038083775434643
4991,0.0036851647309958,0.0036851647309958
4992,0.0039550047367811,0.0039550047367811
4993,0.0037319092079997,0.0037319092079997
4994,0.0037378983106464,0.0037378983106464
4995,0.0038021348882466,0.0038021348882466
4996,0.003895012428984,0.003895012428984
4997,0.0037526953965425,0.0037526953965425
4998,0.004053593147546,0.004053593147546
4999,0.0036981534212827,0.0036981534212827
5000,0.003922670148313,0.003922670148313
5001,0.0037182527594268,0.0037182527594268
5002,0.0039850277826189,0.0039850277826189
5003,0.0036343461833894,0.0036343461833894
5004,0.0037160760257393,0.0037160760257393
5005,0.0036249908152967,0.0036249908152967
5006,0.0038710637018084,0.0038710637018084
5007,0.0035877046175301,0.0035877046175301
5008,0.0037874011322855,0.0037874011322855
5009,0.0038173142820596,0.0038173142820596
5010,0.0036429117899388,0.0036429117899388
5011,0.0038908007554709,0.0038908007554709
5012,0.0037908137310296,0.0037908137310296
5013,0.0039692865684628,0.0039692865684628
5014,0.0039077666588127,0.0039077666588127
5015,0.0040311343036592,0.0040311343036592
5016,0.0039473911747336,0.0039473911747336
5017,0.0037049613893032,0.0037049613893032
5018,0.003661069786176,0.003661069786176
5019,0.0038546121213585,0.0038546121213585
5020,0.0038073803298175,0.0038073803298175
5021,0.0038975258357822,0.0038975258357822
5022,0.0038900929503142,0.0038900929503142
5023,0.0037859012372791,0.0037859012372791
5024,0.004069379530847,0.004069379530847
5025,0.003627277445048,0.003627277445048
5026,0.0039631081745028,0.0039631081745028
5027,0.003837915835902,0.003837915835902
5028,0.0037621855735778,0.0037621855735778
5029,0.0036982176825404,0.0036982176825404
5030,0.0039277747273445,0.0039277747273445
5031,0.0035871635191142,0.0035871635191142
5032,0.0038484181277453,0.0038484181277453
5033,0.0037220388185232,0.0037220388185232
5034,0.0036517437547445,0.0036517437547445
5035,0.0036826068535447,0.0036826068535447
5036,0.00366274965927,0.00366274965927
5037,0.0037431276869028,0.0037431276869028
5038,0.0037229710724204,0.0037229710724204
5039,0.0035707361530512,0.0035707361530512
5040,0.0038053635507822,0.0038053635507822
5041,0.0037966095842421,0.0037966095842421
5042,0.0037305725272744,0.0037305725272744
5043,0.003628508420661,0.003628508420661
5044,0.0041377460584044,0.0041377460584044
5045,0.0036622004117816,0.0036622004117816
5046,0.0036763912066817,0.0036763912066817
5047,0.0039615491405129,0.0039615491405129
5048,0.0035817008465528,0.0035817008465528
5049,0.0037803610321134,0.0037803610321134
5050,0.0038434606976807,0.0038434606976807
5051,0.0037446974311023,0.0037446974311023
5052,0.0036487807519733,0.0036487807519733
5053,0.0038788344245404,0.0038788344245404
5054,0.0037674373015761,0.0037674373015761
5055,0.0038648773916065,0.0038648773916065
5056,0.0036833046469837,0.0036833046469837
5057,0.0037971048150211,0.0037971048150211
5058,0.0035964231938123,0.0035964231938123
5059,0.0036249391268938,0.0036249391268938
5060,0.0037763172294944,0.0037763172294944
5061,0.0040113176219165,0.0040113176219165
5062,0.0037033676635473,0.0037033676635473
5063,0.0038668380584567,0.0038668380584567
5064,0.0036576720885932,0.0036576720885932
5065,0.0038357542362064,0.0038357542362064
5066,0.0040503684431314,0.0040503684431314
5067,0.0036908132024109,0.0036908132024109
5068,0.0035509725566953,0.0035509725566953
5069,0.0036927172914147,0.0036927172914147
5070,0.0039136903360486,0.0039136903360486
5071,0.004034926649183,0.004034926649183
5072,0.0038920100778341,0.0038920100778341
5073,0.0037653017789125,0.0037653017789125
5074,0.0039354246109724,0.0039354246109724
5075,0.0039923558942973,0.0039923558942973
5076,0.0038176991511136,0.0038176991511136
5077,0.0038195787928998,0.0038195787928998
5078,0.0037545477971434,0.0037545477971434
5079,0.0037460858002305,0.0037460858002305
5080,0.0038001225329935,0.0038001225329935
5081,0.003778335172683,0.003778335172683
5082,0.0039421445690095,0.0039421445690095
5083,0.0039207893423736,0.0039207893423736
5084,0.0036435229703783,0.0036435229703783
5085,0.0038247914053499,0.0038247914053499
5086,0.0036802960094064,0.0036802960094064
5087,0.0039057242684066,0.0039057242684066
5088,0.0038461666554212,0.0038461666554212
5089,0.0036716295871883,0.0036716295871883
5090,0.0038765640929341,0.0038765640929341
5091,0.0039302045479416,0.0039302045479416
5092,0.0036917279940098,0.0036917279940098
5093,0.0039080400019884,0.0039080400019884
5094,0.0039318799972534,0.0039318799972534
5095,0.0039000145625323,0.0039000145625323
5096,0.0040216939523816,0.0040216939523816
5097,0.0039201406762003,0.0039201406762003
5098,0.003835160518065,0.003835160518065
5099,0.0038396059535443,0.0038396059535443
5100,0.003934783861041,0.003934783861041
5101,0.0041523170657455,0.0041523170657455
5102,0.004119670484215,0.004119670484215
5103,0.0038538025692105,0.0038538025692105
5104,0.0037333439104259,0.0037333439104259
5105,0.0039294064044952,0.0039294064044952
5106,0.0039854533970355,0.0039854533970355
5107,0.0038324536290019,0.0038324536290019
5108,0.0036673687864094,0.0036673687864094
5109,0.0038871963042765,0.0038871963042765
5110,0.0037671355530619,0.0037671355530619
5111,0.0040207281708717,0.0040207281708717
5112,0.0038060031365603,0.0038060031365603
5113,0.0037879387382417,0.0037879387382417
5114,0.0040852301754057,0.0040852301754057
5115,0.0038347151130437,0.0038347151130437
5116,0.003846661420539,0.003846661420539
5117,0.0037458564620465,0.0037458564620465
5118,0.0037103593349456,0.0037103593349456
5119,0.0040102917701005,0.0040102917701005
5120,0.0037242057733237,0.0037242057733237
5121,0.0036140887532383,0.0036140887532383
5122,0.0037556709721684,0.0037556709721684
5123,0.0037281368859112,0.0037281368859112
5124,0.0039490507915616,0.0039490507915616
5125,0.0039647058583796,0.0039647058583796
5126,0.0039970753714442,0.0039970753714442
5127,0.0037088480312377,0.0037088480312377
5128,0.0037888181395828,0.0037888181395828
5129,0.0036960789002478,0.0036960789002478
5130,0.0036465572193264,0.0036465572193264
5131,0.003639658447355,0.003639658447355
5132,0.0037678030785173,0.0037678030785173
5133,0.0036977673880755,0.0036977673880755
5134,0.0038971805479377,0.0038971805479377
5135,0.0039680558256804,0.0039680558256804
5136,0.0039263321086764,0.0039263321086764
5137,0.003677382832393,0.003677382832393
5138,0.0036455951631069,0.0036455951631069
5139,0.0039160698652267,0.0039160698652267
5140,0.003769761417061,0.003769761417061
5141,0.0038364825304597,0.0038364825304597
5142,0.0039872545748949,0.0039872545748949
5143,0.0038959020748734,0.0038959020748734
5144,0.0038444427773356,0.0038444427773356
5145,0.0039707161486148,0.0039707161486148
5146,0.0040843407623469,0.0040843407623469
5147,0.0038875152822583,0.0038875152822583
5148,0.0039270622655749,0.0039270622655749
5149,0.003724692389369,0.003724692389369
5150,0.0038805913645774,0.0038805913645774
5151,0.0037596717011183,0.0037596717011183
5152,0.0036530960351228,0.0036530960351228
5153,0.0038107805885374,0.0038107805885374
5154,0.0038136430084705,0.0038136430084705
5155,0.003659771522507,0.003659771522507
5156,0.0036548655480146,0.0036548655480146
5157,0.0037528877146542,0.0037528877146542
5158,0.0038096664939075,0.0038096664939075
5159,0.003843625774607,0.003843625774607
5160,0.0036856913939118,0.0036856913939118
5161,0.0039413440972566,0.0039413440972566
5162,0.0039367480203509,0.0039367480203509
5163,0.0036272124852985,0.0036272124852985
5164,0.0035970790777355,0.0035970790777355
5165,0.0036517691332846,0.0036517691332846
5166,0.0038982219994068,0.0038982219994068
5167,0.0038197149988263,0.0038197149988263
5168,0.0039506596513092,0.0039506596513092
5169,0.0037434119731187,0.0037434119731187
5170,0.003819225821644,0.003819225821644
5171,0.0036828138399869,0.0036828138399869
5172,0.0039573390968143,0.0039573390968143
5173,0.0036886339075863,0.0036886339075863
5174,0.0038132194895297,0.0038132194895297
5175,0.0037215976044535,0.0037215976044535
5176,0.0041115945205092,0.0041115945205092
5177,0.0041655120439827,0.0041655120439827
5178,0.0037340209819376,0.0037340209819376
5179,0.0039563640020787,0.0039563640020787
5180,0.0039080753922462,0.0039080753922462
5181,0.0040124645456671,0.0040124645456671
5182,0.0038452770095318,0.0038452770095318
5183,0.0037195303011685,0.0037195303011685
5184,0.0038455934263765,0.0038455934263765
5185,0.0037095034494996,0.0037095034494996
5186,0.003828469896689,0.003828469896689
5187,0.0035355444997549,0.0035355444997549
5188,0.0039379820227622,0.0039379820227622
5189,0.0039304606616497,0.0039304606616497
5190,0.0036960549186915,0.0036960549186915
5191,0.0038414555601775,0.0038414555601775
5192,0.0039697759784758,0.0039697759784758
5193,0.0038349165115505,0.0038349165115505
5194,0.0037038074806332,0.0037038074806332
5195,0.0038222183939069,0.0038222183939069
5196,0.0037154243327677,0.0037154243327677
5197,0.0037637122441083,0.0037637122441083
5198,0.0038499301299452,0.0038499301299452
5199,0.003918133676052,0.003918133676052
5200,0.0038750895764678,0.0038750895764678
5201,0.0038903867825865,0.0038903867825865
5202,0.003939083777368,0.003939083777368
5203,0.0038656811229884,0.0038656811229884
5204,0.0039105424657464,0.0039105424657464
5205,0.0039243903011083,0.0039243903011083
5206,0.0037277655210345,0.0037277655210345
5207,0.0038181089330464,0.0038181089330464
5208,0.0038503077812492,0.0038503077812492
5209,0.0038040904328227,0.0038040904328227
5210,0.0038230626378208,0.0038230626378208
5211,0.0036327310372143,0.0036327310372143
5212,0.0039548324421048,0.0039548324421048
5213,0.0037600426003336,0.0037600426003336
5214,0.0038291872479021,0.0038291872479021
5215,0.0037938829045742,0.0037938829045742
5216,0.0038443082012236,0.0038443082012236
5217,0.0038400567136704,0.0038400567136704
5218,0.0037611746229231,0.0037611746229231
5219,0.003788883332163,0.003788883332163
5220,0.0037809880450367,0.0037809880450367
5221,0.0039115641266107,0.0039115641266107
5222,0.0037537470925599,0.0037537470925599
5223,0.0037559382617473,0.0037559382617473
5224,0.0037920540198683,0.0037920540198683
5225,0.0038623716682195,0.0038623716682195
5226,0.0038649078924208,0.0038649078924208
5227,0.0037123276852071,0.0037123276852071
5228,0.0037780362181365,0.0037780362181365
5229,0.0037073623389005,0.0037073623389005
5230,0.0037768234033137,0.0037768234033137
5231,0.0038151314947754,0.0038151314947754
5232,0.0038335951976478,0.0038335951976478
5233,0.0037384051829576,0.0037384051829576
5234,0.0038272480014711,0.0038272480014711
5235,0.0036461278796195,0.0036461278796195
5236,0.0038098224904388,0.0038098224904388
5237,0.003620077157393,0.003620077157393
5238,0.0037667888682335,0.0037667888682335
5239,0.0038665318861603,0.0038665318861603
5240,0.0037168385460972,0.0037168385460972
5241,0.0036606770008802,0.0036606770008802
5242,0.0040276749059557,0.0040276749059557
5243,0.0037383565213531,0.0037383565213531
5244,0.0037298069801181,0.0037298069801181
5245,0.0037992356810718,0.0037992356810718
5246,0.0037429044023156,0.0037429044023156
5247,0.0039030699990689,0.0039030699990689
5248,0.0036465555895119,0.0036465555895119
5249,0.0037134625017642,0.0037134625017642
5250,0.003879283554852,0.003879283554852
5251,0.0039997124113142,0.0039997124113142
5252,0.0039768433198332,0.0039768433198332
5253,0.0036155271809548,0.0036155271809548
5254,0.0036918909754604,0.0036918909754604
5255,0.0040495605207979,0.0040495605207979
5256,0.0038523077964782,0.0038523077964782
5257,0.0037481114268302,0.0037481114268302
5258,0.0038307388313114,0.0038307388313114
5259,0.0039072330109775,0.0039072330109775
5260,0.0037579676136374,0.0037579676136374
5261,0.0040603531524538,0.0040603531524538
5262,0.0037139034830033,0.0037139034830033
5263,0.0037490627728402,0.0037490627728402
5264,0.0036237605381757,0.0036237605381757
5265,0.0036298914346843,0.0036298914346843
5266,0.0038881043437868,0.0038881043437868
5267,0.0037904004566371,0.0037904004566371
5268,0.0036057345569133,0.0036057345569133
5269,0.0039240284822881,0.0039240284822881
5270,0.0037298195529729,0.0037298195529729
5271,0.0036264257505536,0.0036264257505536
5272,0.0037158124614506,0.0037158124614506
5273,0.0037375935353338,0.0037375935353338
5274,0.0038673835806548,0.0038673835806548
5275,0.0037088564131408,0.0037088564131408
5276,0.0038628547918051,0.0038628547918051
5277,0.0037011629901826,0.0037011629901826
5278,0.003754565026611,0.003754565026611
5279,0.0037882253527641,0.0037882253527641
5280,0.003882166929543,0.003882166929543
5281,0.0038090613670647,0.0038090613670647
5282,0.0038430695421993,0.0038430695421993
5283,0.0037545678205788,0.0037545678205788
5284,0.0038308291696012,0.0038308291696012
5285,0.0037831964436918,0.0037831964436918
5286,0.0039150761440396,0.0039150761440396
5287,0.0038326005451381,0.0038326005451381
5288,0.0037076680455356,0.0037076680455356
5289,0.0038419482298195,0.0038419482298195
5290,0.0037384014576673,0.0037384014576673
5291,0.0039123091846704,0.0039123091846704
5292,0.0040806294418871,0.0040806294418871
5293,0.0039109191857278,0.0039109191857278
5294,0.0036292008589953,0.0036292008589953
5295,0.0040138256736099,0.0040138256736099
5296,0.0038894019089639,0.0038894019089639
5297,0.0039901761338114,0.0039901761338114
5298,0.0037529817782342,0.0037529817782342
5299,0.0038665179163217,0.0038665179163217
5300,0.0037613082677125,0.0037613082677125
5301,0.0038530773017555,0.0038530773017555
5302,0.0037688112352043,0.0037688112352043
5303,0.0039217146113514,0.0039217146113514
5304,0.0037741870619356,0.0037741870619356
5305,0.003775164950639,0.003775164950639
5306,0.003829586552456,0.003829586552456
5307,0.0037925837095826,0.0037925837095826
5308,0.0036300388164818,0.0036300388164818
5309,0.0037117702886462,0.0037117702886462
5310,0.0037986438255757,0.0037986438255757
5311,0.0039511742070317,0.0039511742070317
5312,0.0038565678987652,0.0038565678987652
5313,0.0038074573967605,0.0038074573967605
5314,0.0039574550464749,0.0039574550464749
5315,0.0036191174294799,0.0036191174294799
5316,0.0036895733792334,0.0036895733792334
5317,0.0036269382108002,0.0036269382108002
5318,0.0038404273800551,0.0038404273800551
5319,0.0038153729401528,0.0038153729401528
5320,0.0037985427770763,0.0037985427770763
5321,0.0037770352791994,0.0037770352791994
5322,0.0038329700473695,0.0038329700473695
5323,0.0035855690948665,0.0035855690948665
5324,0.0040425173938274,0.0040425173938274
5325,0.0037497875746339,0.0037497875746339
5326,0.0039693815633654,0.0039693815633654
5327,0.0037500970065593,0.0037500970065593
5328,0.0036769786383956,0.0036769786383956
5329,0.0037397635169327,0.0037397635169327
5330,0.0035981726832687,0.0035981726832687
5331,0.0037715467624366,0.0037715467624366
5332,0.0038363805506378,0.0038363805506378
5333,0.0037220087833702,0.0037220087833702
5334,0.0036526734475046,0.0036526734475046
5335,0.0040266630239784,0.0040266630239784
5336,0.0039228782989084,0.0039228782989084
5337,0.0038738639559596,0.0038738639559596
5338,0.003902677912265,0.003902677912265
5339,0.0039469986222684,0.0039469986222684
5340,0.004013386555016,0.004013386555016
5341,0.0038597302045673,0.0038597302045673
5342,0.0039204438216984,0.0039204438216984
5343,0.0037396973930299,0.0037396973930299
5344,0.003781905863434,0.003781905863434
5345,0.0040357653051614,0.0040357653051614
5346,0.0041806832887232,0.0041806832887232
5347,0.0038666503969579,0.0038666503969579
5348,0.0038840547204017,0.0038840547204017
5349,0.0038741324096918,0.0038741324096918
5350,0.0038945693522691,0.0038945693522691
5351,0.0039332960732281,0.0039332960732281
5352,0.0039445413276553,0.0039445413276553
5353,0.0039189006201922,0.0039189006201922
5354,0.0037453265395015,0.0037453265395015
5355,0.0037570605054497,0.0037570605054497
5356,0.003590298583731,0.003590298583731
5357,0.0038382343482226,0.0038382343482226
5358,0.0037089411634951,0.0037089411634951
5359,0.0040278909727931,0.0040278909727931
5360,0.0038027460686862,0.0038027460686862
5361,0.0035772928968071,0.0035772928968071
5362,0.0036036761011928,0.0036036761011928
5363,0.0038782418705523,0.0038782418705523
5364,0.003845072351396,0.003845072351396
5365,0.0040136682800948,0.0040136682800948
5366,0.0038007975090295,0.0038007975090295
5367,0.0038158989045768,0.0038158989045768
5368,0.0038811024278402,0.0038811024278402
5369,0.0036826424766331,0.0036826424766331
5370,0.004156426526606,0.004156426526606
5371,0.0038080599624663,0.0038080599624663
5372,0.0038359204772859,0.0038359204772859
5373,0.0037878705188632,0.0037878705188632
5374,0.0037833072710782,0.0037833072710782
5375,0.0039987815544009,0.0039987815544009
5376,0.003804286243394,0.003804286243394
5377,0.00377888395451,0.00377888395451
5378,0.0040528820827603,0.0040528820827603
5379,0.004077885299921,0.004077885299921
5380,0.0036099920980632,0.0036099920980632
5381,0.0037735949736088,0.0037735949736088
5382,0.0037662822287529,0.0037662822287529
5383,0.0038917297497391,0.0038917297497391
5384,0.0038979011587798,0.0038979011587798
5385,0.0036422868724912,0.0036422868724912
5386,0.0037241480313241,0.0037241480313241
5387,0.0038723121397197,0.0038723121397197
5388,0.0036727774422615,0.0036727774422615
5389,0.0039536789990961,0.0039536789990961
5390,0.0037044973578304,0.0037044973578304
5391,0.0037253629416227,0.0037253629416227
5392,0.0039136251434683,0.0039136251434683
5393,0.0038111845497041,0.0038111845497041
5394,0.0036802657414227,0.0036802657414227
5395,0.00366355269216,0.00366355269216
5396,0.0036783094983547,0.0036783094983547
5397,0.0036177246365696,0.0036177246365696
5398,0.0037062896881252,0.0037062896881252
5399,0.0036756074987351,0.0036756074987351
5400,0.0037992587313055,0.0037992587313055
5401,0.0038348366506397,0.0038348366506397
5402,0.003839103737846,0.003839103737846
5403,0.0039561125449836,0.0039561125449836
5404,0.0038727791979908,0.0038727791979908
5405,0.0038766243960708,0.0038766243960708
5406,0.0038092797622084,0.0038092797622084
5407,0.0039834673516452,0.0039834673516452
5408,0.0035534512717276,0.0035534512717276
5409,0.0039762784726917,0.0039762784726917
5410,0.003768581431359,0.003768581431359
5411,0.0038660080172121,0.0038660080172121
5412,0.0038568864110857,0.0038568864110857
5413,0.003827457781881,0.003827457781881
5414,0.0038257802370935,0.0038257802370935
5415,0.0039879763498902,0.0039879763498902
5416,0.0037419407162815,0.0037419407162815
5417,0.0039697550237178,0.0039697550237178
5418,0.0039045584853738,0.0039045584853738
5419,0.0038405482191592,0.0038405482191592
5420,0.0037848006468266,0.0037848006468266
5421,0.0036462184507399,0.0036462184507399
5422,0.0035219846758991,0.0035219846758991
5423,0.0037988782860338,0.0037988782860338
5424,0.0037398780696094,0.0037398780696094
5425,0.0037960992194712,0.0037960992194712
5426,0.0036183285992592,0.0036183285992592
5427,0.0039299605414271,0.0039299605414271
5428,0.0037242828402668,0.0037242828402668
5429,0.003752056742087,0.003752056742087
5430,0.003657353343442,0.003657353343442
5431,0.0037449509836733,0.0037449509836733
5432,0.0038267984054982,0.0038267984054982
5433,0.0038512686733156,0.0038512686733156
5434,0.0036645054351538,0.0036645054351538
5435,0.0038675633259117,0.0038675633259117
5436,0.0036962314043194,0.0036962314043194
5437,0.0039247851818799,0.0039247851818799
5438,0.0038203464355319,0.0038203464355319
5439,0.0039275642484426,0.0039275642484426
5440,0.0037823796737939,0.0037823796737939
5441,0.00370874395594,0.00370874395594
5442,0.0036760356742888,0.0036760356742888
5443,0.0039622909389436,0.0039622909389436
5444,0.003771050600335,0.003771050600335
5445,0.0036481928545981,0.0036481928545981
5446,0.004090154543519,0.004090154543519
5447,0.0040381499566137,0.0040381499566137
5448,0.0037268933374434,0.0037268933374434
5449,0.0037121148779988,0.0037121148779988
5450,0.003923924639821,0.003923924639821
5451,0.0038122099358588,0.0038122099358588
5452,0.0038482418749481,0.0038482418749481
5453,0.0037972591817378,0.0037972591817378
5454,0.0036361119709908,0.0036361119709908
5455,0.0037548765540122,0.0037548765540122
5456,0.0037699183449149,0.0037699183449149
5457,0.0037173284217715,0.0037173284217715
5458,0.0037886216305196,0.0037886216305196
5459,0.0038857823237776,0.0038857823237776
5460,0.0039511444047093,0.0039511444047093
5461,0.0039697745814919,0.0039697745814919
5462,0.0037666670978069,0.0037666670978069
5463,0.0036626257933676,0.0036626257933676
5464,0.0037831552326679,0.0037831552326679
5465,0.0037322004791349,0.0037322004791349
5466,0.0039089061319828,0.0039089061319828
5467,0.0036927433684468,0.0036927433684468
5468,0.0037039888557046,0.0037039888557046
5469,0.0037568639963865,0.0037568639963865
5470,0.0037543952930718,0.0037543952930718
5471,0.003920049406588,0.003920049406588
5472,0.0040227575227618,0.0040227575227618
5473,0.0038289483636617,0.0038289483636617
5474,0.0040230555459856,0.0040230555459856
5475,0.0038758134469389,0.0038758134469389
5476,0.0036643685307353,0.0036643685307353
5477,0.0035846044775098,0.0035846044775098
5478,0.0038350217510014,0.0038350217510014
5479,0.0040078475140035,0.0040078475140035
5480,0.003968147560954,0.003968147560954
5481,0.0036301470827311,0.0036301470827311
5482,0.0037010123487561,0.0037010123487561
5483,0.0037907862570136,0.0037907862570136
5484,0.0037250153254717,0.0037250153254717
5485,0.0039163371548056,0.0039163371548056
5486,0.0039236461743712,0.0039236461743712
5487,0.0036845160648226,0.0036845160648226
5488,0.0038219017442315,0.0038219017442315
5489,0.0038566817529499,0.0038566817529499
5490,0.0036872555501759,0.0036872555501759
5491,0.0038406287785619,0.0038406287785619
5492,0.00378417246975,0.00378417246975
5493,0.0039298394694924,0.0039298394694924
5494,0.003853676142171,0.003853676142171
5495,0.0039446945302188,0.0039446945302188
5496,0.0037018295843154,0.0037018295843154
5497,0.0036947508342564,0.0036947508342564
5498,0.0038403300568461,0.0038403300568461
5499,0.0037055809516459,0.0037055809516459
5500,0.0039414763450622,0.0039414763450622
5501,0.0039474125951528,0.0039474125951528
5502,0.0037417854182422,0.0037417854182422
5503,0.0037417002022266,0.0037417002022266
5504,0.003734951140359,0.003734951140359
5505,0.003689881414175,0.003689881414175
5506,0.0038296438287943,0.0038296438287943
5507,0.0038992518093436,0.0038992518093436
5508,0.0038088934961706,0.0038088934961706
5509,0.0040093925781548,0.0040093925781548
5510,0.0040028858929872,0.0040028858929872
5511,0.0039227954111993,0.0039227954111993
5512,0.0038132579065859,0.0038132579065859
5513,0.0039697540923953,0.0039697540923953
5514,0.0037312419153749,0.0037312419153749
5515,0.0036936323158442,0.0036936323158442
5516,0.0039156135171651,0.0039156135171651
5517,0.0041334871202707,0.0041334871202707
5518,0.0038371523842215,0.0038371523842215
5519,0.0037201857194304,0.0037201857194304
5520,0.0039654527790844,0.0039654527790844
5521,0.00380280171521,0.00380280171521
5522,0.0037097339518368,0.0037097339518368
5523,0.0038058497011661,0.0038058497011661
5524,0.0038010675925761,0.0038010675925761
5525,0.0038130199536681,0.0038130199536681
5526,0.0039342539384961,0.0039342539384961
5527,0.003916582558304,0.003916582558304
5528,0.0038115968927741,0.0038115968927741
5529,0.0038577737286686,0.0038577737286686
5530,0.0040835784748196,0.0040835784748196
5531,0.0038657018449157,0.0038657018449157
5532,0.0040343473665416,0.0040343473665416
5533,0.003730418626219,0.003730418626219
5534,0.0038591311313211,0.0038591311313211
5535,0.0038529969751834,0.0038529969751834
5536,0.0036903095897287,0.0036903095897287
5537,0.0036866418085992,0.0036866418085992
5538,0.0039675356820225,0.0039675356820225
5539,0.0038766551297158,0.0038766551297158
5540,0.0036510766949504,0.0036510766949504
5541,0.0038232086226344,0.0038232086226344
5542,0.0039116516709327,0.0039116516709327
5543,0.0041564274579286,0.0041564274579286
5544,0.0036530368961393,0.0036530368961393
5545,0.0037174266763031,0.0037174266763031
5546,0.0038316766731441,0.0038316766731441
5547,0.0039745597168803,0.0039745597168803
5548,0.0037920828908681,0.0037920828908681
5549,0.0036002434790134,0.0036002434790134
5550,0.003839265089482,0.003839265089482
5551,0.0036792876198887,0.0036792876198887
5552,0.0036468773614615,0.0036468773614615
5553,0.003658500732854,0.003658500732854
5554,0.0036559798754751,0.0036559798754751
5555,0.0037046335637569,0.0037046335637569
5556,0.0035422556102275,0.0035422556102275
5557,0.0037932023406028,0.0037932023406028
5558,0.0038328976370394,0.0038328976370394
5559,0.0037410967051982,0.0037410967051982
5560,0.0036169078666716,0.0036169078666716
5561,0.0037617033813148,0.0037617033813148
5562,0.0036803444381803,0.0036803444381803
5563,0.0037246944848448,0.0037246944848448
5564,0.0036762505769729,0.0036762505769729
5565,0.0036546925548464,0.0036546925548464
5566,0.0037681222893297,0.0037681222893297
5567,0.0039591500535607,0.0039591500535607
5568,0.0038613202050328,0.0038613202050328
5569,0.0035953451879322,0.0035953451879322
5570,0.0039578173309564,0.0039578173309564
5571,0.0038092951290309,0.0038092951290309
5572,0.0038683689199388,0.0038683689199388
5573,0.0038675011601299,0.0038675011601299
5574,0.0038612445350736,0.0038612445350736
5575,0.0035817290190607,0.0035817290190607
5576,0.003879013704136,0.003879013704136
5577,0.0037365939933806,0.0037365939933806
5578,0.0037077623419463,0.0037077623419463
5579,0.0038455021567642,0.0038455021567642
5580,0.0036541193258017,0.0036541193258017
5581,0.0039000504184514,0.0039000504184514
5582,0.0037745432928204,0.0037745432928204
5583,0.0037527924869209,0.0037527924869209
5584,0.0037553429137915,0.0037553429137915
5585,0.0038988678716123,0.0038988678716123
5586,0.0036711294669657,0.0036711294669657
5587,0.0037809973582625,0.0037809973582625
5588,0.0037125875242054,0.0037125875242054
5589,0.0038083789404481,0.0038083789404481
5590,0.0037303597200661,0.0037303597200661
5591,0.0039151394739747,0.0039151394739747
5592,0.0038175026420503,0.0038175026420503
5593,0.0037283790297806,0.0037283790297806
5594,0.0038651400245726,0.0038651400245726
5595,0.0038069717120379,0.0038069717120379
5596,0.0040616947226226,0.0040616947226226
5597,0.0038609385956078,0.0038609385956078
5598,0.0038452921435236,0.0038452921435236
5599,0.0037497647572308,0.0037497647572308
5600,0.0039017617236822,0.0039017617236822
5601,0.0037046407815068,0.0037046407815068
5602,0.0037328721955418,0.0037328721955418
5603,0.003905463265255,0.003905463265255
5604,0.0038020387291908,0.0038020387291908
5605,0.003915668465197,0.003915668465197
5606,0.0037627550773322,0.0037627550773322
5607,0.0036232944112271,0.0036232944112271
5608,0.0035524093545973,0.0035524093545973
5609,0.0039776568301022,0.0039776568301022
5610,0.0038463782984763,0.0038463782984763
5611,0.0038176432717591,0.0038176432717591
5612,0.0038086713757365,0.0038086713757365
5613,0.0037989323027431,0.0037989323027431
5614,0.003782189451158,0.003782189451158
5615,0.0040012439712882,0.0040012439712882
5616,0.0037491482216864,0.0037491482216864
5617,0.0038405319210141,0.0038405319210141
5618,0.0037049339152872,0.0037049339152872
5619,0.0039576450362801,0.0039576450362801
5620,0.0038303842302411,0.0038303842302411
5621,0.0038377176970243,0.0038377176970243
5622,0.00358381960541,0.00358381960541
5623,0.0038320838939398,0.0038320838939398
5624,0.0038695072289556,0.0038695072289556
5625,0.003860501339659,0.003860501339659
5626,0.0036280949134379,0.0036280949134379
5627,0.0039593763649463,0.0039593763649463
5628,0.0037368570920079,0.0037368570920079
5629,0.0037882297765463,0.0037882297765463
5630,0.0040960246697068,0.0040960246697068
5631,0.0038939258083701,0.0038939258083701
5632,0.0036918180994689,0.0036918180994689
5633,0.0038625672459602,0.0038625672459602
5634,0.0038804823998361,0.0038804823998361
5635,0.0038935805205255,0.0038935805205255
5636,0.0038504181429743,0.0038504181429743
5637,0.0038214512169361,0.0038214512169361
5638,0.0040120305493474,0.0040120305493474
5639,0.0037822371814399,0.0037822371814399
5640,0.0039422325789928,0.0039422325789928
5641,0.0038726297207176,0.0038726297207176
5642,0.0037371756043285,0.0037371756043285
5643,0.0037883936893194,0.0037883936893194
5644,0.004049761686474,0.004049761686474
5645,0.0039180116727948,0.0039180116727948
5646,0.0040398896671831,0.0040398896671831
5647,0.0037859680596739,0.0037859680596739
5648,0.0039358218200504,0.0039358218200504
5649,0.003747820854187,0.003747820854187
5650,0.0037651120219379,0.0037651120219379
5651,0.0038380781188607,0.0038380781188607
5652,0.0038540211971849,0.0038540211971849
5653,0.0038885534740984,0.0038885534740984
5654,0.0038725843187421,0.0038725843187421
5655,0.0037217622157186,0.0037217622157186
5656,0.0039254343137145,0.0039254343137145
5657,0.0039306576363742,0.0039306576363742
5658,0.0038834512233734,0.0038834512233734
5659,0.0037276151124387,0.0037276151124387
5660,0.0038788327947258,0.0038788327947258
5661,0.0038559595122933,0.0038559595122933
5662,0.0037536579184234,0.0037536579184234
5663,0.0039150798693299,0.0039150798693299
5664,0.0037140282802283,0.0037140282802283
5665,0.0038239646237343,0.0038239646237343
5666,0.0038374520372599,0.0038374520372599
5667,0.0038075298070907,0.0038075298070907
5668,0.0038053703028708,0.0038053703028708
5669,0.003708962816745,0.003708962816745
5670,0.0038858510088175,0.0038858510088175
5671,0.0040917359292507,0.0040917359292507
5672,0.00372134312056,0.00372134312056
5673,0.0038666394539177,0.0038666394539177
5674,0.0039276489987969,0.0039276489987969
5675,0.0036217803135514,0.0036217803135514
5676,0.0037193668540567,0.0037193668540567
5677,0.0036812571343034,0.0036812571343034
5678,0.0037601208314299,0.0037601208314299
5679,0.0037881813477724,0.0037881813477724
5680,0.0035193439107388,0.0035193439107388
5681,0.0037298295646905,0.0037298295646905
5682,0.0039802100509405,0.0039802100509405
5683,0.0037284309510141,0.0037284309510141
5684,0.0038713500835001,0.0038713500835001
5685,0.00352966459468,0.00352966459468
5686,0.0036305447574704,0.0036305447574704
5687,0.0037161274813115,0.0037161274813115
5688,0.0038501331582665,0.0038501331582665
5689,0.0037736380472779,0.0037736380472779
5690,0.0036855703219771,0.0036855703219771
5691,0.0036386800929903,0.0036386800929903
5692,0.0036979869473725,0.0036979869473725
5693,0.003900991519913,0.003900991519913
5694,0.0039059370756149,0.0039059370756149
5695,0.0037238788791,0.0037238788791
5696,0.0036915789823979,0.0036915789823979
5697,0.0035959789529442,0.0035959789529442
5698,0.0037932686973363,0.0037932686973363
5699,0.0038184477016329,0.0038184477016329
5700,0.0038866896647959,0.0038866896647959
5701,0.0037611778825521,0.0037611778825521
5702,0.0038610333576798,0.0038610333576798
5703,0.0036817868240177,0.0036817868240177
5704,0.0039276177994906,0.0039276177994906
5705,0.0037427220959216,0.0037427220959216
5706,0.0038954366464167,0.0038954366464167
5707,0.0039694071747362,0.0039694071747362
5708,0.0038408827967941,0.0038408827967941
5709,0.0036774310283362,0.0036774310283362
5710,0.0037164092063903,0.0037164092063903
5711,0.0037965108640491,0.0037965108640491
5712,0.0042450642213225,0.0042450642213225
5713,0.0036165150813758,0.0036165150813758
5714,0.0037215482443571,0.0037215482443571
5715,0.0038803196512162,0.0038803196512162
5716,0.003835437586531,0.003835437586531
5717,0.0038682490121573,0.0038682490121573
5718,0.0038431372959166,0.0038431372959166
5719,0.0037642472889274,0.0037642472889274
5720,0.0038651558570563,0.0038651558570563
5721,0.0038186386227607,0.0038186386227607
5722,0.0037963113281875,0.0037963113281875
5723,0.003865907434374,0.003865907434374
5724,0.0037739390973001,0.0037739390973001
5725,0.003900917712599,0.003900917712599
5726,0.0037821838632225,0.0037821838632225
5727,0.003854559501633,0.003854559501633
5728,0.0036788608413189,0.0036788608413189
5729,0.0037850348744541,0.0037850348744541
5730,0.0037530532572418,0.0037530532572418
5731,0.0038747962098568,0.0038747962098568
5732,0.0038917572237551,0.0038917572237551
5733,0.0037190378643572,0.0037190378643572
5734,0.0037323157303035,0.0037323157303035
5735,0.0037517733871936,0.0037517733871936
5736,0.0036736980546265,0.0036736980546265
5737,0.0036738095805048,0.0036738095805048
5738,0.0036457479000091,0.0036457479000091
5739,0.0038250589277595,0.0038250589277595
5740,0.0037187011912465,0.0037187011912465
5741,0.0036793905310332,0.0036793905310332
5742,0.0037196329794824,0.0037196329794824
5743,0.0037893955595791,0.0037893955595791
5744,0.003951464779675,0.003951464779675
5745,0.0037028472870588,0.0037028472870588
5746,0.0037639585789293,0.0037639585789293
5747,0.0040969373658299,0.0040969373658299
5748,0.0039030597545206,0.0039030597545206
5749,0.003922183997929,0.003922183997929
5750,0.0039441506378352,0.0039441506378352
5751,0.0038271599914878,0.0038271599914878
5752,0.0038787510711699,0.0038787510711699
5753,0.0036534089595079,0.0036534089595079
5754,0.0037547161336988,0.0037547161336988
5755,0.0035132593475282,0.0035132593475282
5756,0.0040899408049881,0.0040899408049881
5757,0.003992308396846,0.003992308396846
5758,0.0040287617594003,0.0040287617594003
5759,0.0037145894020795,0.0037145894020795
5760,0.0038687188643962,0.0038687188643962
5761,0.0038491142913699,0.0038491142913699
5762,0.0037890176754444,0.0037890176754444
5763,0.0035162102431058,0.0035162102431058
5764,0.0037512741982936,0.0037512741982936
5765,0.0039499849081039,0.0039499849081039
5766,0.0036300106439739,0.0036300106439739
5767,0.0039552384987473,0.0039552384987473
5768,0.0039143105968832,0.0039143105968832
5769,0.0036543845199048,0.0036543845199048
5770,0.0039366204291582,0.0039366204291582
5771,0.0035590061452239,0.0035590061452239
5772,0.0038373714778572,0.0038373714778572
5773,0.0037747011519968,0.0037747011519968
5774,0.0037466236390173,0.0037466236390173
5775,0.003628731239587,0.003628731239587
5776,0.0039145234040915,0.0039145234040915
5777,0.0039069363847374,0.0039069363847374
5778,0.0038298340514302,0.0038298340514302
5779,0.0036362269893288,0.0036362269893288
5780,0.0041293278336524,0.0041293278336524
5781,0.0039521101862192,0.0039521101862192
5782,0.0038955288473516,0.0038955288473516
5783,0.0036602087784558,0.0036602087784558
5784,0.003876901930198,0.003876901930198
5785,0.0038356694858521,0.0038356694858521
5786,0.0039137289859354,0.0039137289859354
5787,0.0038225252646952,0.0038225252646952
5788,0.0035957768559455,0.0035957768559455
5789,0.0038414108566939,0.0038414108566939
5790,0.0038169953040778,0.0038169953040778
5791,0.0037198024801909,0.0037198024801909
5792,0.0035425559617578,0.0035425559617578
5793,0.0037436801940202,0.0037436801940202
5794,0.0037214620970189,0.0037214620970189
5795,0.0037675509229302,0.0037675509229302
5796,0.0039443867281079,0.0039443867281079
5797,0.003885191399604,0.003885191399604
5798,0.0036828648298978,0.0036828648298978
5799,0.0039494954980909,0.0039494954980909
5800,0.0039355242624878,0.0039355242624878
5801,0.0036465623416006,0.0036465623416006
5802,0.0041604423895478,0.0041604423895478
5803,0.0037401888985186,0.0037401888985186
5804,0.0038663900922983,0.0038663900922983
5805,0.0039147404022514,0.0039147404022514
5806,0.0039488123729825,0.0039488123729825
5807,0.0037600474897772,0.0037600474897772
5808,0.0039625475183129,0.0039625475183129
5809,0.0038102532271295,0.0038102532271295
5810,0.0037045825738459,0.0037045825738459
5811,0.0036910243798047,0.0036910243798047
5812,0.0039068227633833,0.0039068227633833
5813,0.0038258091080933,0.0038258091080933
5814,0.003840081160888,0.003840081160888
5815,0.0038195590022951,0.0038195590022951
5816,0.0038289565127342,0.0038289565127342
5817,0.0037201039958745,0.0037201039958745
5818,0.0040030474774539,0.0040030474774539
5819,0.0039514009840786,0.0039514009840786
5820,0.0037381870206445,0.0037381870206445
5821,0.0039481585845351,0.0039481585845351
5822,0.0037610137369483,0.0037610137369483
5823,0.0038053034804761,0.0038053034804761
5824,0.0038543557748198,0.0038543557748198
5825,0.0037724238354712,0.0037724238354712
5826,0.0038602170534431,0.0038602170534431
5827,0.0038281735032796,0.0038281735032796
5828,0.0039658420719206,0.0039658420719206
5829,0.003704653121531,0.003704653121531
5830,0.0038204458542168,0.0038204458542168
5831,0.0038115419447422,0.0038115419447422
5832,0.003844448365271,0.003844448365271
5833,0.0037895557470619,0.0037895557470619
5834,0.0039272750727832,0.0039272750727832
5835,0.0038040161598473,0.0038040161598473
5836,0.0036950993817299,0.0036950993817299
5837,0.0036663005594164,0.0036663005594164
5838,0.0039650904946029,0.0039650904946029
5839,0.0039277328178286,0.0039277328178286
5840,0.0039890585467219,0.0039890585467219
5841,0.0038838938344269,0.0038838938344269
5842,0.0038782234769314,0.0038782234769314
5843,0.0037074477877467,0.0037074477877467
5844,0.0039357310160994,0.0039357310160994
5845,0.0038060881197452,0.0038060881197452
5846,0.0039730384014546,0.0039730384014546
5847,0.0037622153759002,0.0037622153759002
5848,0.0039303721860051,0.0039303721860051
5849,0.0038515180349349,0.0038515180349349
5850,0.0039846431463956,0.0039846431463956
5851,0.0037430904339998,0.0037430904339998
5852,0.0037335914094001,0.0037335914094001
5853,0.00370435253717,0.00370435253717
5854,0.0036528226919472,0.0036528226919472
5855,0.0038756427820771,0.0038756427820771
5856,0.0038293036632239,0.0038293036632239
5857,0.0038488241843879,0.0038488241843879
5858,0.0038394010625779,0.0038394010625779
5859,0.003630835795775,0.003630835795775
5860,0.0039509474299848,0.0039509474299848
5861,0.003936271648854,0.003936271648854
5862,0.0036973757669329,0.0036973757669329
5863,0.0037696377839893,0.0037696377839893
5864,0.003836196148768,0.003836196148768
5865,0.0039523616433143,0.0039523616433143
5866,0.0039053375367075,0.0039053375367075
5867,0.0038153810892254,0.0038153810892254
5868,0.0039484295994043,0.0039484295994043
5869,0.0038484283722937,0.0038484283722937
5870,0.0035555094946175,0.0035555094946175
5871,0.0035387114621698,0.0035387114621698
5872,0.0036315065808594,0.0036315065808594
5873,0.0038960659876465,0.0038960659876465
5874,0.0038620042614638,0.0038620042614638
5875,0.0036654404830187,0.0036654404830187
5876,0.0038330093957483,0.0038330093957483
5877,0.003780553350225,0.003780553350225
5878,0.0038532363250851,0.0038532363250851
5879,0.003890261054039,0.003890261054039
5880,0.0038439796771854,0.0038439796771854
5881,0.0039623845368623,0.0039623845368623
5882,0.0038870493881404,0.0038870493881404
5883,0.0038637248799204,0.0038637248799204
5884,0.003612749511376,0.003612749511376
5885,0.0038226819597184,0.0038226819597184
5886,0.0037077574525028,0.0037077574525028
5887,0.0038840705528855,0.0038840705528855
5888,0.0037465991917997,0.0037465991917997
5889,0.0037000658921897,0.0037000658921897
5890,0.0037148064002394,0.0037148064002394
5891,0.0039173336699604,0.0039173336699604
5892,0.0037271548062562,0.0037271548062562
5893,0.0037495228461921,0.0037495228461921
5894,0.0037666917778551,0.0037666917778551
5895,0.0037253438495099,0.0037253438495099
5896,0.0038077852223068,0.0038077852223068
5897,0.0039554224349558,0.0039554224349558
5898,0.003758565057069,0.003758565057069
5899,0.003567743115127,0.003567743115127
5900,0.0035021870862692,0.0035021870862692
5901,0.0038414811715483,0.0038414811715483
5902,0.0037245706189423,0.0037245706189423
5903,0.0037259245291352,0.0037259245291352
5904,0.0038548356387764,0.0038548356387764
5905,0.0038488432765007,0.0038488432765007
5906,0.0037137155886739,0.0037137155886739
5907,0.0037106508389115,0.0037106508389115
5908,0.0038336056750267,0.0038336056750267
5909,0.0037741544656455,0.0037741544656455
5910,0.0036440044641494,0.0036440044641494
5911,0.0038166306912899,0.0038166306912899
5912,0.0038758658338338,0.0038758658338338
5913,0.0037447903305292,0.0037447903305292
5914,0.0037236039061099,0.0037236039061099
5915,0.003875653957948,0.003875653957948
5916,0.0038122644182294,0.0038122644182294
5917,0.0037443484179675,0.0037443484179675
5918,0.0038573669735342,0.0038573669735342
5919,0.0041010514833033,0.0041010514833033
5920,0.0037916055880486,0.0037916055880486
5921,0.0039447271265089,0.0039447271265089
5922,0.0039257137104868,0.0039257137104868
5923,0.0037987444084137,0.0037987444084137
5924,0.0037240392994135,0.0037240392994135
5925,0.0036858641542494,0.0036858641542494
5926,0.003830669214949,0.003830669214949
5927,0.0036928749177604,0.0036928749177604
5928,0.0036753728054463,0.0036753728054463
5929,0.0037363786250352,0.0037363786250352
5930,0.0039845099672675,0.0039845099672675
5931,0.0039592632092535,0.0039592632092535
5932,0.0037876251153647,0.0037876251153647
5933,0.0037467491347342,0.0037467491347342
5934,0.0038533341139554,0.0038533341139554
5935,0.0038762530311942,0.0038762530311942
5936,0.0038567492738366,0.0038567492738366
5937,0.0039013470523059,0.0039013470523059
5938,0.0037453742697834,0.0037453742697834
5939,0.0039350446313619,0.0039350446313619
5940,0.0036885822191834,0.0036885822191834
5941,0.0038317400030791,0.0038317400030791
5942,0.003671902231872,0.003671902231872
5943,0.0037645166739821,0.0037645166739821
5944,0.003761115251109,0.003761115251109
5945,0.0039802808314561,0.0039802808314561
5946,0.003460781648755,0.003460781648755
5947,0.0037830527871847,0.0037830527871847
5948,0.0039448328316211,0.0039448328316211
5949,0.0038480905350297,0.0038480905350297
5950,0.0037746392190456,0.0037746392190456
5951,0.0038383665960282,0.0038383665960282
5952,0.0036306066904217,0.0036306066904217
5953,0.0036611836403608,0.0036611836403608
5954,0.004103613551706,0.004103613551706
5955,0.0040154648013412,0.0040154648013412
5956,0.0037648882716894,0.0037648882716894
5957,0.0038246400654315,0.0038246400654315
5958,0.0037310330662876,0.0037310330662876
5959,0.0037278379313647,0.0037278379313647
5960,0.0036676831077784,0.0036676831077784
5961,0.0038275604601949,0.0038275604601949
5962,0.0041457777842879,0.0041457777842879
5963,0.0038397358730435,0.0038397358730435
5964,0.0038747119251638,0.0038747119251638
5965,0.0039876853115856,0.0039876853115856
5966,0.0038232521619647,0.0038232521619647
5967,0.0037866954226046,0.0037866954226046
5968,0.0041201198473572,0.0041201198473572
5969,0.0038736751303076,0.0038736751303076
5970,0.0036561561282724,0.0036561561282724
5971,0.003607238875702,0.003607238875702
5972,0.0039000818505883,0.0039000818505883
5973,0.0037151593714952,0.0037151593714952
5974,0.0039968593046069,0.0039968593046069
5975,0.0039839628152549,0.0039839628152549
5976,0.0037038305308669,0.0037038305308669
5977,0.0038535948842763,0.0038535948842763
5978,0.0041264751926064,0.0041264751926064
5979,0.0035874107852578,0.0035874107852578
5980,0.0038430816493928,0.0038430816493928
5981,0.0038420232012867,0.0038420232012867
5982,0.0038839261978864,0.0038839261978864
5983,0.0037601925432682,0.0037601925432682
5984,0.0037973737344145,0.0037973737344145
5985,0.0039069550111889,0.0039069550111889
5986,0.0037800630088895,0.0037800630088895
5987,0.0037600854411721,0.0037600854411721
5988,0.003681814763695,0.003681814763695
5989,0.0037243037950247,0.0037243037950247
5990,0.0037956959567964,0.0037956959567964
5991,0.0038181811105459,0.0038181811105459
5992,0.0036530268844217,0.0036530268844217
5993,0.0037804301828145,0.0037804301828145
5994,0.0038979589007794,0.0038979589007794
5995,0.0036042493302375,0.0036042493302375
5996,0.0036585552152246,0.0036585552152246
5997,0.003485788591206,0.003485788591206
5998,0.0037653984036296,0.0037653984036296
5999,0.0037548022810369,0.0037548022810369
6000,0.0038333302363753,0.0038333302363753
6001,0.0038117156364023,0.0038117156364023
6002,0.0038556843064725,0.0038556843064725
6003,0.0039333160966634,0.0039333160966634
6004,0.003689948702231,0.003689948702231
6005,0.0036930504720658,0.0036930504720658
6006,0.0038965833373367,0.0038965833373367
6007,0.0036300315987318,0.0036300315987318
6008,0.0037647886201739,0.0037647886201739
6009,0.0039046192541718,0.0039046192541718
6010,0.003701236564666,0.003701236564666
6011,0.0039042939897626,0.0039042939897626
6012,0.0036090794019401,0.0036090794019401
6013,0.0038051891606301,0.0038051891606301
6014,0.0037428634241223,0.0037428634241223
6015,0.0041052717715501,0.0041052717715501
6016,0.0040490459650754,0.0040490459650754
6017,0.0038709915243089,0.0038709915243089
6018,0.0038213715888559,0.0038213715888559
6019,0.0038139701355248,0.0038139701355248
6020,0.0037943504285067,0.0037943504285067
6021,0.003652513725683,0.003652513725683
6022,0.0038894328754395,0.0038894328754395
6023,0.0036929370835423,0.0036929370835423
6024,0.0036501723807305,0.0036501723807305
6025,0.0037837449926882,0.0037837449926882
6026,0.0036552562378346,0.0036552562378346
6027,0.0037263147532939,0.0037263147532939
6028,0.0037090242840349,0.0037090242840349
6029,0.0037777579855173,0.0037777579855173
6030,0.003655936801806,0.003655936801806
6031,0.0038394799921661,0.0038394799921661
6032,0.0037959250621497,0.0037959250621497
6033,0.0036774019245058,0.0036774019245058
6034,0.0034405088517814,0.0034405088517814
6035,0.0037724399007856,0.0037724399007856
6036,0.0036344791296869,0.0036344791296869
6037,0.0038466763217002,0.0038466763217002
6038,0.0037293657660484,0.0037293657660484
6039,0.0037651835009455,0.0037651835009455
6040,0.0037156390026211,0.0037156390026211
6041,0.003737392835319,0.003737392835319
6042,0.0039288667030632,0.0039288667030632
6043,0.0038247958291321,0.0038247958291321
6044,0.0036802536342293,0.0036802536342293
6045,0.0037384280003607,0.0037384280003607
6046,0.0036992658860981,0.0036992658860981
6047,0.0038116183131933,0.0038116183131933
6048,0.0035796242300421,0.0035796242300421
6049,0.0036161122843623,0.0036161122843623
6050,0.0038722995668649,0.0038722995668649
6051,0.0038487291894853,0.0038487291894853
6052,0.0036150570958852,0.0036150570958852
6053,0.0038093426264822,0.0038093426264822
6054,0.003684660885483,0.003684660885483
6055,0.003879748750478,0.003879748750478
6056,0.003713286248967,0.003713286248967
6057,0.0035636371467262,0.0035636371467262
6058,0.0038140511605888,0.0038140511605888
6059,0.0037769959308207,0.0037769959308207
6060,0.0038375933654606,0.0038375933654606
6061,0.0041825999505817,0.0041825999505817
6062,0.0037325946614146,0.0037325946614146
6063,0.003731241216883,0.003731241216883
6064,0.0038487405981868,0.0038487405981868
6065,0.0038054315373301,0.0038054315373301
6066,0.0039925617165863,0.0039925617165863
6067,0.003628927282989,0.003628927282989
6068,0.0036287137772887,0.0036287137772887
6069,0.0037050016690045,0.0037050016690045
6070,0.0035419531632214,0.0035419531632214
6071,0.0039065461605787,0.0039065461605787
6072,0.0036641848273575,0.0036641848273575
6073,0.0036956835538148,0.0036956835538148
6074,0.0037528618704527,0.0037528618704527
6075,0.0037116820458322,0.0037116820458322
6076,0.0037053453270345,0.0037053453270345
6077,0.0037881680764257,0.0037881680764257
6078,0.0035161257255822,0.0035161257255822
6079,0.0039495807141065,0.0039495807141065
6080,0.0038304540794342,0.0038304540794342
6081,0.0039681699126958,0.0039681699126958
6082,0.0038704767357558,0.0038704767357558
6083,0.003766787238419,0.003766787238419
6084,0.0038115163333714,0.0038115163333714
6085,0.0037478695157915,0.0037478695157915
6086,0.0038667963817715,0.0038667963817715
6087,0.0038123112171888,0.0038123112171888
6088,0.0038806740194559,0.0038806740194559
6089,0.0038456965703517,0.0038456965703517
6090,0.003766976064071,0.003766976064071
6091,0.0035580126568675,0.0035580126568675
6092,0.0036470599006861,0.0036470599006861
6093,0.0038730490487068,0.0038730490487068
6094,0.0039411620236933,0.0039411620236933
6095,0.0035319190938025,0.0035319190938025
6096,0.0038685766048729,0.0038685766048729
6097,0.0039118658751249,0.0039118658751249
6098,0.0038310955278575,0.0038310955278575
6099,0.003653997555375,0.003653997555375
6100,0.0036289975978434,0.0036289975978434
6101,0.003837785217911,0.003837785217911
6102,0.0036182692274451,0.0036182692274451
6103,0.0036672072019428,0.0036672072019428
6104,0.0036365194246172,0.0036365194246172
6105,0.0039240885525941,0.0039240885525941
6106,0.0036731846630573,0.0036731846630573
6107,0.0036687224637717,0.0036687224637717
6108,0.0037348298355937,0.0037348298355937
6109,0.0036106659099459,0.0036106659099459
6110,0.0038087025750428,0.0038087025750428
6111,0.0038591264747083,0.0038591264747083
6112,0.0037508495151996,0.0037508495151996
6113,0.0037074929568916,0.0037074929568916
6114,0.0037825410254299,0.0037825410254299
6115,0.0038896088954061,0.0038896088954061
6116,0.0036453553475439,0.0036453553475439
6117,0.0037833387032151,0.0037833387032151
6118,0.0036491537466645,0.0036491537466645
6119,0.003710517194122,0.003710517194122
6120,0.0038263506721705,0.0038263506721705
6121,0.0038221594877541,0.0038221594877541
6122,0.0036369967274367,0.0036369967274367
6123,0.003919209819287,0.003919209819287
6124,0.0037507233209908,0.0037507233209908
6125,0.0038880759384483,0.0038880759384483
6126,0.003827933454886,0.003827933454886
6127,0.0036670695990324,0.0036670695990324
6128,0.0038852600846439,0.0038852600846439
6129,0.0035965901333838,0.0035965901333838
6130,0.0036594793200492,0.0036594793200492
6131,0.0039206724613904,0.0039206724613904
6132,0.0038016110192984,0.0038016110192984
6133,0.003799713216722,0.003799713216722
6134,0.0039956308901309,0.0039956308901309
6135,0.0037599403876811,0.0037599403876811
6136,0.0038141885306686,0.0038141885306686
6137,0.0039586825296282,0.0039586825296282
6138,0.0038517129141837,0.0038517129141837
6139,0.003756859106943,0.003756859106943
6140,0.003766925772652,0.003766925772652
6141,0.003857277566567,0.003857277566567
6142,0.0036367990542203,0.0036367990542203
6143,0.0037887264043092,0.0037887264043092
6144,0.0038740369491279,0.0038740369491279
6145,0.0035719464067369,0.0035719464067369
6146,0.003670921549201,0.003670921549201
6147,0.00370520260185,0.00370520260185
6148,0.0036006234586238,0.0036006234586238
6149,0.003842526115477,0.003842526115477
6150,0.0038011940196156,0.0038011940196156
6151,0.003675379557535,0.003675379557535
6152,0.003907399252057,0.003907399252057
6153,0.0037086834199726,0.0037086834199726
6154,0.0037415595725178,0.0037415595725178
6155,0.0037754776421934,0.0037754776421934
6156,0.003792816074565,0.003792816074565
6157,0.0037407684139907,0.0037407684139907
6158,0.0037560535129159,0.0037560535129159
6159,0.0037336202803999,0.0037336202803999
6160,0.0038909469731152,0.0038909469731152
6161,0.0038141596596688,0.0038141596596688
6162,0.0038357460871338,0.0038357460871338
6163,0.0036835055798292,0.0036835055798292
6164,0.0038654708769172,0.0038654708769172
6165,0.0038143866695463,0.0038143866695463
6166,0.0042149806395173,0.0042149806395173
6167,0.0036010178737342,0.0036010178737342
6168,0.0037974691949784,0.0037974691949784
6169,0.0037252337206155,0.0037252337206155
6170,0.0037957527674734,0.0037957527674734
6171,0.0038383845239877,0.0038383845239877
6172,0.0037072384729981,0.0037072384729981
6173,0.0038589891046285,0.0038589891046285
6174,0.0037848057691007,0.0037848057691007
6175,0.0038070029113441,0.0038070029113441
6176,0.0038132416084408,0.0038132416084408
6177,0.0037483668420463,0.0037483668420463
6178,0.0037038917653262,0.0037038917653262
6179,0.0037856220733374,0.0037856220733374
6180,0.0039364648982882,0.0039364648982882
6181,0.0037151663564145,0.0037151663564145
6182,0.0039185490459203,0.0039185490459203
6183,0.0037954947911202,0.0037954947911202
6184,0.003518593031913,0.003518593031913
6185,0.0037052726838737,0.0037052726838737
6186,0.0038112138863652,0.0038112138863652
6187,0.0039673317223787,0.0039673317223787
6188,0.0038890275172889,0.0038890275172889
6189,0.0038634578231722,0.0038634578231722
6190,0.0037765384186059,0.0037765384186059
6191,0.0038528863806277,0.0038528863806277
6192,0.0037861939053982,0.0037861939053982
6193,0.0036963324528187,0.0036963324528187
6194,0.0037360738497227,0.0037360738497227
6195,0.0036913719959557,0.0036913719959557
6196,0.0037899850867688,0.0037899850867688
6197,0.0036602390464395,0.0036602390464395
6198,0.0036013273056596,0.0036013273056596
6199,0.0039085811004042,0.0039085811004042
6200,0.0037902956828475,0.0037902956828475
6201,0.0036664456129074,0.0036664456129074
6202,0.0039385743439197,0.0039385743439197
6203,0.0038287790957838,0.0038287790957838
6204,0.0036976458504796,0.0036976458504796
6205,0.003715083701536,0.003715083701536
6206,0.0037909890525043,0.0037909890525043
6207,0.0037026153877377,0.0037026153877377
6208,0.003842171980068,0.003842171980068
6209,0.0038126150611788,0.0038126150611788
6210,0.0037134776357561,0.0037134776357561
6211,0.0036318188067525,0.0036318188067525
6212,0.0037698815576732,0.0037698815576732
6213,0.0037686643190681,0.0037686643190681
6214,0.0039001954719424,0.0039001954719424
6215,0.0036945326719433,0.0036945326719433
6216,0.0038687074556946,0.0038687074556946
6217,0.0037349378690123,0.0037349378690123
6218,0.0037932866252958,0.0037932866252958
6219,0.0038349451497197,0.0038349451497197
6220,0.0039094486273825,0.0039094486273825
6221,0.0038763235788792,0.0038763235788792
6222,0.0036991799715906,0.0036991799715906
6223,0.0036898755934089,0.0036898755934089
6224,0.0037402266170829,0.0037402266170829
6225,0.0037263999693095,0.0037263999693095
6226,0.0037888742517679,0.0037888742517679
6227,0.0038005076348781,0.0038005076348781
6228,0.0037057728040963,0.0037057728040963
6229,0.0040142200887203,0.0040142200887203
6230,0.0036521269939839,0.0036521269939839
6231,0.003726115450263,0.003726115450263
6232,0.0038512661121785,0.0038512661121785
6233,0.00376792345196,0.00376792345196
6234,0.003777882317081,0.003777882317081
6235,0.003737247781828,0.003737247781828
6236,0.0038927090354263,0.0038927090354263
6237,0.0037933092098683,0.0037933092098683
6238,0.0038233543746173,0.0038233543746173
6239,0.0037317615933716,0.0037317615933716
6240,0.0038973912596702,0.0038973912596702
6241,0.0036556832492351,0.0036556832492351
6242,0.0037417199928313,0.0037417199928313
6243,0.0036928837653249,0.0036928837653249
6244,0.0035230342764407,0.0035230342764407
6245,0.0037592046428471,0.0037592046428471
6246,0.0038389277178794,0.0038389277178794
6247,0.0037033844273537,0.0037033844273537
6248,0.0037561666686087,0.0037561666686087
6249,0.0038576847873628,0.0038576847873628
6250,0.0037211482413113,0.0037211482413113
6251,0.0038122830446809,0.0038122830446809
6252,0.0037397581618279,0.0037397581618279
6253,0.0038130083121359,0.0038130083121359
6254,0.0037748159375041,0.0037748159375041
6255,0.0038258240092545,0.0038258240092545
6256,0.0036725006066262,0.0036725006066262
6257,0.0037875003181397,0.0037875003181397
6258,0.0038479967042803,0.0038479967042803
6259,0.0035950485616922,0.0035950485616922
6260,0.0036509705241769,0.0036509705241769
6261,0.0037551489658653,0.0037551489658653
6262,0.0039079198613762,0.0039079198613762
6263,0.0037494171410799,0.0037494171410799
6264,0.0035919053480029,0.0035919053480029
6265,0.0037349492777138,0.0037349492777138
6266,0.0037421826273202,0.0037421826273202
6267,0.0036942693404853,0.0036942693404853
6268,0.0037466625217348,0.0037466625217348
6269,0.0037273995112627,0.0037273995112627
6270,0.0037345008458942,0.0037345008458942
6271,0.0038724187761545,0.0038724187761545
6272,0.0037998466286808,0.0037998466286808
6273,0.0037868672516196,0.0037868672516196
6274,0.0037701411638408,0.0037701411638408
6275,0.0037280761171132,0.0037280761171132
6276,0.0039347456768155,0.0039347456768155
6277,0.0035308115184307,0.0035308115184307
6278,0.0038025486283004,0.0038025486283004
6279,0.0037668785080313,0.0037668785080313
6280,0.0039188582450151,0.0039188582450151
6281,0.0035564070567488,0.0035564070567488
6282,0.0037999060004949,0.0037999060004949
6283,0.0038112378679215,0.0038112378679215
6284,0.0036974984686821,0.0036974984686821
6285,0.0039091780781745,0.0039091780781745
6286,0.0037858122959733,0.0037858122959733
6287,0.0038567918818444,0.0038567918818444
6288,0.0037833335809409,0.0037833335809409
6289,0.0037069676909595,0.0037069676909595
6290,0.0037699965760111,0.0037699965760111
6291,0.0038973211776465,0.0038973211776465
6292,0.0035394958686083,0.0035394958686083
6293,0.0037191186565905,0.0037191186565905
6294,0.0037158955819904,0.0037158955819904
6295,0.0039756763726472,0.0039756763726472
6296,0.0037819584831595,0.0037819584831595
6297,0.0037438408471643,0.0037438408471643
6298,0.0035321053583174,0.0035321053583174
6299,0.0037342228461056,0.0037342228461056
6300,0.0036964125465601,0.0036964125465601
6301,0.0038557180669158,0.0038557180669158
6302,0.0036007219459861,0.0036007219459861
6303,0.0036240159533917,0.0036240159533917
6304,0.0036560331936925,0.0036560331936925
6305,0.0036233677528798,0.0036233677528798
6306,0.0037179044447839,0.0037179044447839
6307,0.0035803134087473,0.0035803134087473
6308,0.0036754643078893,0.0036754643078893
6309,0.0037981916684657,0.0037981916684657
6310,0.0036617829464375,0.0036617829464375
6311,0.0037033767439424,0.0037033767439424
6312,0.0036491432692855,0.0036491432692855
6313,0.0037274833302944,0.0037274833302944
6314,0.0037514413706958,0.0037514413706958
6315,0.0038327898364514,0.0038327898364514
6316,0.0036970551591366,0.0036970551591366
6317,0.0038483750540763,0.0038483750540763
6318,0.0039021749980747,0.0039021749980747
6319,0.0037808695342391,0.0037808695342391
6320,0.0036798475775867,0.0036798475775867
6321,0.0036402035038918,0.0036402035038918
6322,0.0036932865623384,0.0036932865623384
6323,0.0037924218922853,0.0037924218922853
6324,0.0037656654603779,0.0037656654603779
6325,0.0036870462354272,0.0036870462354272
6326,0.0037151186261326,0.0037151186261326
6327,0.0038297092542052,0.0038297092542052
6328,0.0037815459072589,0.0037815459072589
6329,0.0035335218999534,0.0035335218999534
6330,0.0035593821667134,0.0035593821667134
6331,0.0036853638011962,0.0036853638011962
6332,0.0036698961630463,0.0036698961630463
6333,0.0037543126381933,0.0037543126381933
6334,0.0037619168870151,0.0037619168870151
6335,0.0037499365862458,0.0037499365862458
6336,0.0036458992399275,0.0036458992399275
6337,0.0038669838104397,0.0038669838104397
6338,0.0035129473544657,0.0035129473544657
6339,0.0038349218666553,0.0038349218666553
6340,0.0037906591314822,0.0037906591314822
6341,0.0036144840996712,0.0036144840996712
6342,0.0037152504082769,0.0037152504082769
6343,0.0038465387187898,0.0038465387187898
6344,0.0037029795348644,0.0037029795348644
6345,0.0037292288616299,0.0037292288616299
6346,0.0039844107814133,0.0039844107814133
6347,0.0038154937792569,0.0038154937792569
6348,0.0038387239910662,0.0038387239910662
6349,0.0036782089155167,0.0036782089155167
6350,0.0036447797901928,0.0036447797901928
6351,0.0039417836815118,0.0039417836815118
6352,0.0037648451980203,0.0037648451980203
6353,0.0038227480836212,0.0038227480836212
6354,0.0038900200743228,0.0038900200743228
6355,0.0035866594407707,0.0035866594407707
6356,0.003753867233172,0.003753867233172
6357,0.003971797414124,0.003971797414124
6358,0.0038748227525502,0.0038748227525502
6359,0.0038078241050243,0.0038078241050243
6360,0.0036981126759201,0.0036981126759201
6361,0.004019733518362,0.004019733518362
6362,0.0037317976821213,0.0037317976821213
6363,0.0037616183981299,0.0037616183981299
6364,0.0037206865381449,0.0037206865381449
6365,0.0037547904066741,0.0037547904066741
6366,0.0035542207770049,0.0035542207770049
6367,0.0038451415020972,0.0038451415020972
6368,0.0036564390175044,0.0036564390175044
6369,0.0038088273722678,0.0038088273722678
6370,0.0037506208755075,0.0037506208755075
6371,0.0039533698000013,0.0039533698000013
6372,0.003891116939485,0.003891116939485
6373,0.0037561554927378,0.0037561554927378
6374,0.0036109802313148,0.0036109802313148
6375,0.0039673303253948,0.0039673303253948
6376,0.0037603355012834,0.0037603355012834
6377,0.0038715132977813,0.0038715132977813
6378,0.0037502862978726,0.0037502862978726
6379,0.0039081112481653,0.0039081112481653
6380,0.0036503192968666,0.0036503192968666
6381,0.0038432453293353,0.0038432453293353
6382,0.0037161782383918,0.0037161782383918
6383,0.003730562981218,0.003730562981218
6384,0.0036875177174806,0.0036875177174806
6385,0.0036612786352634,0.0036612786352634
6386,0.003698956221342,0.003698956221342
6387,0.0036757208872586,0.0036757208872586
6388,0.0039613666012883,0.0039613666012883
6389,0.0037477526348084,0.0037477526348084
6390,0.0035886799450963,0.0035886799450963
6391,0.0038297872524708,0.0038297872524708
6392,0.0037421507295221,0.0037421507295221
6393,0.0035684704780578,0.0035684704780578
6394,0.0036923463921993,0.0036923463921993
6395,0.0038430145941674,0.0038430145941674
6396,0.0038680981379002,0.0038680981379002
6397,0.0035913749597966,0.0035913749597966
6398,0.0035363384522497,0.0035363384522497
6399,0.003790027461946,0.003790027461946
6400,0.0036520806606858,0.0036520806606858
6401,0.0037782515864819,0.0037782515864819
6402,0.003811240196228,0.003811240196228
6403,0.0038510705344378,0.0038510705344378
6404,0.0036811484023928,0.0036811484023928
6405,0.0038581506814807,0.0038581506814807
6406,0.0034407814964652,0.0034407814964652
6407,0.0037830627989023,0.0037830627989023
6408,0.0040055960416793,0.0040055960416793
6409,0.0038596466183662,0.0038596466183662
6410,0.0038849350530654,0.0038849350530654
6411,0.0040465891361236,0.0040465891361236
6412,0.0038406513631343,0.0038406513631343
6413,0.0037379781715571,0.0037379781715571
6414,0.0041209915652871,0.0041209915652871
6415,0.0036585123743861,0.0036585123743861
6416,0.0037854798138141,0.0037854798138141
6417,0.0037524688523262,0.0037524688523262
6418,0.0038891383446753,0.0038891383446753
6419,0.0037966908421367,0.0037966908421367
6420,0.0039836056530475,0.0039836056530475
6421,0.0038630564231425,0.0038630564231425
6422,0.0036286106333136,0.0036286106333136
6423,0.0037716084625571,0.0037716084625571
6424,0.0038335230201482,0.0038335230201482
6425,0.0037753921933472,0.0037753921933472
6426,0.0035873574670404,0.0035873574670404
6427,0.003678707871586,0.003678707871586
6428,0.0036728475242853,0.0036728475242853
6429,0.0036843437701463,0.0036843437701463
6430,0.0038365805521607,0.0038365805521607
6431,0.0035389978438615,0.0035389978438615
6432,0.0038443258963525,0.0038443258963525
6433,0.0036104582250118,0.0036104582250118
6434,0.003906819038093,0.003906819038093
6435,0.0038204514421522,0.0038204514421522
6436,0.0037035238929092,0.0037035238929092
6437,0.0039998088032007,0.0039998088032007
6438,0.0038747515063732,0.0038747515063732
6439,0.0035890066064894,0.0035890066064894
6440,0.0036815903149545,0.0036815903149545
6441,0.0039657172746956,0.0039657172746956
6442,0.0039208056405186,0.0039208056405186
6443,0.0037894579581916,0.0037894579581916
6444,0.0037141914945095,0.0037141914945095
6445,0.0037381500005722,0.0037381500005722
6446,0.0037032654508948,0.0037032654508948
6447,0.0036585179623216,0.0036585179623216
6448,0.0038318252190947,0.0038318252190947
6449,0.0037915711291134,0.0037915711291134
6450,0.0037963716313242,0.0037963716313242
6451,0.0038106285501271,0.0038106285501271
6452,0.0038473512977361,0.0038473512977361
6453,0.0038090338930487,0.0038090338930487
6454,0.0036807169672101,0.0036807169672101
6455,0.0035257614217698,0.0035257614217698
6456,0.0037985604722052,0.0037985604722052
6457,0.0034874605480581,0.0034874605480581
6458,0.0036162107717245,0.0036162107717245
6459,0.0038845194503664,0.0038845194503664
6460,0.003688293043524,0.003688293043524
6461,0.0038107885047793,0.0038107885047793
6462,0.0037515356671065,0.0037515356671065
6463,0.0036471425555646,0.0036471425555646
6464,0.0036221630871295,0.0036221630871295
6465,0.0039482410065829,0.0039482410065829
6466,0.0037090822588652,0.0037090822588652
6467,0.0037940409965813,0.0037940409965813
6468,0.0037560015916824,0.0037560015916824
6469,0.0038439854979515,0.0038439854979515
6470,0.0038929798174649,0.0038929798174649
6471,0.0038349500391632,0.0038349500391632
6472,0.0037834902759641,0.0037834902759641
6473,0.0037024181801825,0.0037024181801825
6474,0.0036224033683538,0.0036224033683538
6475,0.0036303591914474,0.0036303591914474
6476,0.0036728694103658,0.0036728694103658
6477,0.0037663173861801,0.0037663173861801
6478,0.0036160722374916,0.0036160722374916
6479,0.003786125453189,0.003786125453189
6480,0.0037865813355892,0.0037865813355892
6481,0.0036857882514595,0.0036857882514595
6482,0.0038541278336197,0.0038541278336197
6483,0.0037629366852343,0.0037629366852343
6484,0.0038210942875593,0.0038210942875593
6485,0.003941626753658,0.003941626753658
6486,0.0037027271464467,0.0037027271464467
6487,0.0036893326323479,0.0036893326323479
6488,0.0038714746478945,0.0038714746478945
6489,0.0038469976279884,0.0038469976279884
6490,0.003621588461101,0.003621588461101
6491,0.0038928338326513,0.0038928338326513
6492,0.0036522436421364,0.0036522436421364
6493,0.0035606652963906,0.0035606652963906
6494,0.0036777008790522,0.0036777008790522
6495,0.003797479905188,0.003797479905188
6496,0.0037390773650258,0.0037390773650258
6497,0.0038508232682943,0.0038508232682943
6498,0.0039664641954004,0.0039664641954004
6499,0.0035742053296417,0.0035742053296417
6500,0.0037692494224756,0.0037692494224756
6501,0.0036900173872709,0.0036900173872709
6502,0.0040413811802864,0.0040413811802864
6503,0.0039548799395561,0.0039548799395561
6504,0.0037212294992059,0.0037212294992059
6505,0.0038952408358454,0.0038952408358454
6506,0.0038300130981951,0.0038300130981951
6507,0.0037299247924238,0.0037299247924238
6508,0.0040045520290732,0.0040045520290732
6509,0.0035638511180877,0.0035638511180877
6510,0.0039751790463924,0.0039751790463924
6511,0.003795038210228,0.003795038210228
6512,0.0038026615511626,0.0038026615511626
6513,0.0037514609284698,0.0037514609284698
6514,0.0037244942504912,0.0037244942504912
6515,0.0039195041172206,0.0039195041172206
6516,0.0036283014342188,0.0036283014342188
6517,0.0036655915901064,0.0036655915901064
6518,0.0038642899598926,0.0038642899598926
6519,0.0039739049971103,0.0039739049971103
6520,0.0035401543136686,0.0035401543136686
6521,0.0036959229037165,0.0036959229037165
6522,0.003726688446477,0.003726688446477
6523,0.0039377063512802,0.0039377063512802
6524,0.0039436984807252,0.0039436984807252
6525,0.0038609015755355,0.0038609015755355
6526,0.0038407633546739,0.0038407633546739
6527,0.0037689050659537,0.0037689050659537
6528,0.0037286423612385,0.0037286423612385
6529,0.003929735161364,0.003929735161364
6530,0.0038179080002009,0.0038179080002009
6531,0.0038539080414921,0.0038539080414921
6532,0.0038339192979037,0.0038339192979037
6533,0.003961983602494,0.003961983602494
6534,0.0037261538673192,0.0037261538673192
6535,0.0035819690674543,0.0035819690674543
6536,0.0037818097043782,0.0037818097043782
6537,0.0036827924195677,0.0036827924195677
6538,0.0038603087887167,0.0038603087887167
6539,0.0037433675024658,0.0037433675024658
6540,0.0036923196166753,0.0036923196166753
6541,0.0036651729606091,0.0036651729606091
6542,0.0037562809884548,0.0037562809884548
6543,0.0037329278420656,0.0037329278420656
6544,0.003813007613644,0.003813007613644
6545,0.0039728302508592,0.0039728302508592
6546,0.0038956098724156,0.0038956098724156
6547,0.003688437398523,0.003688437398523
6548,0.0036153709515929,0.0036153709515929
6549,0.0037598726339638,0.0037598726339638
6550,0.0037486141081899,0.0037486141081899
6551,0.0038737903814762,0.0038737903814762
6552,0.0035536133218556,0.0035536133218556
6553,0.0036954272072762,0.0036954272072762
6554,0.0040461812168359,0.0040461812168359
6555,0.0036891992203891,0.0036891992203891
6556,0.0040191006846725,0.0040191006846725
6557,0.0037139547057449,0.0037139547057449
6558,0.0037760734558105,0.0037760734558105
6559,0.0035161690320819,0.0035161690320819
6560,0.0036435876972973,0.0036435876972973
6561,0.0037124396767467,0.0037124396767467
6562,0.0036490855272859,0.0036490855272859
6563,0.0035788691602647,0.0035788691602647
6564,0.0035764933563768,0.0035764933563768
6565,0.0038854186423122,0.0038854186423122
6566,0.0037250078748911,0.0037250078748911
6567,0.0036292131990194,0.0036292131990194
6568,0.0037253298796713,0.0037253298796713
6569,0.0038489631842821,0.0038489631842821
6570,0.0039060462731868,0.0039060462731868
6571,0.0038824973162263,0.0038824973162263
6572,0.0038077370263636,0.0038077370263636
6573,0.0035229928325861,0.0035229928325861
6574,0.0037532278802245,0.0037532278802245
6575,0.0037104233633726,0.0037104233633726
6576,0.0039291847497224,0.0039291847497224
6577,0.0038993856869637,0.0038993856869637
6578,0.0039372388273477,0.0039372388273477
6579,0.0035745799541473,0.0035745799541473
6580,0.003793059149757,0.003793059149757
6581,0.0036338586360216,0.0036338586360216
6582,0.0036930716596543,0.0036930716596543
6583,0.0039446698501706,0.0039446698501706
6584,0.0038835704326629,0.0038835704326629
6585,0.0034997498150914,0.0034997498150914
6586,0.0038237788248807,0.0038237788248807
6587,0.0038547844160348,0.0038547844160348
6588,0.0039492053911089,0.0039492053911089
6589,0.0038221103604882,0.0038221103604882
6590,0.0036661643534898,0.0036661643534898
6591,0.0036973233800381,0.0036973233800381
6592,0.0036151583772152,0.0036151583772152
6593,0.0039118458516895,0.0039118458516895
6594,0.0037285583093762,0.0037285583093762
6595,0.0037505249492824,0.0037505249492824
6596,0.003837204305455,0.003837204305455
6597,0.0038034666795283,0.0038034666795283
6598,0.0039832983165979,0.0039832983165979
6599,0.0040793451480567,0.0040793451480567
6600,0.0038718637079,0.0038718637079
6601,0.0039764437824487,0.0039764437824487
6602,0.0035506363492459,0.0035506363492459
6603,0.0039112353697419,0.0039112353697419
6604,0.0037818890996277,0.0037818890996277
6605,0.0037730047479271,0.0037730047479271
6606,0.0040314402431249,0.0040314402431249
6607,0.003735797246918,0.003735797246918
6608,0.0037034973502159,0.0037034973502159
6609,0.0039092125371098,0.0039092125371098
6610,0.0035739196464419,0.0035739196464419
6611,0.0036343808751553,0.0036343808751553
6612,0.0038098497316241,0.0038098497316241
6613,0.0036009470932185,0.0036009470932185
6614,0.0037935262080281,0.0037935262080281
6615,0.0036416465882211,0.0036416465882211
6616,0.0036475586239248,0.0036475586239248
6617,0.0038935507182031,0.0038935507182031
6618,0.0036065340973436,0.0036065340973436
6619,0.0038386387750506,0.0038386387750506
6620,0.0035727089270949,0.0035727089270949
6621,0.0039010252803564,0.0039010252803564
6622,0.0035949326120316,0.0035949326120316
6623,0.003963747061789,0.003963747061789
6624,0.003694980405271,0.003694980405271
6625,0.0036518820561468,0.0036518820561468
6626,0.0035922583192586,0.0035922583192586
6627,0.0036700095515698,0.0036700095515698
6628,0.0037930929102003,0.0037930929102003
6629,0.003901281626895,0.003901281626895
6630,0.0038767724763602,0.0038767724763602
6631,0.0038396019954234,0.0038396019954234
6632,0.0039500473067164,0.0039500473067164
6633,0.0039840023964643,0.0039840023964643
6634,0.0037797410041093,0.0037797410041093
6635,0.0037596044130623,0.0037596044130623
6636,0.0036144072655588,0.0036144072655588
6637,0.0036615985445678,0.0036615985445678
6638,0.0037420720327645,0.0037420720327645
6639,0.0035818007308989,0.0035818007308989
6640,0.0040787342004477,0.0040787342004477
6641,0.0037453032564371,0.0037453032564371
6642,0.0039861113764345,0.0039861113764345
6643,0.0037575520109385,0.0037575520109385
6644,0.0036628097295761,0.0036628097295761
6645,0.0038007157854735,0.0038007157854735
6646,0.0037547866813838,0.0037547866813838
6647,0.0037526462692767,0.0037526462692767
6648,0.0039628958329558,0.0039628958329558
6649,0.0035232328809797,0.0035232328809797
6650,0.0038081260863691,0.0038081260863691
6651,0.0037044771015644,0.0037044771015644
6652,0.0036450447514653,0.0036450447514653
6653,0.0036071939393877,0.0036071939393877
6654,0.0038702727761119,0.0038702727761119
6655,0.0038700669538229,0.0038700669538229
6656,0.0037679115775972,0.0037679115775972
6657,0.0039459620602428,0.0039459620602428
6658,0.0038829671684652,0.0038829671684652
6659,0.0037400280125439,0.0037400280125439
6660,0.0039008271414786,0.0039008271414786
6661,0.0037110857665538,0.0037110857665538
6662,0.0038022899534553,0.0038022899534553
6663,0.0036408454179763,0.0036408454179763
6664,0.0037454643752425,0.0037454643752425
6665,0.0038254726678133,0.0038254726678133
6666,0.0037057218141853,0.0037057218141853
6667,0.003849116154015,0.003849116154015
6668,0.0036206245422363,0.0036206245422363
6669,0.0037862970493733,0.0037862970493733
6670,0.0036900921259075,0.0036900921259075
6671,0.0039105885662138,0.0039105885662138
6672,0.0037476443685591,0.0037476443685591
6673,0.0038680855650454,0.0038680855650454
6674,0.0037041942123323,0.0037041942123323
6675,0.0038191888015717,0.0038191888015717
6676,0.0036595934070646,0.0036595934070646
6677,0.0038138742092996,0.0038138742092996
6678,0.0037077735178172,0.0037077735178172
6679,0.0038333665579557,0.0038333665579557
6680,0.0038187953177839,0.0038187953177839
6681,0.0038405647501349,0.0038405647501349
6682,0.0035400362685322,0.0035400362685322
6683,0.0041121589019894,0.0041121589019894
6684,0.0039668641984462,0.0039668641984462
6685,0.0040918760932981,0.0040918760932981
6686,0.0038227525074034,0.0038227525074034
6687,0.0038110844325274,0.0038110844325274
6688,0.0037733342032879,0.0037733342032879
6689,0.0037396345287561,0.0037396345287561
6690,0.0035929919686168,0.0035929919686168
6691,0.0037857682909816,0.0037857682909816
6692,0.0036549852229654,0.0036549852229654
6693,0.003638312453404,0.003638312453404
6694,0.0037740443367511,0.0037740443367511
6695,0.0038689181674271,0.0038689181674271
6696,0.0039785271510481,0.0039785271510481
6697,0.0037264502607285,0.0037264502607285
6698,0.0038732490502297,0.0038732490502297
6699,0.003961632028222,0.003961632028222
6700,0.0038203976582735,0.0038203976582735
6701,0.0037825859617441,0.0037825859617441
6702,0.0036816180218011,0.0036816180218011
6703,0.0036949454806745,0.0036949454806745
6704,0.0037630561273545,0.0037630561273545
6705,0.0039760097861289,0.0039760097861289
6706,0.0038715009577572,0.0038715009577572
6707,0.00393948238343,0.00393948238343
6708,0.0037410052027553,0.0037410052027553
6709,0.0037030666135251,0.0037030666135251
6710,0.0038773010019212,0.0038773010019212
6711,0.0035403021611273,0.0035403021611273
6712,0.0036714191082865,0.0036714191082865
6713,0.0037268179003149,0.0037268179003149
6714,0.0037939250469207,0.0037939250469207
6715,0.0037168669514358,0.0037168669514358
6716,0.0038813380524516,0.0038813380524516
6717,0.0038033737801015,0.0038033737801015
6718,0.0036965284962207,0.0036965284962207
6719,0.0038629500195384,0.0038629500195384
6720,0.0037593913730233,0.0037593913730233
6721,0.0035729322116822,0.0035729322116822
6722,0.0035385130904614,0.0035385130904614
6723,0.0037373634986579,0.0037373634986579
6724,0.0037381167057901,0.0037381167057901
6725,0.003908323124051,0.003908323124051
6726,0.0037245883140712,0.0037245883140712
6727,0.0036624455824494,0.0036624455824494
6728,0.003878243966028,0.003878243966028
6729,0.0038950170855969,0.0038950170855969
6730,0.0035175597295165,0.0035175597295165
6731,0.0038519967347383,0.0038519967347383
6732,0.0038912056479603,0.0038912056479603
6733,0.0038273106329143,0.0038273106329143
6734,0.0037210653536021,0.0037210653536021
6735,0.0037717928644269,0.0037717928644269
6736,0.0037368147168308,0.0037368147168308
6737,0.0037156522739678,0.0037156522739678
6738,0.0038679195567965,0.0038679195567965
6739,0.0035593230277299,0.0035593230277299
6740,0.0037479400634765,0.0037479400634765
6741,0.0037248032167553,0.0037248032167553
6742,0.003692025784403,0.003692025784403
6743,0.0037029720842838,0.0037029720842838
6744,0.0038324543274939,0.0038324543274939
6745,0.0037021515890955,0.0037021515890955
6746,0.0037761819548904,0.0037761819548904
6747,0.0037254490889608,0.0037254490889608
6748,0.0037930530961602,0.0037930530961602
6749,0.0036497733090072,0.0036497733090072
6750,0.0037158736959099,0.0037158736959099
6751,0.0035196885000914,0.0035196885000914
6752,0.0035668823402374,0.0035668823402374
6753,0.0036293813027441,0.0036293813027441
6754,0.0039222277700901,0.0039222277700901
6755,0.003754605539143,0.003754605539143
6756,0.0037848674692213,0.0037848674692213
6757,0.0037096261512488,0.0037096261512488
6758,0.0038286549970507,0.0038286549970507
6759,0.0038236323744058,0.0038236323744058
6760,0.0038238114211708,0.0038238114211708
6761,0.0037410848308354,0.0037410848308354
6762,0.0039441254921257,0.0039441254921257
6763,0.0035961796529591,0.0035961796529591
6764,0.0036274848971515,0.0036274848971515
6765,0.003631439525634,0.003631439525634
6766,0.0037393933162093,0.0037393933162093
6767,0.0035741201136261,0.0035741201136261
6768,0.0036342844832688,0.0036342844832688
6769,0.0037391260266304,0.0037391260266304
6770,0.0038679579738527,0.0038679579738527
6771,0.0036512231454253,0.0036512231454253
6772,0.003671298502013,0.003671298502013
6773,0.0038156288210302,0.0038156288210302
6774,0.0035738511942327,0.0035738511942327
6775,0.0037641820963472,0.0037641820963472
6776,0.0038458514027297,0.0038458514027297
6777,0.0037578304763883,0.0037578304763883
6778,0.0038598317187279,0.0038598317187279
6779,0.0038678974378854,0.0038678974378854
6780,0.003790344344452,0.003790344344452
6781,0.0040420489385724,0.0040420489385724
6782,0.0038058967329561,0.0038058967329561
6783,0.0038727242499589,0.0038727242499589
6784,0.0037684564013034,0.0037684564013034
6785,0.0037497691810131,0.0037497691810131
6786,0.0039456500671803,0.0039456500671803
6787,0.0038394932635128,0.0038394932635128
6788,0.0037514667492359,0.0037514667492359
6789,0.0036182659678161,0.0036182659678161
6790,0.0036766363773494,0.0036766363773494
6791,0.00360555248335,0.00360555248335
6792,0.0036977673880755,0.0036977673880755
6793,0.0036555766128003,0.0036555766128003
6794,0.003553639864549,0.003553639864549
6795,0.0038768467493355,0.0038768467493355
6796,0.0035852366127073,0.0035852366127073
6797,0.0037026819773018,0.0037026819773018
6798,0.0037104960065335,0.0037104960065335
6799,0.0037996009923517,0.0037996009923517
6800,0.0039690402336418,0.0039690402336418
6801,0.0036846869625151,0.0036846869625151
6802,0.0037930444814264,0.0037930444814264
6803,0.0039336304180324,0.0039336304180324
6804,0.0038176409434527,0.0038176409434527
6805,0.0040007079951465,0.0040007079951465
6806,0.0037711416371166,0.0037711416371166
6807,0.0037543668877333,0.0037543668877333
6808,0.0038381444755941,0.0038381444755941
6809,0.0036279787309467,0.0036279787309467
6810,0.0036571254022419,0.0036571254022419
6811,0.0037129761185497,0.0037129761185497
6812,0.0037466341163963,0.0037466341163963
6813,0.0039907032623887,0.0039907032623887
6814,0.0036766491830348,0.0036766491830348
6815,0.0038401887286454,0.0038401887286454
6816,0.0036333035677671,0.0036333035677671
6817,0.0037576276808977,0.0037576276808977
6818,0.0036952558439224,0.0036952558439224
6819,0.0038049039430916,0.0038049039430916
6820,0.0037411726079881,0.0037411726079881
6821,0.0037158001214265,0.0037158001214265
6822,0.0037912453990429,0.0037912453990429
6823,0.0035708607174456,0.0035708607174456
6824,0.0036653412971645,0.0036653412971645
6825,0.0037253065966069,0.0037253065966069
6826,0.0038572042249143,0.0038572042249143
6827,0.0037965967785567,0.0037965967785567
6828,0.0036943827290087,0.0036943827290087
6829,0.0039907274767756,0.0039907274767756
6830,0.0037616055924445,0.0037616055924445
6831,0.0037840639706701,0.0037840639706701
6832,0.0038060122169554,0.0038060122169554
6833,0.0037784879095852,0.0037784879095852
6834,0.0037185021210461,0.0037185021210461
6835,0.0038253313396126,0.0038253313396126
6836,0.0037968351971358,0.0037968351971358
6837,0.0036832811310887,0.0036832811310887
6838,0.0037972242571413,0.0037972242571413
6839,0.0035663354210555,0.0035663354210555
6840,0.0038496139459311,0.0038496139459311
6841,0.0038225026801228,0.0038225026801228
6842,0.0039094272069633,0.0039094272069633
6843,0.003701816080138,0.003701816080138
6844,0.003943464718759,0.003943464718759
6845,0.0036748400889337,0.0036748400889337
6846,0.0036658816970884,0.0036658816970884
6847,0.003765226341784,0.003765226341784
6848,0.0037307178135961,0.0037307178135961
6849,0.0038221615832298,0.0038221615832298
6850,0.0035069454461336,0.0035069454461336
6851,0.0039098369888961,0.0039098369888961
6852,0.0037107958924025,0.0037107958924025
6853,0.0036726859398186,0.0036726859398186
6854,0.0038501808885484,0.0038501808885484
6855,0.0036982221063226,0.0036982221063226
6856,0.0037302309647202,0.0037302309647202
6857,0.003741520922631,0.003741520922631
6858,0.0039265472441911,0.0039265472441911
6859,0.0037946221418678,0.0037946221418678
6860,0.0038377980235964,0.0038377980235964
6861,0.0037256279028952,0.0037256279028952
6862,0.0037906279321759,0.0037906279321759
6863,0.0036948139313608,0.0036948139313608
6864,0.0035666909534484,0.0035666909534484
6865,0.0037022335454821,0.0037022335454821
6866,0.0037107584066689,0.0037107584066689
6867,0.0037998175248503,0.0037998175248503
6868,0.0035657689440995,0.0035657689440995
6869,0.0037069681566208,0.0037069681566208
6870,0.0037255873903632,0.0037255873903632
6871,0.0039010480977594,0.0039010480977594
6872,0.0037979497574269,0.0037979497574269
6873,0.0038333632983267,0.0038333632983267
6874,0.0037584626115858,0.0037584626115858
6875,0.0038757857400923,0.0038757857400923
6876,0.0037274016067385,0.0037274016067385
6877,0.0035037966445088,0.0035037966445088
6878,0.0036004995927214,0.0036004995927214
6879,0.0036482866853475,0.0036482866853475
6880,0.0036420128308236,0.0036420128308236
6881,0.0038296687416732,0.0038296687416732
6882,0.0037672361359,0.0037672361359
6883,0.0038093493785709,0.0038093493785709
6884,0.0036307335831224,0.0036307335831224
6885,0.0038042291998863,0.0038042291998863
6886,0.003837457858026,0.003837457858026
6887,0.0038276771083474,0.0038276771083474
6888,0.0039580571465194,0.0039580571465194
6889,0.0037869696971029,0.0037869696971029
6890,0.0039091305807232,0.0039091305807232
6891,0.0037178085185587,0.0037178085185587
6892,0.0037715607322752,0.0037715607322752
6893,0.0038289802614599,0.0038289802614599
6894,0.0038869644049555,0.0038869644049555
6895,0.0036468983162194,0.0036468983162194
6896,0.0038075160700827,0.0038075160700827
6897,0.003789845155552,0.003789845155552
6898,0.0039457725360989,0.0039457725360989
6899,0.0036683476064354,0.0036683476064354
6900,0.0037525021471083,0.0037525021471083
6901,0.0040492853149771,0.0040492853149771
6902,0.0038275446277111,0.0038275446277111
6903,0.0036545149050652,0.0036545149050652
6904,0.0039340308867394,0.0039340308867394
6905,0.0037668801378458,0.0037668801378458
6906,0.0038590438198298,0.0038590438198298
6907,0.0038027607370167,0.0038027607370167
6908,0.0037744224537163,0.0037744224537163
6909,0.003693351522088,0.003693351522088
6910,0.0036905237939208,0.0036905237939208
6911,0.0038220258429646,0.0038220258429646
6912,0.0039189448580145,0.0039189448580145
6913,0.0036704814992845,0.0036704814992845
6914,0.003971304744482,0.003971304744482
6915,0.0036867489106953,0.0036867489106953
6916,0.0037257510703057,0.0037257510703057
6917,0.0036893130745738,0.0036893130745738
6918,0.0040623107925057,0.0040623107925057
6919,0.0036612306721508,0.0036612306721508
6920,0.0037059995811432,0.0037059995811432
6921,0.0038985479623079,0.0038985479623079
6922,0.0038676194380968,0.0038676194380968
6923,0.0037663942202925,0.0037663942202925
6924,0.0036552706733345,0.0036552706733345
6925,0.0036687734536826,0.0036687734536826
6926,0.0037461132742464,0.0037461132742464
6927,0.0036427699960768,0.0036427699960768
6928,0.0037513447459787,0.0037513447459787
6929,0.0038332215044647,0.0038332215044647
6930,0.0037758981343358,0.0037758981343358
6931,0.003745422232896,0.003745422232896
6932,0.0037630540318787,0.0037630540318787
6933,0.0038381167687475,0.0038381167687475
6934,0.0038546102587133,0.0038546102587133
6935,0.0037519389297813,0.0037519389297813
6936,0.0038488046266138,0.0038488046266138
6937,0.0037963849026709,0.0037963849026709
6938,0.0038842731155455,0.0038842731155455
6939,0.0039216252043843,0.0039216252043843
6940,0.0037847019266337,0.0037847019266337
6941,0.0036250995472073,0.0036250995472073
6942,0.0037351676728576,0.0037351676728576
6943,0.0039541386067867,0.0039541386067867
6944,0.0035350522957742,0.0035350522957742
6945,0.003777333535254,0.003777333535254
6946,0.003694174112752,0.003694174112752
6947,0.0034946529194712,0.0034946529194712
6948,0.003590612206608,0.003590612206608
6949,0.0035702197346836,0.0035702197346836
6950,0.0040321345441043,0.0040321345441043
6951,0.0038586896844208,0.0038586896844208
6952,0.0036541288718581,0.0036541288718581
6953,0.003784020897001,0.003784020897001
6954,0.0039435802027583,0.0039435802027583
6955,0.0036947750486433,0.0036947750486433
6956,0.0036184343043714,0.0036184343043714
6957,0.0037862306926399,0.0037862306926399
6958,0.0039158393628895,0.0039158393628895
6959,0.0038182276766747,0.0038182276766747
6960,0.0037382263690233,0.0037382263690233
6961,0.0036725450772792,0.0036725450772792
6962,0.0038446434773504,0.0038446434773504
6963,0.0037487931549549,0.0037487931549549
6964,0.0038916838821023,0.0038916838821023
6965,0.0037935676518827,0.0037935676518827
6966,0.0036106100305914,0.0036106100305914
6967,0.0037723195273429,0.0037723195273429
6968,0.003657154738903,0.003657154738903
6969,0.0036977096460759,0.0036977096460759
6970,0.0035964904818683,0.0035964904818683
6971,0.0038731053937226,0.0038731053937226
6972,0.0040828357450664,0.0040828357450664
6973,0.0036569880321621,0.0036569880321621
6974,0.0038461026269942,0.0038461026269942
6975,0.0038035328034311,0.0038035328034311
6976,0.0035696323029696,0.0035696323029696
6977,0.0037289524916559,0.0037289524916559
6978,0.0037848800420761,0.0037848800420761
6979,0.0038458292838186,0.0038458292838186
6980,0.0039144894108176,0.0039144894108176
6981,0.0037859883159399,0.0037859883159399
6982,0.0038604768924415,0.0038604768924415
6983,0.0037220313679426,0.0037220313679426
6984,0.0038402259815484,0.0038402259815484
6985,0.003775144694373,0.003775144694373
6986,0.0037047807127237,0.0037047807127237
6987,0.0039718369953334,0.0039718369953334
6988,0.0036511502694338,0.0036511502694338
6989,0.0037358407862484,0.0037358407862484
6990,0.0037437817081809,0.0037437817081809
6991,0.003626292804256,0.003626292804256
6992,0.0038130062166601,0.0038130062166601
6993,0.0037307513412088,0.0037307513412088
6994,0.0038313877303153,0.0038313877303153
6995,0.0035190877970308,0.0035190877970308
6996,0.0037717025261372,0.0037717025261372
6997,0.0034898635931313,0.0034898635931313
6998,0.0038381058257073,0.0038381058257073
6999,0.0039017852395772,0.0039017852395772
7000,0.0035702800378203,0.0035702800378203
7001,0.00365363038145,0.00365363038145
7002,0.0038093153852969,0.0038093153852969
7003,0.0037545496597886,0.0037545496597886
7004,0.0039216503500938,0.0039216503500938
7005,0.003800603095442,0.003800603095442
7006,0.0040081706829369,0.0040081706829369
7007,0.0035932071041315,0.0035932071041315
7008,0.0036777793429791,0.0036777793429791
7009,0.0038944627158343,0.0038944627158343
7010,0.0037658524233847,0.0037658524233847
7011,0.0037081097252666,0.0037081097252666
7012,0.003864899277687,0.003864899277687
7013,0.0036951277870684,0.0036951277870684
7014,0.0037448157090693,0.0037448157090693
7015,0.0035450353752821,0.0035450353752821
7016,0.0037267019506543,0.0037267019506543
7017,0.0035544449929147,0.0035544449929147
7018,0.0035858012270182,0.0035858012270182
7019,0.0037679204251617,0.0037679204251617
7020,0.0037875184789299,0.0037875184789299
7021,0.0036270336713641,0.0036270336713641
7022,0.003831791691482,0.003831791691482
7023,0.0036646237131208,0.0036646237131208
7024,0.003611133666709,0.003611133666709
7025,0.0037106284871697,0.0037106284871697
7026,0.0038878903724253,0.0038878903724253
7027,0.0038329379167407,0.0038329379167407
7028,0.0036904767621308,0.0036904767621308
7029,0.0038687316700816,0.0038687316700816
7030,0.0036539691500365,0.0036539691500365
7031,0.0037394340615719,0.0037394340615719
7032,0.0036654509603977,0.0036654509603977
7033,0.0038096844218671,0.0038096844218671
7034,0.0037260719109326,0.0037260719109326
7035,0.0038402299396693,0.0038402299396693
7036,0.0037041176110506,0.0037041176110506
7037,0.0036955014802515,0.0036955014802515
7038,0.003806130727753,0.003806130727753
7039,0.0038974944036453,0.0038974944036453
7040,0.0036777041386812,0.0036777041386812
7041,0.0035837558098137,0.0035837558098137
7042,0.0037667849101126,0.0037667849101126
7043,0.0038750562816858,0.0038750562816858
7044,0.0036881184205412,0.0036881184205412
7045,0.0040327152237296,0.0040327152237296
7046,0.003753084456548,0.003753084456548
7047,0.003868349827826,0.003868349827826
7048,0.0037630514707416,0.0037630514707416
7049,0.0038805489894002,0.0038805489894002
7050,0.0038175575900822,0.0038175575900822
7051,0.0037953197024762,0.0037953197024762
7052,0.0037842481397092,0.0037842481397092
7053,0.0037220767699182,0.0037220767699182
7054,0.003379323054105,0.003379323054105
7055,0.0037025304045528,0.0037025304045528
7056,0.0036085990723222,0.0036085990723222
7057,0.0037981846835464,0.0037981846835464
7058,0.0038256782572716,0.0038256782572716
7059,0.0037432629615068,0.0037432629615068
7060,0.0037021897733211,0.0037021897733211
7061,0.0037711085751652,0.0037711085751652
7062,0.0037082117050886,0.0037082117050886
7063,0.0038156320806592,0.0038156320806592
7064,0.0035438172053545,0.0035438172053545
7065,0.0038630000781267,0.0038630000781267
7066,0.0039598233997821,0.0039598233997821
7067,0.003661039751023,0.003661039751023
7068,0.003736502258107,0.003736502258107
7069,0.0040067979134619,0.0040067979134619
7070,0.0035917388740926,0.0035917388740926
7071,0.0038019116036593,0.0038019116036593
7072,0.0038104129489511,0.0038104129489511
7073,0.0038111167959868,0.0038111167959868
7074,0.003645300399512,0.003645300399512
7075,0.0036539088468998,0.0036539088468998
7076,0.0038069975562393,0.0038069975562393
7077,0.0036917813122272,0.0036917813122272
7078,0.0036799903027713,0.0036799903027713
7079,0.0037575992755591,0.0037575992755591
7080,0.0037641725502908,0.0037641725502908
7081,0.00380869070068,0.00380869070068
7082,0.0037383092567324,0.0037383092567324
7083,0.0038458576891571,0.0038458576891571
7084,0.0037847394123673,0.0037847394123673
7085,0.0035790803376585,0.0035790803376585
7086,0.0037215312477201,0.0037215312477201
7087,0.0036080586723983,0.0036080586723983
7088,0.0037573254667222,0.0037573254667222
7089,0.0035896832123398,0.0035896832123398
7090,0.0037079900503158,0.0037079900503158
7091,0.0036536231637001,0.0036536231637001
7092,0.0039901314303278,0.0039901314303278
7093,0.0040787616744637,0.0040787616744637
7094,0.0036927331238985,0.0036927331238985
7095,0.0037288619205355,0.0037288619205355
7096,0.003767421701923,0.003767421701923
7097,0.0036585726775228,0.0036585726775228
7098,0.0038552270270884,0.0038552270270884
7099,0.0037310395855456,0.0037310395855456
7100,0.0037120343185961,0.0037120343185961
7101,0.0037613133899867,0.0037613133899867
7102,0.0036953464150428,0.0036953464150428
7103,0.0038228826597332,0.0038228826597332
7104,0.003680067602545,0.003680067602545
7105,0.0037129032425582,0.0037129032425582
7106,0.0037249173037707,0.0037249173037707
7107,0.0036421169061213,0.0036421169061213
7108,0.0038301683962345,0.0038301683962345
7109,0.0038785149808973,0.0038785149808973
7110,0.0036209947429597,0.0036209947429597
7111,0.003796769073233,0.003796769073233
7112,0.0036212555132806,0.0036212555132806
7113,0.0036808166187256,0.0036808166187256
7114,0.0038554712664335,0.0038554712664335
7115,0.0037456813734024,0.0037456813734024
7116,0.0040469663217663,0.0040469663217663
7117,0.0037908847443759,0.0037908847443759
7118,0.0037501803599298,0.0037501803599298
7119,0.0038249648641794,0.0038249648641794
7120,0.0037155414465814,0.0037155414465814
7121,0.0038109526503831,0.0038109526503831
7122,0.0037992841098457,0.0037992841098457
7123,0.0035981030669063,0.0035981030669063
7124,0.0036233053542673,0.0036233053542673
7125,0.0037081013433635,0.0037081013433635
7126,0.0039444514550268,0.0039444514550268
7127,0.0036840562243014,0.0036840562243014
7128,0.0036741970106959,0.0036741970106959
7129,0.0035924955736845,0.0035924955736845
7130,0.0036587184295058,0.0036587184295058
7131,0.0035926417913287,0.0035926417913287
7132,0.0039730607531964,0.0039730607531964
7133,0.0036049806512892,0.0036049806512892
7134,0.0039433781057596,0.0039433781057596
7135,0.0034927898086607,0.0034927898086607
7136,0.0035810838453471,0.0035810838453471
7137,0.0036587079521268,0.0036587079521268
7138,0.0038541676476597,0.0038541676476597
7139,0.0036948600318282,0.0036948600318282
7140,0.003851996269077,0.003851996269077
7141,0.0039414665661752,0.0039414665661752
7142,0.0035926171112805,0.0035926171112805
7143,0.0038151952903717,0.0038151952903717
7144,0.0036363631952553,0.0036363631952553
7145,0.003719545667991,0.003719545667991
7146,0.0037811319343745,0.0037811319343745
7147,0.0037680428940802,0.0037680428940802
7148,0.0037643974646925,0.0037643974646925
7149,0.0037391914520412,0.0037391914520412
7150,0.0039173420518636,0.0039173420518636
7151,0.003631472820416,0.003631472820416
7152,0.0036122105084359,0.0036122105084359
7153,0.0037868281360715,0.0037868281360715
7154,0.0037218802608549,0.0037218802608549
7155,0.0037927806843072,0.0037927806843072
7156,0.0039676493033766,0.0039676493033766
7157,0.0037113754078745,0.0037113754078745
7158,0.0037510555703192,0.0037510555703192
7159,0.0037018773145973,0.0037018773145973
7160,0.0037578796036541,0.0037578796036541
7161,0.0037244269624352,0.0037244269624352
7162,0.0037667760625481,0.0037667760625481
7163,0.0038386459928005,0.0038386459928005
7164,0.0038240614812821,0.0038240614812821
7165,0.0036854301579296,0.0036854301579296
7166,0.0037269694730639,0.0037269694730639
7167,0.0038365265354514,0.0038365265354514
7168,0.0038564840797334,0.0038564840797334
7169,0.0038476767949759,0.0038476767949759
7170,0.0036981990560889,0.0036981990560889
7171,0.0035328068770468,0.0035328068770468
7172,0.0038001406937837,0.0038001406937837
7173,0.0038680050056427,0.0038680050056427
7174,0.0038883232045918,0.0038883232045918
7175,0.0038679190911352,0.0038679190911352
7176,0.0037878679577261,0.0037878679577261
7177,0.0037600207142531,0.0037600207142531
7178,0.0037690370809286,0.0037690370809286
7179,0.0038197243120521,0.0038197243120521
7180,0.0040720775723457,0.0040720775723457
7181,0.0038532277103513,0.0038532277103513
7182,0.0037272507324814,0.0037272507324814
7183,0.0039271316491067,0.0039271316491067
7184,0.0037918810267001,0.0037918810267001
7185,0.0036290837451815,0.0036290837451815
7186,0.0037390291690826,0.0037390291690826
7187,0.0036263728979974,0.0036263728979974
7188,0.0036228522658348,0.0036228522658348
7189,0.0037853757385164,0.0037853757385164
7190,0.003886445891112,0.003886445891112
7191,0.0036053862422704,0.0036053862422704
7192,0.0039731133729219,0.0039731133729219
7193,0.0038297811988741,0.0038297811988741
7194,0.0036699501797556,0.0036699501797556
7195,0.0038720145821571,0.0038720145821571
7196,0.0037577943876385,0.0037577943876385
7197,0.0036860520485788,0.0036860520485788
7198,0.0037430063821375,0.0037430063821375
7199,0.0036477555986493,0.0036477555986493
7200,0.0036736163310706,0.0036736163310706
7201,0.0037690440658479,0.0037690440658479
7202,0.0038828265387564,0.0038828265387564
7203,0.0040038479492068,0.0040038479492068
7204,0.0037341271527111,0.0037341271527111
7205,0.0038561148103326,0.0038561148103326
7206,0.0037349637132138,0.0037349637132138
7207,0.0038834470324218,0.0038834470324218
7208,0.003777808509767,0.003777808509767
7209,0.0038242419250309,0.0038242419250309
7210,0.003934096544981,0.003934096544981
7211,0.0038475627079606,0.0038475627079606
7212,0.0036392845213413,0.0036392845213413
7213,0.0036572224926203,0.0036572224926203
7214,0.0039964406751096,0.0039964406751096
7215,0.0038591036573052,0.0038591036573052
7216,0.0036572441458702,0.0036572441458702
7217,0.0037089567631483,0.0037089567631483
7218,0.003695802995935,0.003695802995935
7219,0.0037571918219327,0.0037571918219327
7220,0.00368422572501,0.00368422572501
7221,0.0038317735306918,0.0038317735306918
7222,0.003867263905704,0.003867263905704
7223,0.0037504865322262,0.0037504865322262
7224,0.0037821680307388,0.0037821680307388
7225,0.0038442492950707,0.0038442492950707
7226,0.0038267516065388,0.0038267516065388
7227,0.0035963119007647,0.0035963119007647
7228,0.0040339077822864,0.0040339077822864
7229,0.0038396837189793,0.0038396837189793
7230,0.0036639214958995,0.0036639214958995
7231,0.003849851898849,0.003849851898849
7232,0.0037097090389579,0.0037097090389579
7233,0.0038127084262669,0.0038127084262669
7234,0.0037355972453951,0.0037355972453951
7235,0.0036677562166005,0.0036677562166005
7236,0.0039928508922457,0.0039928508922457
7237,0.0038431705906987,0.0038431705906987
7238,0.0036770608276128,0.0036770608276128
7239,0.0036851020995527,0.0036851020995527
7240,0.0036426980514079,0.0036426980514079
7241,0.003762538312003,0.003762538312003
7242,0.0037758832331746,0.0037758832331746
7243,0.0037641928065568,0.0037641928065568
7244,0.0038686203770339,0.0038686203770339
7245,0.0037437682040035,0.0037437682040035
7246,0.0037890011444687,0.0037890011444687
7247,0.0036974572576582,0.0036974572576582
7248,0.0039281626231968,0.0039281626231968
7249,0.003633634885773,0.003633634885773
7250,0.0035501704551279,0.0035501704551279
7251,0.0035582480486482,0.0035582480486482
7252,0.0037723560817539,0.0037723560817539
7253,0.0037103444337844,0.0037103444337844
7254,0.0036579414736479,0.0036579414736479
7255,0.0038887285627424,0.0038887285627424
7256,0.0037724100984632,0.0037724100984632
7257,0.0037570456042885,0.0037570456042885
7258,0.0036931338254362,0.0036931338254362
7259,0.0039098840206861,0.0039098840206861
7260,0.0039120046421885,0.0039120046421885
7261,0.0037506206426769,0.0037506206426769
7262,0.0036023228894919,0.0036023228894919
7263,0.0038297290448099,0.0038297290448099
7264,0.0038777315057814,0.0038777315057814
7265,0.003769910428673,0.003769910428673
7266,0.0038853713776916,0.0038853713776916
7267,0.0037333308719098,0.0037333308719098
7268,0.0039269146509468,0.0039269146509468
7269,0.0036883656866848,0.0036883656866848
7270,0.0037859911099076,0.0037859911099076
7271,0.0037662917748093,0.0037662917748093
7272,0.0037125295493751,0.0037125295493751
7273,0.0038307458162307,0.0038307458162307
7274,0.0038821934722363,0.0038821934722363
7275,0.0037498967722058,0.0037498967722058
7276,0.0037056140135973,0.0037056140135973
7277,0.0036529761273413,0.0036529761273413
7278,0.0034393838141113,0.0034393838141113
7279,0.0036436801310628,0.0036436801310628
7280,0.003952887840569,0.003952887840569
7281,0.0036926500033587,0.0036926500033587
7282,0.0037728466559201,0.0037728466559201
7283,0.0036532245576381,0.0036532245576381
7284,0.0037204457912594,0.0037204457912594
7285,0.0035587956663221,0.0035587956663221
7286,0.0039926432073116,0.0039926432073116
7287,0.0036943403538316,0.0036943403538316
7288,0.003858057083562,0.003858057083562
7289,0.0036889782641083,0.0036889782641083
7290,0.0037795319221913,0.0037795319221913
7291,0.0037211626768112,0.0037211626768112
7292,0.0037418473511934,0.0037418473511934
7293,0.0036780966911464,0.0036780966911464
7294,0.0038246230687946,0.0038246230687946
7295,0.0035956613719463,0.0035956613719463
7296,0.0037140389904379,0.0037140389904379
7297,0.0035701179876923,0.0035701179876923
7298,0.0037388440687209,0.0037388440687209
7299,0.0038136825896799,0.0038136825896799
7300,0.0035912203602492,0.0035912203602492
7301,0.0038699612487107,0.0038699612487107
7302,0.0037087106611579,0.0037087106611579
7303,0.003660526825115,0.003660526825115
7304,0.0037550355773419,0.0037550355773419
7305,0.0038138271775096,0.0038138271775096
7306,0.003755287034437,0.003755287034437
7307,0.0037139961495995,0.0037139961495995
7308,0.0038574961945414,0.0038574961945414
7309,0.0036488773766905,0.0036488773766905
7310,0.0035949605517089,0.0035949605517089
7311,0.0038285930640995,0.0038285930640995
7312,0.0036545326001942,0.0036545326001942
7313,0.0036724167875945,0.0036724167875945
7314,0.003590818028897,0.003590818028897
7315,0.003690670710057,0.003690670710057
7316,0.003738202387467,0.003738202387467
7317,0.0039002906996756,0.0039002906996756
7318,0.0039842166006565,0.0039842166006565
7319,0.0036757960915565,0.0036757960915565
7320,0.0036930304486304,0.0036930304486304
7321,0.0038279956206679,0.0038279956206679
7322,0.0038264754693955,0.0038264754693955
7323,0.0038273064419627,0.0038273064419627
7324,0.0036959857679903,0.0036959857679903
7325,0.0037852921523153,0.0037852921523153
7326,0.0038567341398447,0.0038567341398447
7327,0.0037950093392282,0.0037950093392282
7328,0.0036422777920961,0.0036422777920961
7329,0.0037055825814604,0.0037055825814604
7330,0.0037358445115387,0.0037358445115387
7331,0.0037425248883664,0.0037425248883664
7332,0.0038241122383624,0.0038241122383624
7333,0.003609305480495,0.003609305480495
7334,0.004094345960766,0.004094345960766
7335,0.0037568740081042,0.0037568740081042
7336,0.0036529649514704,0.0036529649514704
7337,0.0038954773917794,0.0038954773917794
7338,0.0038297346327453,0.0038297346327453
7339,0.0037499100435525,0.0037499100435525
7340,0.0037623068783432,0.0037623068783432
7341,0.0035517076030373,0.0035517076030373
7342,0.0037144317757338,0.0037144317757338
7343,0.0037379115819931,0.0037379115819931
7344,0.0035781245678663,0.0035781245678663
7345,0.0037311138585209,0.0037311138585209
7346,0.0036559689324349,0.0036559689324349
7347,0.0036592802498489,0.0036592802498489
7348,0.0036874283105134,0.0036874283105134
7349,0.0037208246067166,0.0037208246067166
7350,0.003774591255933,0.003774591255933
7351,0.0037093556020408,0.0037093556020408
7352,0.0039125718176364,0.0039125718176364
7353,0.0039887642487883,0.0039887642487883
7354,0.0039081396535038,0.0039081396535038
7355,0.0036742449738085,0.0036742449738085
7356,0.0038453561719506,0.0038453561719506
7357,0.0038157466333359,0.0038157466333359
7358,0.0039000809192657,0.0039000809192657
7359,0.0039667030796408,0.0039667030796408
7360,0.0035854384768754,0.0035854384768754
7361,0.0037914188578724,0.0037914188578724
7362,0.0037905783392488,0.0037905783392488
7363,0.003716199658811,0.003716199658811
7364,0.003784840228036,0.003784840228036
7365,0.0039629535749554,0.0039629535749554
7366,0.0038718171417713,0.0038718171417713
7367,0.0037849466316401,0.0037849466316401
7368,0.0037861405871808,0.0037861405871808
7369,0.003595735412091,0.003595735412091
7370,0.0036882788408547,0.0036882788408547
7371,0.0038953905459493,0.0038953905459493
7372,0.0038864507805556,0.0038864507805556
7373,0.0037583233788609,0.0037583233788609
7374,0.0035763781052082,0.0035763781052082
7375,0.003831721143797,0.003831721143797
7376,0.003864258993417,0.003864258993417
7377,0.0037963362410664,0.0037963362410664
7378,0.0035053454339504,0.0035053454339504
7379,0.0040065902285277,0.0040065902285277
7380,0.0038237578701227,0.0038237578701227
7381,0.0037810457870364,0.0037810457870364
7382,0.0039012944325804,0.0039012944325804
7383,0.0037284216377884,0.0037284216377884
7384,0.0037175663746893,0.0037175663746893
7385,0.0038782639894634,0.0038782639894634
7386,0.0039744051173329,0.0039744051173329
7387,0.0038245539180934,0.0038245539180934
7388,0.0038725973572582,0.0038725973572582
7389,0.0038112786132842,0.0038112786132842
7390,0.0038427747786045,0.0038427747786045
7391,0.003711832454428,0.003711832454428
7392,0.0036806426942348,0.0036806426942348
7393,0.0038761130999773,0.0038761130999773
7394,0.0038044012617319,0.0038044012617319
7395,0.0036095459945499,0.0036095459945499
7396,0.0037266977597028,0.0037266977597028
7397,0.0037996827159076,0.0037996827159076
7398,0.0039042469579726,0.0039042469579726
7399,0.0036169397644698,0.0036169397644698
7400,0.0036616250872612,0.0036616250872612
7401,0.0037587601691484,0.0037587601691484
7402,0.004032895900309,0.004032895900309
7403,0.0036822708789259,0.0036822708789259
7404,0.0037969138938933,0.0037969138938933
7405,0.0037761544808745,0.0037761544808745
7406,0.0036327103152871,0.0036327103152871
7407,0.0038030899595469,0.0038030899595469
7408,0.0036626805085688,0.0036626805085688
7409,0.003787899389863,0.003787899389863
7410,0.0037767458707094,0.0037767458707094
7411,0.003887222148478,0.003887222148478
7412,0.0037822348531335,0.0037822348531335
7413,0.0035425657406449,0.0035425657406449
7414,0.003792826551944,0.003792826551944
7415,0.0038462323136627,0.0038462323136627
7416,0.0036620732862502,0.0036620732862502
7417,0.0036721581127494,0.0036721581127494
7418,0.0039481092244386,0.0039481092244386
7419,0.0039288476109504,0.0039288476109504
7420,0.0036905535962432,0.0036905535962432
7421,0.0036769248545169,0.0036769248545169
7422,0.0037839137949049,0.0037839137949049
7423,0.0037473253905773,0.0037473253905773
7424,0.0036730207502841,0.0036730207502841
7425,0.0036177088040858,0.0036177088040858
7426,0.0038340885657817,0.0038340885657817
7427,0.0036364651750773,0.0036364651750773
7428,0.0039189183153212,0.0039189183153212
7429,0.0036274236626923,0.0036274236626923
7430,0.0040289843454957,0.0040289843454957
7431,0.0035800023470073,0.0035800023470073
7432,0.0038971411995589,0.0038971411995589
7433,0.0039279805496335,0.0039279805496335
7434,0.003686842508614,0.003686842508614
7435,0.0037577082403004,0.0037577082403004
7436,0.00383040914312,0.00383040914312
7437,0.00373778026551,0.00373778026551
7438,0.0037901853211224,0.0037901853211224
7439,0.0039359973743557,0.0039359973743557
7440,0.0040384605526924,0.0040384605526924
7441,0.0039491057395935,0.0039491057395935
7442,0.004044207278639,0.004044207278639
7443,0.0039528789930045,0.0039528789930045
7444,0.0039441511034965,0.0039441511034965
7445,0.0038519201334565,0.0038519201334565
7446,0.0035798349417746,0.0035798349417746
7447,0.0037584938108921,0.0037584938108921
7448,0.0036315636243671,0.0036315636243671
7449,0.0036443353164941,0.0036443353164941
7450,0.0037450108211487,0.0037450108211487
7451,0.0039582885801792,0.0039582885801792
7452,0.0037743127904832,0.0037743127904832
7453,0.0037723793648183,0.0037723793648183
7454,0.0037720967084169,0.0037720967084169
7455,0.0037731372285634,0.0037731372285634
7456,0.0036788585130125,0.0036788585130125
7457,0.0036634793505072,0.0036634793505072
7458,0.003740340238437,0.003740340238437
7459,0.0038421899080276,0.0038421899080276
7460,0.003801398910582,0.003801398910582
7461,0.0038235280662775,0.0038235280662775
7462,0.0038405747618526,0.0038405747618526
7463,0.0036954884417355,0.0036954884417355
7464,0.0037367497570812,0.0037367497570812
7465,0.0038765436038374,0.0038765436038374
7466,0.0036378894001245,0.0036378894001245
7467,0.0036252785939723,0.0036252785939723
7468,0.0037889080122113,0.0037889080122113
7469,0.0039765331894159,0.0039765331894159
7470,0.0037511149421334,0.0037511149421334
7471,0.0038573998026549,0.0038573998026549
7472,0.0037887222133576,0.0037887222133576
7473,0.0039384108968079,0.0039384108968079
7474,0.0039603011682629,0.0039603011682629
7475,0.0037235608324408,0.0037235608324408
7476,0.0037459172308444,0.0037459172308444
7477,0.003549036802724,0.003549036802724
7478,0.0038401167839765,0.0038401167839765
7479,0.0038396967574954,0.0038396967574954
7480,0.0038262584712356,0.0038262584712356
7481,0.0040314570069313,0.0040314570069313
7482,0.0039124763570725,0.0039124763570725
7483,0.0036231691483408,0.0036231691483408
7484,0.0039825793355703,0.0039825793355703
7485,0.0041071670129895,0.0041071670129895
7486,0.0036634865682572,0.0036634865682572
7487,0.0037099828477948,0.0037099828477948
7488,0.0035851499997079,0.0035851499997079
7489,0.0037326144520193,0.0037326144520193
7490,0.0034550179261714,0.0034550179261714
7491,0.0037567066028714,0.0037567066028714
7492,0.003853065194562,0.003853065194562
7493,0.0038859078194946,0.0038859078194946
7494,0.003865998936817,0.003865998936817
7495,0.0036967783235013,0.0036967783235013
7496,0.003580352757126,0.003580352757126
7497,0.0037755800876766,0.0037755800876766
7498,0.0037550991401076,0.0037550991401076
7499,0.003832328133285,0.003832328133285
7500,0.0036113166715949,0.0036113166715949
7501,0.0036015261430293,0.0036015261430293
7502,0.0036685401573777,0.0036685401573777
7503,0.0036729597486555,0.0036729597486555
7504,0.0038343139458447,0.0038343139458447
7505,0.0034957730676978,0.0034957730676978
7506,0.0039532762020826,0.0039532762020826
7507,0.0037985118106007,0.0037985118106007
7508,0.0038254132959991,0.0038254132959991
7509,0.0035697508137673,0.0035697508137673
7510,0.0037829368375241,0.0037829368375241
7511,0.0038575518410652,0.0038575518410652
7512,0.0036805821582674,0.0036805821582674
7513,0.0037407963536679,0.0037407963536679
7514,0.003805291140452,0.003805291140452
7515,0.0037636903580278,0.0037636903580278
7516,0.003832935122773,0.003832935122773
7517,0.003806642955169,0.003806642955169
7518,0.0040142657235264,0.0040142657235264
7519,0.0037839498836547,0.0037839498836547
7520,0.0037573669105768,0.0037573669105768
7521,0.0038305327761918,0.0038305327761918
7522,0.0036784280091524,0.0036784280091524
7523,0.0037037408910691,0.0037037408910691
7524,0.0038466469850391,0.0038466469850391
7525,0.0037196911871433,0.0037196911871433
7526,0.0037162762600928,0.0037162762600928
7527,0.0037861128803342,0.0037861128803342
7528,0.0039568664506077,0.0039568664506077
7529,0.0037097013555467,0.0037097013555467
7530,0.0035347742959856,0.0035347742959856
7531,0.0040842997841537,0.0040842997841537
7532,0.0034725540317595,0.0034725540317595
7533,0.003762184176594,0.003762184176594
7534,0.003635227214545,0.003635227214545
7535,0.0039371657185256,0.0039371657185256
7536,0.0037955944426357,0.0037955944426357
7537,0.0039110179059207,0.0039110179059207
7538,0.0039172964170575,0.0039172964170575
7539,0.0039929645135998,0.0039929645135998
7540,0.0037898959126323,0.0037898959126323
7541,0.0037151158321648,0.0037151158321648
7542,0.0037885636556893,0.0037885636556893
7543,0.0037516916636377,0.0037516916636377
7544,0.0037609147839248,0.0037609147839248
7545,0.0038099172525107,0.0038099172525107
7546,0.003735679667443,0.003735679667443
7547,0.0038027917034924,0.0038027917034924
7548,0.003926346078515,0.003926346078515
7549,0.0038171845953911,0.0038171845953911
7550,0.0038105198182165,0.0038105198182165
7551,0.0038271402008831,0.0038271402008831
7552,0.0037166334223002,0.0037166334223002
7553,0.0038701444864273,0.0038701444864273
7554,0.0038509659934788,0.0038509659934788
7555,0.0036906071472913,0.0036906071472913
7556,0.0039608911611139,0.0039608911611139
7557,0.0038216665852814,0.0038216665852814
7558,0.0035079068038612,0.0035079068038612
7559,0.0038603744469583,0.0038603744469583
7560,0.0035959538072347,0.0035959538072347
7561,0.0038082781247794,0.0038082781247794
7562,0.0039049377664923,0.0039049377664923
7563,0.0036017161328345,0.0036017161328345
7564,0.0038259755820035,0.0038259755820035
7565,0.0037097458261996,0.0037097458261996
7566,0.0037843042518943,0.0037843042518943
7567,0.0038829271215945,0.0038829271215945
7568,0.0037643448449671,0.0037643448449671
7569,0.0035962322726845,0.0035962322726845
7570,0.0038795913569629,0.0038795913569629
7571,0.0039538098499178,0.0039538098499178
7572,0.0036795116029679,0.0036795116029679
7573,0.0036500291898846,0.0036500291898846
7574,0.0039647947996854,0.0039647947996854
7575,0.003746073693037,0.003746073693037
7576,0.0035920245572924,0.0035920245572924
7577,0.0037082189228385,0.0037082189228385
7578,0.0037659464869648,0.0037659464869648
7579,0.0035754567943513,0.0035754567943513
7580,0.0035753767006099,0.0035753767006099
7581,0.0036715234164148,0.0036715234164148
7582,0.0036806059069931,0.0036806059069931
7583,0.0037655089981853,0.0037655089981853
7584,0.0037342836149036,0.0037342836149036
7585,0.0039932411164045,0.0039932411164045
7586,0.0036892406642436,0.0036892406642436
7587,0.0038774507120251,0.0038774507120251
7588,0.0039803283289074,0.0039803283289074
7589,0.0037758047692477,0.0037758047692477
7590,0.0038666038308292,0.0038666038308292
7591,0.0040442044846713,0.0040442044846713
7592,0.00371949467808,0.00371949467808
7593,0.0036452934145927,0.0036452934145927
7594,0.0034582919906824,0.0034582919906824
7595,0.0036843358539044,0.0036843358539044
7596,0.0036806166172027,0.0036806166172027
7597,0.0037449921946972,0.0037449921946972
7598,0.0037316638045012,0.0037316638045012
7599,0.0035369880497455,0.0035369880497455
7600,0.0035558997187763,0.0035558997187763
7601,0.0037929785903543,0.0037929785903543
7602,0.0037637720815837,0.0037637720815837
7603,0.003820021636784,0.003820021636784
7604,0.0037355499807745,0.0037355499807745
7605,0.0035136565566062,0.0035136565566062
7606,0.0039705601520836,0.0039705601520836
7607,0.0036663662176579,0.0036663662176579
7608,0.0038705882616341,0.0038705882616341
7609,0.0038373041898012,0.0038373041898012
7610,0.0040430044755339,0.0040430044755339
7611,0.0036438438110053,0.0036438438110053
7612,0.003815579926595,0.003815579926595
7613,0.003704099683091,0.003704099683091
7614,0.0037196746561676,0.0037196746561676
7615,0.0040617557242512,0.0040617557242512
7616,0.003815718460828,0.003815718460828
7617,0.0035536820068955,0.0035536820068955
7618,0.0037884027697145,0.0037884027697145
7619,0.0038067696150392,0.0038067696150392
7620,0.0036931640934199,0.0036931640934199
7621,0.0036802343092858,0.0036802343092858
7622,0.0038610196206718,0.0038610196206718
7623,0.0037608121056109,0.0037608121056109
7624,0.0037839794531464,0.0037839794531464
7625,0.0035477778874337,0.0035477778874337
7626,0.0036055378150194,0.0036055378150194
7627,0.003790050977841,0.003790050977841
7628,0.0039615924470126,0.0039615924470126
7629,0.0039630057290196,0.0039630057290196
7630,0.0037456064019352,0.0037456064019352
7631,0.0039410744793713,0.0039410744793713
7632,0.0034887774381786,0.0034887774381786
7633,0.0037243722472339,0.0037243722472339
7634,0.0037648801226168,0.0037648801226168
7635,0.0038815427105873,0.0038815427105873
7636,0.0039552543312311,0.0039552543312311
7637,0.0036444915458559,0.0036444915458559
7638,0.003686707932502,0.003686707932502
7639,0.0037603557575494,0.0037603557575494
7640,0.0036804422270506,0.0036804422270506
7641,0.0038268521893769,0.0038268521893769
7642,0.0036371361929923,0.0036371361929923
7643,0.0038752518594264,0.0038752518594264
7644,0.0035988721065223,0.0035988721065223
7645,0.0038128145970404,0.0038128145970404
7646,0.0038858344778418,0.0038858344778418
7647,0.0037427523639053,0.0037427523639053
7648,0.0037917857989668,0.0037917857989668
7649,0.0037258029915392,0.0037258029915392
7650,0.0038661053404212,0.0038661053404212
7651,0.0036498154513537,0.0036498154513537
7652,0.0039728512056171,0.0039728512056171
7653,0.0035999456886202,0.0035999456886202
7654,0.0039077643305063,0.0039077643305063
7655,0.0036357403732836,0.0036357403732836
7656,0.0037450350355356,0.0037450350355356
7657,0.0037180627696216,0.0037180627696216
7658,0.0036700905766338,0.0036700905766338
7659,0.0037576877512037,0.0037576877512037
7660,0.003791922237724,0.003791922237724
7661,0.0037563713267445,0.0037563713267445
7662,0.0038675235118716,0.0038675235118716
7663,0.0038918245118111,0.0038918245118111
7664,0.0037143318913877,0.0037143318913877
7665,0.0037158241029828,0.0037158241029828
7666,0.003784333821386,0.003784333821386
7667,0.0037675066851079,0.0037675066851079
7668,0.0037191025912761,0.0037191025912761
7669,0.0037655853666365,0.0037655853666365
7670,0.0039754258468747,0.0039754258468747
7671,0.0036447329912334,0.0036447329912334
7672,0.0037019324954599,0.0037019324954599
7673,0.0037607001140713,0.0037607001140713
7674,0.0038270307704806,0.0038270307704806
7675,0.0038667269982397,0.0038667269982397
7676,0.0040263864211738,0.0040263864211738
7677,0.0037240297533571,0.0037240297533571
7678,0.0038010517600923,0.0038010517600923
7679,0.0037071942351758,0.0037071942351758
7680,0.0035369892138987,0.0035369892138987
7681,0.0038037211634218,0.0038037211634218
7682,0.0038801280315965,0.0038801280315965
7683,0.0036867673043161,0.0036867673043161
7684,0.0037710757460445,0.0037710757460445
7685,0.0040396237745881,0.0040396237745881
7686,0.0039631486870348,0.0039631486870348
7687,0.0036016895901411,0.0036016895901411
7688,0.0036805728450417,0.0036805728450417
7689,0.003655977314338,0.003655977314338
7690,0.0036390917375683,0.0036390917375683
7691,0.0037468802183866,0.0037468802183866
7692,0.0038982245605438,0.0038982245605438
7693,0.0040007792413234,0.0040007792413234
7694,0.0038082406390458,0.0038082406390458
7695,0.0040568527765572,0.0040568527765572
7696,0.0038272473029792,0.0038272473029792
7697,0.0038568384479731,0.0038568384479731
7698,0.0037579857744276,0.0037579857744276
7699,0.0036975133698433,0.0036975133698433
7700,0.0038813494611531,0.0038813494611531
7701,0.0036504482850432,0.0036504482850432
7702,0.0037263634148985,0.0037263634148985
7703,0.0037224141415208,0.0037224141415208
7704,0.0039591630920767,0.0039591630920767
7705,0.0036550483200699,0.0036550483200699
7706,0.003586025442928,0.003586025442928
7707,0.0037533808499574,0.0037533808499574
7708,0.0036843186244368,0.0036843186244368
7709,0.0037349506746977,0.0037349506746977
7710,0.0038295562844723,0.0038295562844723
7711,0.0037134939339011,0.0037134939339011
7712,0.003989927470684,0.003989927470684
7713,0.0038534398190677,0.0038534398190677
7714,0.003652659477666,0.003652659477666
7715,0.0036607438232749,0.0036607438232749
7716,0.004027203656733,0.004027203656733
7717,0.0038303355686366,0.0038303355686366
7718,0.0038643511943519,0.0038643511943519
7719,0.0037346805911511,0.0037346805911511
7720,0.003949589561671,0.003949589561671
7721,0.0037815996911376,0.0037815996911376
7722,0.0036616832949221,0.0036616832949221
7723,0.0035976881626993,0.0035976881626993
7724,0.0036219281610101,0.0036219281610101
7725,0.0038854097947478,0.0038854097947478
7726,0.0036056647077202,0.0036056647077202
7727,0.0038373980205506,0.0038373980205506
7728,0.0037106173112988,0.0037106173112988
7729,0.0036140207666903,0.0036140207666903
7730,0.0038383696228265,0.0038383696228265
7731,0.0037209664005786,0.0037209664005786
7732,0.0037181554362177,0.0037181554362177
7733,0.0036741762887686,0.0036741762887686
7734,0.0037681255489587,0.0037681255489587
7735,0.0037138587795197,0.0037138587795197
7736,0.0036990684457123,0.0036990684457123
7737,0.0037454783450812,0.0037454783450812
7738,0.0038744111079722,0.0038744111079722
7739,0.0037224802654236,0.0037224802654236
7740,0.003792580217123,0.003792580217123
7741,0.0037834509275853,0.0037834509275853
7742,0.0035025915130972,0.0035025915130972
7743,0.0038690383080393,0.0038690383080393
7744,0.0039425697177648,0.0039425697177648
7745,0.0038726683706045,0.0038726683706045
7746,0.0036197497975081,0.0036197497975081
7747,0.0037676321808248,0.0037676321808248
7748,0.0036732426378875,0.0036732426378875
7749,0.0038042054511606,0.0038042054511606
7750,0.0038485636468976,0.0038485636468976
7751,0.003855935530737,0.003855935530737
7752,0.0036908872425556,0.0036908872425556
7753,0.0035983268171548,0.0035983268171548
7754,0.0037484455388039,0.0037484455388039
7755,0.0036262494977563,0.0036262494977563
7756,0.0039278613403439,0.0039278613403439
7757,0.0038873085286468,0.0038873085286468
7758,0.0037590265274047,0.0037590265274047
7759,0.0038821643684059,0.0038821643684059
7760,0.0037869883235543,0.0037869883235543
7761,0.0036770452279597,0.0036770452279597
7762,0.0038523168768733,0.0038523168768733
7763,0.0036497670225799,0.0036497670225799
7764,0.0035243246238678,0.0035243246238678
7765,0.0036035629455,0.0036035629455
7766,0.0039638932794332,0.0039638932794332
7767,0.0038095924537628,0.0038095924537628
7768,0.0036697995383292,0.0036697995383292
7769,0.0037449249066412,0.0037449249066412
7770,0.0035950650926679,0.0035950650926679
7771,0.0035779376048594,0.0035779376048594
7772,0.003785153850913,0.003785153850913
7773,0.0038255497347563,0.0038255497347563
7774,0.0037835377734154,0.0037835377734154
7775,0.0039773494936525,0.0039773494936525
7776,0.003750598989427,0.003750598989427
7777,0.0037921392358839,0.0037921392358839
7778,0.0035498940851539,0.0035498940851539
7779,0.0039583956822752,0.0039583956822752
7780,0.003890725551173,0.003890725551173
7781,0.0036928604822605,0.0036928604822605
7782,0.0038565325085073,0.0038565325085073
7783,0.0038816195446997,0.0038816195446997
7784,0.0036310777068138,0.0036310777068138
7785,0.003751415060833,0.003751415060833
7786,0.0036201307084411,0.0036201307084411
7787,0.0034868202637881,0.0034868202637881
7788,0.0038639379199594,0.0038639379199594
7789,0.0038690061774104,0.0038690061774104
7790,0.003744610119611,0.003744610119611
7791,0.0039247767999768,0.0039247767999768
7792,0.0035128074232488,0.0035128074232488
7793,0.0036682598292827,0.0036682598292827
7794,0.0036449404433369,0.0036449404433369
7795,0.0037402275484055,0.0037402275484055
7796,0.0038394017610698,0.0038394017610698
7797,0.0035339326132088,0.0035339326132088
7798,0.0039888932369649,0.0039888932369649
7799,0.0039711771532893,0.0039711771532893
7800,0.0036528380587697,0.0036528380587697
7801,0.0036139979492872,0.0036139979492872
7802,0.0038000219501554,0.0038000219501554
7803,0.0039102681912481,0.0039102681912481
7804,0.0038672222290188,0.0038672222290188
7805,0.0037125896196812,0.0037125896196812
7806,0.0036720165517181,0.0036720165517181
7807,0.0034534553997218,0.0034534553997218
7808,0.0036960712168365,0.0036960712168365
7809,0.0036113688256591,0.0036113688256591
7810,0.0039799530059099,0.0039799530059099
7811,0.0036458517424762,0.0036458517424762
7812,0.003824952058494,0.003824952058494
7813,0.0037613178137689,0.0037613178137689
7814,0.0036827684380114,0.0036827684380114
7815,0.0035481271333992,0.0035481271333992
7816,0.0034423845354467,0.0034423845354467
7817,0.0039251307025551,0.0039251307025551
7818,0.0036169933155179,0.0036169933155179
7819,0.0038910694420337,0.0038910694420337
7820,0.0038417945615947,0.0038417945615947
7821,0.003736256621778,0.003736256621778
7822,0.0040661944076418,0.0040661944076418
7823,0.0036568911746144,0.0036568911746144
7824,0.0038615802768617,0.0038615802768617
7825,0.0037316367961466,0.0037316367961466
7826,0.0038440462667495,0.0038440462667495
7827,0.0038843646179884,0.0038843646179884
7828,0.0037140746135264,0.0037140746135264
7829,0.0037800832651555,0.0037800832651555
7830,0.0038419009651988,0.0038419009651988
7831,0.003813873976469,0.003813873976469
7832,0.0037618882488459,0.0037618882488459
7833,0.0038628014735877,0.0038628014735877
7834,0.0037199086509644,0.0037199086509644
7835,0.0038177215028554,0.0038177215028554
7836,0.0038445647805929,0.0038445647805929
7837,0.0039007449522614,0.0039007449522614
7838,0.0038518586661666,0.0038518586661666
7839,0.003784473054111,0.003784473054111
7840,0.0036205563228577,0.0036205563228577
7841,0.0038375032600015,0.0038375032600015
7842,0.0036577268037945,0.0036577268037945
7843,0.0038466288242489,0.0038466288242489
7844,0.0036708619445562,0.0036708619445562
7845,0.0036591095849871,0.0036591095849871
7846,0.0038449398707598,0.0038449398707598
7847,0.0037770129274576,0.0037770129274576
7848,0.0035842456854879,0.0035842456854879
7849,0.0036210108082741,0.0036210108082741
7850,0.003819293808192,0.003819293808192
7851,0.0038503450341522,0.0038503450341522
7852,0.0037941404152661,0.0037941404152661
7853,0.0036991876550018,0.0036991876550018
7854,0.0039073596708476,0.0039073596708476
7855,0.0038976175710558,0.0038976175710558
7856,0.003532173577696,0.003532173577696
7857,0.0036718805786222,0.0036718805786222
7858,0.0039696809835731,0.0039696809835731
7859,0.0037685416173189,0.0037685416173189
7860,0.0038537259679287,0.0038537259679287
7861,0.0035336436703801,0.0035336436703801
7862,0.003838557517156,0.003838557517156
7863,0.0037254975177347,0.0037254975177347
7864,0.0038829932454973,0.0038829932454973
7865,0.0037054747808724,0.0037054747808724
7866,0.0038111768662929,0.0038111768662929
7867,0.0037498199380934,0.0037498199380934
7868,0.0039633749984204,0.0039633749984204
7869,0.0037878293078392,0.0037878293078392
7870,0.0038137361407279,0.0038137361407279
7871,0.0035461627412587,0.0035461627412587
7872,0.0039344630204141,0.0039344630204141
7873,0.0039151106029748,0.0039151106029748
7874,0.0037767880130559,0.0037767880130559
7875,0.0038793340791016,0.0038793340791016
7876,0.0037024451885372,0.0037024451885372
7877,0.0038566978182643,0.0038566978182643
7878,0.003687979420647,0.003687979420647
7879,0.0036620474420487,0.0036620474420487
7880,0.0037706803996115,0.0037706803996115
7881,0.0039085121825337,0.0039085121825337
7882,0.0037755912635475,0.0037755912635475
7883,0.0036201435141265,0.0036201435141265
7884,0.0036253274884074,0.0036253274884074
7885,0.003781956853345,0.003781956853345
7886,0.0036099823191761,0.0036099823191761
7887,0.0037936358712613,0.0037936358712613
7888,0.0036737583577632,0.0036737583577632
7889,0.0038615129888057,0.0038615129888057
7890,0.0037132569123059,0.0037132569123059
7891,0.003944001160562,0.003944001160562
7892,0.0037259284872561,0.0037259284872561
7893,0.0039336374029517,0.0039336374029517
7894,0.0036686866078525,0.0036686866078525
7895,0.0038011430297046,0.0038011430297046
7896,0.0038064674008637,0.0038064674008637
7897,0.0041540996171534,0.0041540996171534
7898,0.0037238097283989,0.0037238097283989
7899,0.0037875396665185,0.0037875396665185
7900,0.0036234913859516,0.0036234913859516
7901,0.0037390822544693,0.0037390822544693
7902,0.0034449775703251,0.0034449775703251
7903,0.0036184950731694,0.0036184950731694
7904,0.0036479821428656,0.0036479821428656
7905,0.0038678317796438,0.0038678317796438
7906,0.0039172042161226,0.0039172042161226
7907,0.0038183114957064,0.0038183114957064
7908,0.0037662615068256,0.0037662615068256
7909,0.0036605692002922,0.0036605692002922
7910,0.0034890237729996,0.0034890237729996
7911,0.0038239611312747,0.0038239611312747
7912,0.003913976252079,0.003913976252079
7913,0.0035262000747025,0.0035262000747025
7914,0.0037426743656396,0.0037426743656396
7915,0.0040139164775609,0.0040139164775609
7916,0.0037245210260152,0.0037245210260152
7917,0.0036194289568811,0.0036194289568811
7918,0.0037931709084659,0.0037931709084659
7919,0.0036902653519064,0.0036902653519064
7920,0.0038133312482386,0.0038133312482386
7921,0.003598450217396,0.003598450217396
7922,0.0040102135390043,0.0040102135390043
7923,0.0038611516356468,0.0038611516356468
7924,0.0036777579225599,0.0036777579225599
7925,0.003774678800255,0.003774678800255
7926,0.0037454525008797,0.0037454525008797
7927,0.0036740589421242,0.0036740589421242
7928,0.0037701711989939,0.0037701711989939
7929,0.0037876546848565,0.0037876546848565
7930,0.0037493591662496,0.0037493591662496
7931,0.0038202567957341,0.0038202567957341
7932,0.0036739066708832,0.0036739066708832
7933,0.0036091655492782,0.0036091655492782
7934,0.0036633338313549,0.0036633338313549
7935,0.0038485932163894,0.0038485932163894
7936,0.0038372101262211,0.0038372101262211
7937,0.0039014657959342,0.0039014657959342
7938,0.0037845326587557,0.0037845326587557
7939,0.003986750729382,0.003986750729382
7940,0.0039929072372615,0.0039929072372615
7941,0.003955915570259,0.003955915570259
7942,0.003627649275586,0.003627649275586
7943,0.0038409589324146,0.0038409589324146
7944,0.003709957934916,0.003709957934916
7945,0.003899747505784,0.003899747505784
7946,0.0039033798966556,0.0039033798966556
7947,0.0036168680526316,0.0036168680526316
7948,0.0037869445513933,0.0037869445513933
7949,0.0036514578387141,0.0036514578387141
7950,0.0038765980862081,0.0038765980862081
7951,0.003754363162443,0.003754363162443
7952,0.0038597423117607,0.0038597423117607
7953,0.0038919656071811,0.0038919656071811
7954,0.0037524490617215,0.0037524490617215
7955,0.0037236670032143,0.0037236670032143
7956,0.0036483989097177,0.0036483989097177
7957,0.0037467845249921,0.0037467845249921
7958,0.0038001195061951,0.0038001195061951
7959,0.0038115815259516,0.0038115815259516
7960,0.0037149940617382,0.0037149940617382
7961,0.003758895676583,0.003758895676583
7962,0.003796741599217,0.003796741599217
7963,0.0037500627804547,0.0037500627804547
7964,0.0039567332714796,0.0039567332714796
7965,0.0039303484372794,0.0039303484372794
7966,0.0037385062314569,0.0037385062314569
7967,0.0035004960373044,0.0035004960373044
7968,0.0037824269384145,0.0037824269384145
7969,0.003706264309585,0.003706264309585
7970,0.0037725646980106,0.0037725646980106
7971,0.0039272708818316,0.0039272708818316
7972,0.0036954348906874,0.0036954348906874
7973,0.0037329737097024,0.0037329737097024
7974,0.0038176223170012,0.0038176223170012
7975,0.0037448822986334,0.0037448822986334
7976,0.0037926875520497,0.0037926875520497
7977,0.0038899956271052,0.0038899956271052
7978,0.0038661044090986,0.0038661044090986
7979,0.0037498557940125,0.0037498557940125
7980,0.0036554320249706,0.0036554320249706
7981,0.0039230193942785,0.0039230193942785
7982,0.0036426361184567,0.0036426361184567
7983,0.0036605671048164,0.0036605671048164
7984,0.0038096613716334,0.0038096613716334
7985,0.0037896940484642,0.0037896940484642
7986,0.0036698528565466,0.0036698528565466
7987,0.0036177670117467,0.0036177670117467
7988,0.0037532572168856,0.0037532572168856
7989,0.0037490318063646,0.0037490318063646
7990,0.0039658183231949,0.0039658183231949
7991,0.0037710694596171,0.0037710694596171
7992,0.0035322057083249,0.0035322057083249
7993,0.0035697477869689,0.0035697477869689
7994,0.003703613532707,0.003703613532707
7995,0.0038417428731918,0.0038417428731918
7996,0.0037402934394776,0.0037402934394776
7997,0.0037868889048695,0.0037868889048695
7998,0.0039121406152844,0.0039121406152844
7999,0.0038409056141972,0.0038409056141972
8000,0.0038682995364069,0.0038682995364069
8001,0.003685433184728,0.003685433184728
8002,0.0038030091673135,0.0038030091673135
8003,0.0040410999208688,0.0040410999208688
8004,0.0037313557695597,0.0037313557695597
8005,0.0038482279051095,0.0038482279051095
8006,0.0035700974985957,0.0035700974985957
8007,0.0036491486243903,0.0036491486243903
8008,0.0038554959464818,0.0038554959464818
8009,0.0037581087090075,0.0037581087090075
8010,0.0037971609272062,0.0037971609272062
8011,0.003752163844183,0.003752163844183
8012,0.0037756036035716,0.0037756036035716
8013,0.003754899604246,0.003754899604246
8014,0.003750019473955,0.003750019473955
8015,0.0040341676212847,0.0040341676212847
8016,0.0037952822167426,0.0037952822167426
8017,0.00370883080177,0.00370883080177
8018,0.0038078783545643,0.0038078783545643
8019,0.0038871727883815,0.0038871727883815
8020,0.003763766027987,0.003763766027987
8021,0.0035745110362768,0.0035745110362768
8022,0.0038057081401348,0.0038057081401348
8023,0.0037076859734952,0.0037076859734952
8024,0.0036476703826338,0.0036476703826338
8025,0.0038726972416043,0.0038726972416043
8026,0.0038605148438364,0.0038605148438364
8027,0.003851396497339,0.003851396497339
8028,0.0037210322916507,0.0037210322916507
8029,0.0037575308233499,0.0037575308233499
8030,0.0037147637922316,0.0037147637922316
8031,0.0038990341126918,0.0038990341126918
8032,0.0039813332259655,0.0039813332259655
8033,0.0037587566766887,0.0037587566766887
8034,0.0038946438580751,0.0038946438580751
8035,0.0036602118052542,0.0036602118052542
8036,0.0035969798918813,0.0035969798918813
8037,0.0035690118093043,0.0035690118093043
8038,0.003714142832905,0.003714142832905
8039,0.0039007253944873,0.0039007253944873
8040,0.0035927395801991,0.0035927395801991
8041,0.0039179562591016,0.0039179562591016
8042,0.0040370733477175,0.0040370733477175
8043,0.0037996745668351,0.0037996745668351
8044,0.0037968852557241,0.0037968852557241
8045,0.003888658247888,0.003888658247888
8046,0.0034990576095879,0.0034990576095879
8047,0.0036361920647323,0.0036361920647323
8048,0.0037808392662554,0.0037808392662554
8049,0.0036794119514524,0.0036794119514524
8050,0.0036640169564634,0.0036640169564634
8051,0.0037994785234332,0.0037994785234332
8052,0.0036406205035746,0.0036406205035746
8053,0.0037571294233202,0.0037571294233202
8054,0.0036191358231008,0.0036191358231008
8055,0.003871826454997,0.003871826454997
8056,0.0037147481925785,0.0037147481925785
8057,0.0038813441060483,0.0038813441060483
8058,0.0038798388559371,0.0038798388559371
8059,0.0038240300491452,0.0038240300491452
8060,0.0038466937839984,0.0038466937839984
8061,0.0038173357024788,0.0038173357024788
8062,0.0035818386822938,0.0035818386822938
8063,0.0036482135765254,0.0036482135765254
8064,0.0037004994228482,0.0037004994228482
8065,0.0037872982211411,0.0037872982211411
8066,0.0039034180808812,0.0039034180808812
8067,0.0039160447195172,0.0039160447195172
8068,0.0035810130648314,0.0035810130648314
8069,0.0038938333746045,0.0038938333746045
8070,0.0036400000099092,0.0036400000099092
8071,0.0036064693704247,0.0036064693704247
8072,0.0037682361435145,0.0037682361435145
8073,0.003553133457899,0.003553133457899
8074,0.0035883062519133,0.0035883062519133
8075,0.0039391862228512,0.0039391862228512
8076,0.0038283034227788,0.0038283034227788
8077,0.0036570979282259,0.0036570979282259
8078,0.0035770151298493,0.0035770151298493
8079,0.0037244530394673,0.0037244530394673
8080,0.0038474695757031,0.0038474695757031
8081,0.0037422818131744,0.0037422818131744
8082,0.0036017766688019,0.0036017766688019
8083,0.0037342242430895,0.0037342242430895
8084,0.0038727447390556,0.0038727447390556
8085,0.0037661860696971,0.0037661860696971
8086,0.0036190156824886,0.0036190156824886
8087,0.0035594291985034,0.0035594291985034
8088,0.003843861632049,0.003843861632049
8089,0.0038411417044699,0.0038411417044699
8090,0.0036953338421881,0.0036953338421881
8091,0.0037828120402991,0.0037828120402991
8092,0.0037696408107876,0.0037696408107876
8093,0.0035824328660964,0.0035824328660964
8094,0.0038935486227273,0.0038935486227273
8095,0.0036798894871026,0.0036798894871026
8096,0.0036001284606754,0.0036001284606754
8097,0.0037349734921008,0.0037349734921008
8098,0.0039053144864737,0.0039053144864737
8099,0.003552729031071,0.003552729031071
8100,0.0036616683937609,0.0036616683937609
8101,0.0039222766645252,0.0039222766645252
8102,0.0037047828081995,0.0037047828081995
8103,0.0036462245043367,0.0036462245043367
8104,0.0035911067388951,0.0035911067388951
8105,0.0036594641860574,0.0036594641860574
8106,0.0036848329473286,0.0036848329473286
8107,0.0036467819008976,0.0036467819008976
8108,0.0036284704692661,0.0036284704692661
8109,0.0038292764220386,0.0038292764220386
8110,0.0036780175287276,0.0036780175287276
8111,0.0037853170651942,0.0037853170651942
8112,0.0036458298563957,0.0036458298563957
8113,0.0037870050873607,0.0037870050873607
8114,0.0037093379069119,0.0037093379069119
8115,0.0037894102279096,0.0037894102279096
8116,0.0038444006349891,0.0038444006349891
8117,0.0039483224973082,0.0039483224973082
8118,0.0039467569440603,0.0039467569440603
8119,0.0036261626519262,0.0036261626519262
8120,0.0038119710516184,0.0038119710516184
8121,0.0037444736808538,0.0037444736808538
8122,0.0037724482826888,0.0037724482826888
8123,0.0037319113034754,0.0037319113034754
8124,0.0038509434089064,0.0038509434089064
8125,0.0038169231265783,0.0038169231265783
8126,0.0037644966505467,0.0037644966505467
8127,0.0037011436652392,0.0037011436652392
8128,0.0038758032023906,0.0038758032023906
8129,0.0037189887370914,0.0037189887370914
8130,0.0036302891094237,0.0036302891094237
8131,0.0036281601060181,0.0036281601060181
8132,0.0038913015741854,0.0038913015741854
8133,0.003799445927143,0.003799445927143
8134,0.0035292089451104,0.0035292089451104
8135,0.0038823438808321,0.0038823438808321
8136,0.0037339641712605,0.0037339641712605
8137,0.0037342791911214,0.0037342791911214
8138,0.0037637108471244,0.0037637108471244
8139,0.0036873915232717,0.0036873915232717
8140,0.0037026654463261,0.0037026654463261
8141,0.0038280100561678,0.0038280100561678
8142,0.0037626363337039,0.0037626363337039
8143,0.0035630527418106,0.0035630527418106
8144,0.0037953944411128,0.0037953944411128
8145,0.0039274501614272,0.0039274501614272
8146,0.0037046368233859,0.0037046368233859
8147,0.003685806877911,0.003685806877911
8148,0.0037815822288393,0.0037815822288393
8149,0.0038076671771705,0.0038076671771705
8150,0.0037565545644611,0.0037565545644611
8151,0.0037967988755553,0.0037967988755553
8152,0.0034865259658545,0.0034865259658545
8153,0.0036401229444891,0.0036401229444891
8154,0.0037168285343796,0.0037168285343796
8155,0.0038941928651183,0.0038941928651183
8156,0.0040195537731051,0.0040195537731051
8157,0.0037235256750136,0.0037235256750136
8158,0.0037437577266246,0.0037437577266246
8159,0.0038406569510698,0.0038406569510698
8160,0.0035767352674156,0.0035767352674156
8161,0.0040092738345265,0.0040092738345265
8162,0.0037496187724173,0.0037496187724173
8163,0.0038872130680829,0.0038872130680829
8164,0.0037754985969513,0.0037754985969513
8165,0.0040056956931948,0.0040056956931948
8166,0.0038242696318775,0.0038242696318775
8167,0.003623958909884,0.003623958909884
8168,0.0036456701345741,0.0036456701345741
8169,0.0037029541563242,0.0037029541563242
8170,0.003795763477683,0.003795763477683
8171,0.003610095474869,0.003610095474869
8172,0.0038161752745509,0.0038161752745509
8173,0.003697095438838,0.003697095438838
8174,0.0035778887104243,0.0035778887104243
8175,0.0039669838733971,0.0039669838733971
8176,0.0039420267567038,0.0039420267567038
8177,0.0036177588626742,0.0036177588626742
8178,0.0038022107910364,0.0038022107910364
8179,0.0036410044413059,0.0036410044413059
8180,0.00363634317182,0.00363634317182
8181,0.003609373467043,0.003609373467043
8182,0.0035735911224037,0.0035735911224037
8183,0.0037364354357123,0.0037364354357123
8184,0.0038250512443482,0.0038250512443482
8185,0.0037317504175007,0.0037317504175007
8186,0.0038500416558235,0.0038500416558235
8187,0.003651731647551,0.003651731647551
8188,0.0037289010360836,0.0037289010360836
8189,0.0036163115873932,0.0036163115873932
8190,0.0038926410488784,0.0038926410488784
8191,0.0035965063143521,0.0035965063143521
8192,0.0036644185893237,0.0036644185893237
8193,0.0037462010513991,0.0037462010513991
8194,0.0035736572463065,0.0035736572463065
8195,0.003866221057251,0.003866221057251
8196,0.0038304368499666,0.0038304368499666
8197,0.0037651027087122,0.0037651027087122
8198,0.0039620799943804,0.0039620799943804
8199,0.0038215047679841,0.0038215047679841
8200,0.0038499920628964,0.0038499920628964
8201,0.0038376117590814,0.0038376117590814
8202,0.0036123488098382,0.0036123488098382
8203,0.0037791775539517,0.0037791775539517
8204,0.0036698123440146,0.0036698123440146
8205,0.0036702223587781,0.0036702223587781
8206,0.0038657456170767,0.0038657456170767
8207,0.0036123669706285,0.0036123669706285
8208,0.0035401470959186,0.0035401470959186
8209,0.0040716491639614,0.0040716491639614
8210,0.0039093527011573,0.0039093527011573
8211,0.0042093270458281,0.0042093270458281
8212,0.0037153980229049,0.0037153980229049
8213,0.0039117857813835,0.0039117857813835
8214,0.0037777705583721,0.0037777705583721
8215,0.0036104831378906,0.0036104831378906
8216,0.0037878849543631,0.0037878849543631
8217,0.0036685669329017,0.0036685669329017
8218,0.0036686165258288,0.0036686165258288
8219,0.0036675238516181,0.0036675238516181
8220,0.0038490386214107,0.0038490386214107
8221,0.0037228858564049,0.0037228858564049
8222,0.003801840590313,0.003801840590313
8223,0.0038591369520872,0.0038591369520872
8224,0.0038257907144725,0.0038257907144725
8225,0.0036673778668045,0.0036673778668045
8226,0.0036432445049285,0.0036432445049285
8227,0.0038291860837489,0.0038291860837489
8228,0.0036149204242974,0.0036149204242974
8229,0.0037367974873632,0.0037367974873632
8230,0.0037584437523037,0.0037584437523037
8231,0.0036020758561789,0.0036020758561789
8232,0.0037494851276278,0.0037494851276278
8233,0.0038553003687411,0.0038553003687411
8234,0.0037689490709453,0.0037689490709453
8235,0.0038950685411691,0.0038950685411691
8236,0.0038290726952254,0.0038290726952254
8237,0.0035899197682738,0.0035899197682738
8238,0.0036273803561925,0.0036273803561925
8239,0.0036043373402208,0.0036043373402208
8240,0.0036500664427876,0.0036500664427876
8241,0.003812572453171,0.003812572453171
8242,0.0038980641402304,0.0038980641402304
8243,0.0038881809450685,0.0038881809450685
8244,0.0037741353735327,0.0037741353735327
8245,0.0037818006239831,0.0037818006239831
8246,0.003880015341565,0.003880015341565
8247,0.0036054742522537,0.0036054742522537
8248,0.0036137592978775,0.0036137592978775
8249,0.0037002784665673,0.0037002784665673
8250,0.0038091135211288,0.0038091135211288
8251,0.0034597753547132,0.0034597753547132
8252,0.0036580034065991,0.0036580034065991
8253,0.0037958654575049,0.0037958654575049
8254,0.003829302964732,0.003829302964732
8255,0.0037203633692115,0.0037203633692115
8256,0.0037354847881942,0.0037354847881942
8257,0.0037786827888339,0.0037786827888339
8258,0.0037103851791471,0.0037103851791471
8259,0.0036503868177533,0.0036503868177533
8260,0.0035342751070857,0.0035342751070857
8261,0.0037497028242796,0.0037497028242796
8262,0.0036638923920691,0.0036638923920691
8263,0.0040088687092065,0.0040088687092065
8264,0.0036928770132362,0.0036928770132362
8265,0.0040886173956096,0.0040886173956096
8266,0.0038166546728461,0.0038166546728461
8267,0.0039581656455993,0.0039581656455993
8268,0.0036639154423028,0.0036639154423028
8269,0.0038512654136866,0.0038512654136866
8270,0.0037788162007927,0.0037788162007927
8271,0.0038183268625289,0.0038183268625289
8272,0.0039210561662912,0.0039210561662912
8273,0.0038488376885652,0.0038488376885652
8274,0.0035878308117389,0.0035878308117389
8275,0.0036966598127037,0.0036966598127037
8276,0.0037195845507085,0.0037195845507085
8277,0.0036008493043482,0.0036008493043482
8278,0.0037773170042783,0.0037773170042783
8279,0.0041360901668667,0.0041360901668667
8280,0.0037798837292939,0.0037798837292939
8281,0.0038138604722917,0.0038138604722917
8282,0.0037577373441308,0.0037577373441308
8283,0.0038103389088064,0.0038103389088064
8284,0.0037266409490257,0.0037266409490257
8285,0.0038127494044601,0.0038127494044601
8286,0.003812383627519,0.003812383627519
8287,0.00376702635549,0.00376702635549
8288,0.0038106623105704,0.0038106623105704
8289,0.0037420694716274,0.0037420694716274
8290,0.0037596812471747,0.0037596812471747
8291,0.0036979652941226,0.0036979652941226
8292,0.0037798259872943,0.0037798259872943
8293,0.003525105305016,0.003525105305016
8294,0.003815425094217,0.003815425094217
8295,0.0038711037486791,0.0038711037486791
8296,0.0037385218311101,0.0037385218311101
8297,0.003715444356203,0.003715444356203
8298,0.0035457946360111,0.0035457946360111
8299,0.0037058684974908,0.0037058684974908
8300,0.0036616674624383,0.0036616674624383
8301,0.0038597530219703,0.0038597530219703
8302,0.0036909703630954,0.0036909703630954
8303,0.0037259920500218,0.0037259920500218
8304,0.0038171345368027,0.0038171345368027
8305,0.0037177391350269,0.0037177391350269
8306,0.0039059738628566,0.0039059738628566
8307,0.0036183439660817,0.0036183439660817
8308,0.0036751870065927,0.0036751870065927
8309,0.0037186981644481,0.0037186981644481
8310,0.0036137658171355,0.0036137658171355
8311,0.003659515408799,0.003659515408799
8312,0.0037796190008521,0.0037796190008521
8313,0.0037014917470514,0.0037014917470514
8314,0.0040226448327302,0.0040226448327302
8315,0.0040056672878563,0.0040056672878563
8316,0.0038302494212985,0.0038302494212985
8317,0.003782550105825,0.003782550105825
8318,0.0038860086351633,0.0038860086351633
8319,0.0038880952633917,0.0038880952633917
8320,0.0036066535394638,0.0036066535394638
8321,0.0037612065207213,0.0037612065207213
8322,0.00374051858671,0.00374051858671
8323,0.0036494024097919,0.0036494024097919
8324,0.0036707865074276,0.0036707865074276
8325,0.0037448136135935,0.0037448136135935
8326,0.003676559543237,0.003676559543237
8327,0.0036443956196308,0.0036443956196308
8328,0.0039972877129912,0.0039972877129912
8329,0.0037040072493255,0.0037040072493255
8330,0.0039003742858767,0.0039003742858767
8331,0.0037503321655094,0.0037503321655094
8332,0.0038180025294423,0.0038180025294423
8333,0.0036338758654892,0.0036338758654892
8334,0.0038721952587366,0.0038721952587366
8335,0.0037380908615887,0.0037380908615887
8336,0.0038748295046389,0.0038748295046389
8337,0.0037376801483333,0.0037376801483333
8338,0.0036694488953799,0.0036694488953799
8339,0.0036898287944495,0.0036898287944495
8340,0.003745267400518,0.003745267400518
8341,0.0037383884191513,0.0037383884191513
8342,0.0037000924348831,0.0037000924348831
8343,0.0036774198524653,0.0036774198524653
8344,0.0038341840263456,0.0038341840263456
8345,0.0036969219800084,0.0036969219800084
8346,0.0035126628354191,0.0035126628354191
8347,0.0037806474138051,0.0037806474138051
8348,0.0037551494315266,0.0037551494315266
8349,0.0039094756357371,0.0039094756357371
8350,0.0036379299126565,0.0036379299126565
8351,0.0039695082232356,0.0039695082232356
8352,0.0037403251044452,0.0037403251044452
8353,0.0036820357199758,0.0036820357199758
8354,0.0036573184188455,0.0036573184188455
8355,0.0037301222328096,0.0037301222328096
8356,0.0036996118724346,0.0036996118724346
8357,0.0037152648437768,0.0037152648437768
8358,0.0039829025045037,0.0039829025045037
8359,0.0038411132991313,0.0038411132991313
8360,0.0038044862449169,0.0038044862449169
8361,0.0035572911147028,0.0035572911147028
8362,0.0038613737560808,0.0038613737560808
8363,0.0036249486729502,0.0036249486729502
8364,0.0036804762203246,0.0036804762203246
8365,0.003771950956434,0.003771950956434
8366,0.0038430518470704,0.0038430518470704
8367,0.0038362499326467,0.0038362499326467
8368,0.0037484464701265,0.0037484464701265
8369,0.0040197628550231,0.0040197628550231
8370,0.003919112496078,0.003919112496078
8371,0.0037153083831071,0.0037153083831071
8372,0.0036640134640038,0.0036640134640038
8373,0.0036235677544027,0.0036235677544027
8374,0.0036566632334142,0.0036566632334142
8375,0.0038744595367461,0.0038744595367461
8376,0.0036937736440449,0.0036937736440449
8377,0.0037108215037733,0.0037108215037733
8378,0.0037635136395692,0.0037635136395692
8379,0.0037528984248638,0.0037528984248638
8380,0.0037586207035928,0.0037586207035928
8381,0.0038982105907052,0.0038982105907052
8382,0.003767404705286,0.003767404705286
8383,0.003739079227671,0.003739079227671
8384,0.0037550099659711,0.0037550099659711
8385,0.0039626592770218,0.0039626592770218
8386,0.0037072312552481,0.0037072312552481
8387,0.0035151978954672,0.0035151978954672
8388,0.0037924370262771,0.0037924370262771
8389,0.0037371690850704,0.0037371690850704
8390,0.0038295756094157,0.0038295756094157
8391,0.0038230749778449,0.0038230749778449
8392,0.0037449242081493,0.0037449242081493
8393,0.0037126850802451,0.0037126850802451
8394,0.0035203164443373,0.0035203164443373
8395,0.0039347792044281,0.0039347792044281
8396,0.0037006132770329,0.0037006132770329
8397,0.003897801740095,0.003897801740095
8398,0.0036070991773158,0.0036070991773158
8399,0.0038326075300574,0.0038326075300574
8400,0.0036380374804139,0.0036380374804139
8401,0.0036708796396851,0.0036708796396851
8402,0.0037433847319334,0.0037433847319334
8403,0.0035338052548468,0.0035338052548468
8404,0.003879970870912,0.003879970870912
8405,0.0039777718484401,0.0039777718484401
8406,0.0038758399896323,0.0038758399896323
8407,0.0036766605917364,0.0036766605917364
8408,0.0037224027328193,0.0037224027328193
8409,0.0039574429392814,0.0039574429392814
8410,0.0039796624332666,0.0039796624332666
8411,0.0039218058809638,0.0039218058809638
8412,0.0036798331420868,0.0036798331420868
8413,0.0036811786703765,0.0036811786703765
8414,0.0035305055789649,0.0035305055789649
8415,0.003674148581922,0.003674148581922
8416,0.0034856058191508,0.0034856058191508
8417,0.0037136848550289,0.0037136848550289
8418,0.0036631748080253,0.0036631748080253
8419,0.003753627417609,0.003753627417609
8420,0.0037969530094414,0.0037969530094414
8421,0.0037627830170094,0.0037627830170094
8422,0.0036074400413781,0.0036074400413781
8423,0.0039186310023069,0.0039186310023069
8424,0.003708163741976,0.003708163741976
8425,0.0037115518935024,0.0037115518935024
8426,0.0037014163099229,0.0037014163099229
8427,0.0036998654250055,0.0036998654250055
8428,0.0037338861729949,0.0037338861729949
8429,0.0037114098668098,0.0037114098668098
8430,0.0036239610053598,0.0036239610053598
8431,0.0037487645167857,0.0037487645167857
8432,0.0036779448855668,0.0036779448855668
8433,0.0038516882341355,0.0038516882341355
8434,0.0039079403504729,0.0039079403504729
8435,0.0035260177683085,0.0035260177683085
8436,0.0036136496346443,0.0036136496346443
8437,0.0036115914117544,0.0036115914117544
8438,0.0038788779638707,0.0038788779638707
8439,0.0036405660212039,0.0036405660212039
8440,0.0038523315452039,0.0038523315452039
8441,0.0036394882481545,0.0036394882481545
8442,0.0038913188036531,0.0038913188036531
8443,0.0036828166339546,0.0036828166339546
8444,0.0037033765111118,0.0037033765111118
8445,0.0037634412292391,0.0037634412292391
8446,0.0037760220002382,0.0037760220002382
8447,0.0037873003166168,0.0037873003166168
8448,0.0036012555938214,0.0036012555938214
8449,0.0038246114272624,0.0038246114272624
8450,0.0037368314806371,0.0037368314806371
8451,0.0036609459202736,0.0036609459202736
8452,0.0038097423966974,0.0038097423966974
8453,0.0038269693031907,0.0038269693031907
8454,0.0037386761978268,0.0037386761978268
8455,0.0038250428624451,0.0038250428624451
8456,0.0038157489616423,0.0038157489616423
8457,0.003776213619858,0.003776213619858
8458,0.0036649026442319,0.0036649026442319
8459,0.0037750606425106,0.0037750606425106
8460,0.0034691882319748,0.0034691882319748
8461,0.0039673475548624,0.0039673475548624
8462,0.0038023004308342,0.0038023004308342
8463,0.0037918577436357,0.0037918577436357
8464,0.0036401133984327,0.0036401133984327
8465,0.0037686980795115,0.0037686980795115
8466,0.0037019157316535,0.0037019157316535
8467,0.0036417052615433,0.0036417052615433
8468,0.0036875382065773,0.0036875382065773
8469,0.0039737988263368,0.0039737988263368
8470,0.0038641646970063,0.0038641646970063
8471,0.003715825267136,0.003715825267136
8472,0.003845045575872,0.003845045575872
8473,0.0037095807492733,0.0037095807492733
8474,0.003695763181895,0.003695763181895
8475,0.0036933976225554,0.0036933976225554
8476,0.0038105768617242,0.0038105768617242
8477,0.0039481450803577,0.0039481450803577
8478,0.0036573356483131,0.0036573356483131
8479,0.0037157020997256,0.0037157020997256
8480,0.0039173290133476,0.0039173290133476
8481,0.0036407336592674,0.0036407336592674
8482,0.0038177343085408,0.0038177343085408
8483,0.0035406225360929,0.0035406225360929
8484,0.0038199569098651,0.0038199569098651
8485,0.0038065034896135,0.0038065034896135
8486,0.0039101839065551,0.0039101839065551
8487,0.003815661650151,0.003815661650151
8488,0.003890793537721,0.003890793537721
8489,0.0038703049067407,0.0038703049067407
8490,0.0035859977360814,0.0035859977360814
8491,0.0037468252703547,0.0037468252703547
8492,0.0038173301145434,0.0038173301145434
8493,0.0037556828465312,0.0037556828465312
8494,0.0036294488236308,0.0036294488236308
8495,0.0038975065108388,0.0038975065108388
8496,0.0036532410886138,0.0036532410886138
8497,0.0035405186936259,0.0035405186936259
8498,0.0037124557420611,0.0037124557420611
8499,0.0035291130188852,0.0035291130188852
8500,0.0037893380504101,0.0037893380504101
8501,0.0037632556632161,0.0037632556632161
8502,0.003702008863911,0.003702008863911
8503,0.0037266213912516,0.0037266213912516
8504,0.0036214294377714,0.0036214294377714
8505,0.0038761124014854,0.0038761124014854
8506,0.0036803556140512,0.0036803556140512
8507,0.0038489564321935,0.0038489564321935
8508,0.0038346927613019,0.0038346927613019
8509,0.003763377899304,0.003763377899304
8510,0.0035591488704085,0.0035591488704085
8511,0.0038736390415579,0.0038736390415579
8512,0.0036998561117798,0.0036998561117798
8513,0.0036230392288416,0.0036230392288416
8514,0.0036488808691501,0.0036488808691501
8515,0.0036260306369513,0.0036260306369513
8516,0.0038619919214397,0.0038619919214397
8517,0.0037507379893213,0.0037507379893213
8518,0.0041449228301644,0.0041449228301644
8519,0.0035923372488468,0.0035923372488468
8520,0.0039136204868555,0.0039136204868555
8521,0.0038218451663851,0.0038218451663851
8522,0.0038217313122004,0.0038217313122004
8523,0.0041689979843795,0.0041689979843795
8524,0.0036770408041775,0.0036770408041775
8525,0.0037980570923537,0.0037980570923537
8526,0.0039347000420093,0.0039347000420093
8527,0.0038483764510601,0.0038483764510601
8528,0.0037879273295402,0.0037879273295402
8529,0.0038629746995866,0.0038629746995866
8530,0.0037359634879976,0.0037359634879976
8531,0.003941040020436,0.003941040020436
8532,0.0038841099012643,0.0038841099012643
8533,0.0037873450201004,0.0037873450201004
8534,0.003702450543642,0.003702450543642
8535,0.0037805973552167,0.0037805973552167
8536,0.0040714009664952,0.0040714009664952
8537,0.0036629792302846,0.0036629792302846
8538,0.0037503601051867,0.0037503601051867
8539,0.0040665999986231,0.0040665999986231
8540,0.0037186187691986,0.0037186187691986
8541,0.0039182817563414,0.0039182817563414
8542,0.00391426961869,0.00391426961869
8543,0.0038165701553225,0.0038165701553225
8544,0.0038010743446648,0.0038010743446648
8545,0.0038450015708804,0.0038450015708804
8546,0.0036339215002954,0.0036339215002954
8547,0.0038329218514263,0.0038329218514263
8548,0.0037804848980158,0.0037804848980158
8549,0.0036772605963051,0.0036772605963051
8550,0.003883292665705,0.003883292665705
8551,0.0036074335221201,0.0036074335221201
8552,0.0038308014627546,0.0038308014627546
8553,0.0036510052159428,0.0036510052159428
8554,0.0037666172720491,0.0037666172720491
8555,0.0036809917073696,0.0036809917073696
8556,0.0037853033281862,0.0037853033281862
8557,0.0037556851748377,0.0037556851748377
8558,0.0037100994959473,0.0037100994959473
8559,0.003846351057291,0.003846351057291
8560,0.0036958609707653,0.0036958609707653
8561,0.0037321741692721,0.0037321741692721
8562,0.0038885513786226,0.0038885513786226
8563,0.0039567621424794,0.0039567621424794
8564,0.0036297908518463,0.0036297908518463
8565,0.0037952926941215,0.0037952926941215
8566,0.0036594530101865,0.0036594530101865
8567,0.0037047672085464,0.0037047672085464
8568,0.003837548661977,0.003837548661977
8569,0.0038195855449885,0.0038195855449885
8570,0.0039316890761256,0.0039316890761256
8571,0.0036652265116572,0.0036652265116572
8572,0.0035743191838264,0.0035743191838264
8573,0.0038169987965375,0.0038169987965375
8574,0.0039001330733299,0.0039001330733299
8575,0.0037909969687461,0.0037909969687461
8576,0.003759168786928,0.003759168786928
8577,0.0035846149548888,0.0035846149548888
8578,0.0037114969454705,0.0037114969454705
8579,0.0038406746461987,0.0038406746461987
8580,0.0039064073935151,0.0039064073935151
8581,0.0037553957663476,0.0037553957663476
8582,0.0037309960462152,0.0037309960462152
8583,0.003792388131842,0.003792388131842
8584,0.0038016410544514,0.0038016410544514
8585,0.0039159599691629,0.0039159599691629
8586,0.0037615054752677,0.0037615054752677
8587,0.0037295683287084,0.0037295683287084
8588,0.0038286391645669,0.0038286391645669
8589,0.0038223981391638,0.0038223981391638
8590,0.0038708886131644,0.0038708886131644
8591,0.0036646707449108,0.0036646707449108
8592,0.0037498725578188,0.0037498725578188
8593,0.0038672604132443,0.0038672604132443
8594,0.003820776939392,0.003820776939392
8595,0.0037927250377833,0.0037927250377833
8596,0.0040210527367889,0.0040210527367889
8597,0.0035867751576006,0.0035867751576006
8598,0.0037695469800382,0.0037695469800382
8599,0.0037659851368516,0.0037659851368516
8600,0.0038524989504367,0.0038524989504367
8601,0.0036842515692114,0.0036842515692114
8602,0.0037962943315505,0.0037962943315505
8603,0.0036795728374272,0.0036795728374272
8604,0.0037963986396789,0.0037963986396789
8605,0.0038537473883479,0.0038537473883479
8606,0.0039748437702655,0.0039748437702655
8607,0.0038602594286203,0.0038602594286203
8608,0.0039285239763557,0.0039285239763557
8609,0.0037384345196187,0.0037384345196187
8610,0.0037733654025942,0.0037733654025942
8611,0.0035193949006497,0.0035193949006497
8612,0.0037185021210461,0.0037185021210461
8613,0.0037544837687164,0.0037544837687164
8614,0.0037256618961691,0.0037256618961691
8615,0.0038728090003132,0.0038728090003132
8616,0.0037680014502257,0.0037680014502257
8617,0.0036552627570927,0.0036552627570927
8618,0.0036654828581959,0.0036654828581959
8619,0.0039819958619773,0.0039819958619773
8620,0.0036268995609134,0.0036268995609134
8621,0.0036982872989028,0.0036982872989028
8622,0.0037507505621761,0.0037507505621761
8623,0.0038827250245958,0.0038827250245958
8624,0.0037394850514829,0.0037394850514829
8625,0.0036453166976571,0.0036453166976571
8626,0.0037868246436119,0.0037868246436119
8627,0.0037648105062544,0.0037648105062544
8628,0.003884526900947,0.003884526900947
8629,0.0039343843236565,0.0039343843236565
8630,0.0037095716688781,0.0037095716688781
8631,0.0035855560563504,0.0035855560563504
8632,0.0036766086705029,0.0036766086705029
8633,0.0035836698953062,0.0035836698953062
8634,0.0037651355378329,0.0037651355378329
8635,0.0036965105682611,0.0036965105682611
8636,0.0036119376309216,0.0036119376309216
8637,0.003859307616949,0.003859307616949
8638,0.0040359669364988,0.0040359669364988
8639,0.0038063111715018,0.0038063111715018
8640,0.0036234147846698,0.0036234147846698
8641,0.0037678990047425,0.0037678990047425
8642,0.0038974767085164,0.0038974767085164
8643,0.0039522354491055,0.0039522354491055
8644,0.0035993994679301,0.0035993994679301
8645,0.0039072860963642,0.0039072860963642
8646,0.00369070074521,0.00369070074521
8647,0.0037478534504771,0.0037478534504771
8648,0.0035397177562117,0.0035397177562117
8649,0.0040417639538645,0.0040417639538645
8650,0.003960576839745,0.003960576839745
8651,0.0038099179510027,0.0038099179510027
8652,0.00386269739829,0.00386269739829
8653,0.0037724261637777,0.0037724261637777
8654,0.0038654415402561,0.0038654415402561
8655,0.0037985669914633,0.0037985669914633
8656,0.0035446968395262,0.0035446968395262
8657,0.0037435791455209,0.0037435791455209
8658,0.0038054105825722218,0.0038054105825722218
8659,0.00374387064948678,0.00374387064948678
8660,0.004084168467670679,0.004084168467670679
8661,0.0037358340341597795,0.0037358340341597795
8662,0.0036155760753899813,0.0036155760753899813
8663,0.0038884945679455996,0.0038884945679455996
8664,0.0038169282488524914,0.0038169282488524914
8665,0.003838221076875925,0.003838221076875925
8666,0.0038025586400181055,0.0038025586400181055
8667,0.003937289118766785,0.003937289118766785
8668,0.0038228658959269524,0.0038228658959269524
8669,0.003965944051742554,0.003965944051742554
8670,0.004101443104445934,0.004101443104445934
8671,0.003709936747327447,0.003709936747327447
8672,0.003873994806781411,0.003873994806781411
8673,0.0037113013677299023,0.0037113013677299023
8674,0.0038154914509505033,0.0038154914509505033
8675,0.003892481094226241,0.003892481094226241
8676,0.0038182183634489775,0.0038182183634489775
8677,0.003876929171383381,0.003876929171383381
8678,0.003643175819888711,0.003643175819888711
8679,0.003930279985070229,0.003930279985070229
8680,0.004129702690988779,0.004129702690988779
8681,0.003715339582413435,0.003715339582413435
8682,0.003826731350272894,0.003826731350272894
8683,0.0036636292934417725,0.0036636292934417725
8684,0.003811968956142664,0.003811968956142664
8685,0.0038156460504978895,0.0038156460504978895
8686,0.0039648208767175674,0.0039648208767175674
8687,0.003882091958075762,0.003882091958075762
8688,0.003615391906350851,0.003615391906350851
8689,0.0038906573317945004,0.0038906573317945004
8690,0.0037777244579046965,0.0037777244579046965
8691,0.003979546017944813,0.003979546017944813
8692,0.0041758352890610695,0.0041758352890610695
8693,0.003934520296752453,0.003934520296752453
8694,0.004220922477543354,0.004220922477543354
8695,0.003820710349828005,0.003820710349828005
8696,0.003844956634566188,0.003844956634566188
8697,0.0038600873667746782,0.0038600873667746782
8698,0.0037341832648962736,0.0037341832648962736
8699,0.0035920406226068735,0.0035920406226068735
8700,0.00388314132578671,0.00388314132578671
8701,0.0036797956563532352,0.0036797956563532352
8702,0.003638130845502019,0.003638130845502019
8703,0.003785534529015422,0.003785534529015422
8704,0.0037285168655216694,0.0037285168655216694
8705,0.003624002216383815,0.003624002216383815
8706,0.003745804540812969,0.003745804540812969
8707,0.003839953802525997,0.003839953802525997
8708,0.003999692853540182,0.003999692853540182
8709,0.0041506653651595116,0.0041506653651595116
8710,0.0037493950221687555,0.0037493950221687555
8711,0.0035859725903719664,0.0035859725903719664
8712,0.0039087641052901745,0.0039087641052901745
8713,0.004157597199082375,0.004157597199082375
8714,0.0038253155071288347,0.0038253155071288347
8715,0.0039015074726194143,0.0039015074726194143
8716,0.0038952131289988756,0.0038952131289988756
8717,0.004026404116302729,0.004026404116302729
8718,0.003705014241859317,0.003705014241859317
8719,0.003935961052775383,0.003935961052775383
8720,0.00394595880061388,0.00394595880061388
8721,0.0036536462139338255,0.0036536462139338255
8722,0.003752075834199786,0.003752075834199786
8723,0.0038081675302237272,0.0038081675302237272
8724,0.0038757328875362873,0.0038757328875362873
8725,0.00375447329133749,0.00375447329133749
8726,0.0036627184599637985,0.0036627184599637985
8727,0.00393256451934576,0.00393256451934576
8728,0.0038329358212649822,0.0038329358212649822
8729,0.0037882423494011164,0.0037882423494011164
8730,0.0037777810357511044,0.0037777810357511044
8731,0.003670616541057825,0.003670616541057825
8732,0.00368621782399714,0.00368621782399714
8733,0.0038798272144049406,0.0038798272144049406
8734,0.003722153836861253,0.003722153836861253
8735,0.0040156906470656395,0.0040156906470656395
8736,0.00392889603972435,0.00392889603972435
8737,0.003740109270438552,0.003740109270438552
8738,0.0037617525085806847,0.0037617525085806847
8739,0.0036633643321692944,0.0036633643321692944
8740,0.0038176611997187138,0.0038176611997187138
8741,0.0038213985972106457,0.0038213985972106457
8742,0.003971376456320286,0.003971376456320286
8743,0.0039213066920638084,0.0039213066920638084
8744,0.003826626343652606,0.003826626343652606
8745,0.0037644165568053722,0.0037644165568053722
8746,0.0038112823385745287,0.0038112823385745287
8747,0.00366662023589015,0.00366662023589015
8748,0.003695516148582101,0.003695516148582101
8749,0.004166439175605774,0.004166439175605774
8750,0.003983853384852409,0.003983853384852409
8751,0.0040994929149746895,0.0040994929149746895
8752,0.0037478883750736713,0.0037478883750736713
8753,0.0036786459386348724,0.0036786459386348724
8754,0.003971804399043322,0.003971804399043322
8755,0.0037609634455293417,0.0037609634455293417
8756,0.003749244147911668,0.003749244147911668
8757,0.003736216342076659,0.003736216342076659
8758,0.003720778040587902,0.003720778040587902
8759,0.0037533175200223923,0.0037533175200223923
8760,0.0037323436699807644,0.0037323436699807644
8761,0.003663409501314163,0.003663409501314163
8762,0.00379497604444623,0.00379497604444623
8763,0.00384920509532094,0.00384920509532094
8764,0.0039100656285882,0.0039100656285882
8765,0.004051568452268839,0.004051568452268839
8766,0.0037638042122125626,0.0037638042122125626
8767,0.0038118362426757812,0.0038118362426757812
8768,0.0038249637000262737,0.0038249637000262737
8769,0.003614396322518587,0.003614396322518587
8770,0.0038847909308969975,0.0038847909308969975
8771,0.0037569475825875998,0.0037569475825875998
8772,0.00391951622441411,0.00391951622441411
8773,0.0038159058894962072,0.0038159058894962072
8774,0.003638280089944601,0.003638280089944601
8775,0.003864962374791503,0.003864962374791503
8776,0.003924404736608267,0.003924404736608267
8777,0.0038805848453193903,0.0038805848453193903
8778,0.00378649914637208,0.00378649914637208
8779,0.003933351952582598,0.003933351952582598
8780,0.0037608155980706215,0.0037608155980706215
8781,0.003792386967688799,0.003792386967688799
8782,0.003978731110692024,0.003978731110692024
8783,0.0037826327607035637,0.0037826327607035637
8784,0.003683661110699177,0.003683661110699177
8785,0.00384424882940948,0.00384424882940948
8786,0.0037612225860357285,0.0037612225860357285
8787,0.0040556900203228,0.0040556900203228
8788,0.0038144495338201523,0.0038144495338201523
8789,0.003911386243999004,0.003911386243999004
8790,0.0037679271772503853,0.0037679271772503853
8791,0.0038356175646185875,0.0038356175646185875
8792,0.003789889393374324,0.003789889393374324
8793,0.0036282476503401995,0.0036282476503401995
8794,0.003723726375028491,0.003723726375028491
8795,0.0038658471312373877,0.0038658471312373877
8796,0.004012377932667732,0.004012377932667732
8797,0.004036250524222851,0.004036250524222851
8798,0.0038389305118471384,0.0038389305118471384
8799,0.0038229001220315695,0.0038229001220315695
8800,0.003702557645738125,0.003702557645738125
8801,0.0039012650959193707,0.0039012650959193707
8802,0.0038498123176395893,0.0038498123176395893
8803,0.003816393204033375,0.003816393204033375
8804,0.003791906638070941,0.003791906638070941
8805,0.003728472162038088,0.003728472162038088
8806,0.003904760116711259,0.003904760116711259
8807,0.003957632929086685,0.003957632929086685
8808,0.0036273375153541565,0.0036273375153541565
8809,0.0037884563207626343,0.0037884563207626343
8810,0.003858332522213459,0.003858332522213459
8811,0.003938321489840746,0.003938321489840746
8812,0.0037715937942266464,0.0037715937942266464
8813,0.0037379353307187557,0.0037379353307187557
8814,0.003823075210675597,0.003823075210675597
8815,0.003753896337002516,0.003753896337002516
8816,0.0035902857780456543,0.0035902857780456543
8817,0.003861072240397334,0.003861072240397334
8818,0.003804896492511034,0.003804896492511034
8819,0.0037706897128373384,0.0037706897128373384
8820,0.0037982638459652662,0.0037982638459652662
8821,0.0037631578743457794,0.0037631578743457794
8822,0.0036967131309211254,0.0036967131309211254
8823,0.0038573890924453735,0.0038573890924453735
8824,0.003783945692703128,0.003783945692703128
8825,0.003934070467948914,0.003934070467948914
8826,0.0036558571737259626,0.0036558571737259626
8827,0.003792525501921773,0.003792525501921773
8828,0.00372737436555326,0.00372737436555326
8829,0.003776917001232505,0.003776917001232505
8830,0.004014973063021898,0.004014973063021898
8831,0.003973222337663174,0.003973222337663174
8832,0.003662091912701726,0.003662091912701726
8833,0.0037076291628181934,0.0037076291628181934
8834,0.003898746334016323,0.003898746334016323
8835,0.003867785446345806,0.003867785446345806
8836,0.00409383000805974,0.00409383000805974
8837,0.0038669309578835964,0.0038669309578835964
8838,0.003832287387922406,0.003832287387922406
8839,0.00383419799618423,0.00383419799618423
8840,0.0037114694714546204,0.0037114694714546204
8841,0.0037197857163846493,0.0037197857163846493
8842,0.003946504555642605,0.003946504555642605
8843,0.0038713186513632536,0.0038713186513632536
8844,0.003915724810212851,0.003915724810212851
8845,0.0038218072149902582,0.0038218072149902582
8846,0.0037731097545474768,0.0037731097545474768
8847,0.0038701703306287527,0.0038701703306287527
8848,0.003932627849280834,0.003932627849280834
8849,0.00363438343629241,0.00363438343629241
8850,0.003907954785972834,0.003907954785972834
8851,0.004042190033942461,0.004042190033942461
8852,0.003881382057443261,0.003881382057443261
8853,0.003759692655876279,0.003759692655876279
8854,0.0037817037664353848,0.0037817037664353848
8855,0.0037517251912504435,0.0037517251912504435
8856,0.0037379786372184753,0.0037379786372184753
8857,0.0037504909560084343,0.0037504909560084343
8858,0.00409240648150444,0.00409240648150444
8859,0.0038736334536224604,0.0038736334536224604
8860,0.0036413094494491816,0.0036413094494491816
8861,0.004011180251836777,0.004011180251836777
8862,0.00395889300853014,0.00395889300853014
8863,0.0037738848477602005,0.0037738848477602005
8864,0.0038681174628436565,0.0038681174628436565
8865,0.0036168594378978014,0.0036168594378978014
8866,0.00399386091157794,0.00399386091157794
8867,0.0038838698528707027,0.0038838698528707027
8868,0.003913505002856255,0.003913505002856255
8869,0.0036602611653506756,0.0036602611653506756
8870,0.003760560415685177,0.003760560415685177
8871,0.004015284590423107,0.004015284590423107
8872,0.003742201253771782,0.003742201253771782
8873,0.0036863212008029222,0.0036863212008029222
8874,0.003986676223576069,0.003986676223576069
8875,0.003911229316145182,0.003911229316145182
8876,0.003693845123052597,0.003693845123052597
8877,0.0037709588650614023,0.0037709588650614023
8878,0.004081968683749437,0.004081968683749437
8879,0.0038392534479498863,0.0038392534479498863
8880,0.0037129088304936886,0.0037129088304936886
8881,0.0038701221346855164,0.0038701221346855164
8882,0.0037058969028294086,0.0037058969028294086
8883,0.0040022823959589005,0.0040022823959589005
8884,0.0037319129332900047,0.0037319129332900047
8885,0.0037242465186864138,0.0037242465186864138
8886,0.0037693497724831104,0.0037693497724831104
8887,0.0038296449929475784,0.0038296449929475784
8888,0.0038670983631163836,0.0038670983631163836
8889,0.0035935966297984123,0.0035935966297984123
8890,0.004126765299588442,0.004126765299588442
8891,0.003642776980996132,0.003642776980996132
8892,0.0036646409425884485,0.0036646409425884485
8893,0.003884240984916687,0.003884240984916687
8894,0.003920903429389,0.003920903429389
8895,0.003785645356401801,0.003785645356401801
8896,0.0036104603204876184,0.0036104603204876184
8897,0.0039328522980213165,0.0039328522980213165
8898,0.003839273937046528,0.003839273937046528
8899,0.0037798709236085415,0.0037798709236085415
8900,0.003786493092775345,0.003786493092775345
8901,0.003816845128312707,0.003816845128312707
8902,0.0036565340124070644,0.0036565340124070644
8903,0.00395421776920557,0.00395421776920557
8904,0.0037775507662445307,0.0037775507662445307
8905,0.0038489848375320435,0.0038489848375320435
8906,0.003763597458600998,0.003763597458600998
8907,0.003752435790374875,0.003752435790374875
8908,0.003979025408625603,0.003979025408625603
8909,0.00371494609862566,0.00371494609862566
8910,0.003884140634909272,0.003884140634909272
8911,0.003934325184673071,0.003934325184673071
8912,0.0040792059153318405,0.0040792059153318405
8913,0.0039056693203747272,0.0039056693203747272
8914,0.0038081889506429434,0.0038081889506429434
8915,0.0039944127202034,0.0039944127202034
8916,0.0037524686194956303,0.0037524686194956303
8917,0.0038671097718179226,0.0038671097718179226
8918,0.003867317223921418,0.003867317223921418
8919,0.00371664110571146,0.00371664110571146
8920,0.003866993822157383,0.003866993822157383
8921,0.003942601848393679,0.003942601848393679
8922,0.003560698125511408,0.003560698125511408
8923,0.003932651598006487,0.003932651598006487
8924,0.004055733792483807,0.004055733792483807
8925,0.003792667528614402,0.003792667528614402
8926,0.0038483471143990755,0.0038483471143990755
8927,0.0037739742547273636,0.0037739742547273636
8928,0.003946359269320965,0.003946359269320965
8929,0.003876951988786459,0.003876951988786459
8930,0.0037427865900099277,0.0037427865900099277
8931,0.003654966363683343,0.003654966363683343
8932,0.0037867617793381214,0.0037867617793381214
8933,0.0039967698976397514,0.0039967698976397514
8934,0.004043263383209705,0.004043263383209705
8935,0.003627612255513668,0.003627612255513668
8936,0.0037204886320978403,0.0037204886320978403
8937,0.0038651088252663612,0.0038651088252663612
8938,0.003727637929841876,0.003727637929841876
8939,0.003862659214064479,0.003862659214064479
8940,0.003837702563032508,0.003837702563032508
8941,0.003781355917453766,0.003781355917453766
8942,0.0037126056849956512,0.0037126056849956512
8943,0.0037602351512759924,0.0037602351512759924
8944,0.003945829346776009,0.003945829346776009
8945,0.0038149096071720123,0.0038149096071720123
8946,0.003915248438715935,0.003915248438715935
8947,0.0036852452903985977,0.0036852452903985977
8948,0.0036886625457555056,0.0036886625457555056
8949,0.0038816353771835566,0.0038816353771835566
8950,0.0034893976990133524,0.0034893976990133524
8951,0.003710775403305888,0.003710775403305888
8952,0.0037321378476917744,0.0037321378476917744
8953,0.003785085631534457,0.003785085631534457
8954,0.0037029332015663385,0.0037029332015663385
8955,0.003652669722214341,0.003652669722214341
8956,0.003860943950712681,0.003860943950712681
8957,0.0036308772396296263,0.0036308772396296263
8958,0.004147089086472988,0.004147089086472988
8959,0.0038604517467319965,0.0038604517467319965
8960,0.003568443236872554,0.003568443236872554
8961,0.003793941577896476,0.003793941577896476
8962,0.003675331361591816,0.003675331361591816
8963,0.003946419805288315,0.003946419805288315
8964,0.003812059760093689,0.003812059760093689
8965,0.00390161806717515,0.00390161806717515
8966,0.0036702961660921574,0.0036702961660921574
8967,0.0038650380447506905,0.0038650380447506905
8968,0.004058736842125654,0.004058736842125654
8969,0.004020358435809612,0.004020358435809612
8970,0.0039047093596309423,0.0039047093596309423
8971,0.003621751209720969,0.003621751209720969
8972,0.0035937486682087183,0.0035937486682087183
8973,0.0036011787597090006,0.0036011787597090006
8974,0.0036852483171969652,0.0036852483171969652
8975,0.0036960633005946875,0.0036960633005946875
8976,0.003860006807371974,0.003860006807371974
8977,0.00379006820730865,0.00379006820730865
8978,0.0038110988680273294,0.0038110988680273294
8979,0.0036906758323311806,0.0036906758323311806
8980,0.0037286211736500263,0.0037286211736500263
8981,0.0036894730292260647,0.0036894730292260647
8982,0.003934935666620731,0.003934935666620731
8983,0.003941860981285572,0.003941860981285572
8984,0.0037621695082634687,0.0037621695082634687
8985,0.003519190475344658,0.003519190475344658
8986,0.003717294428497553,0.003717294428497553
8987,0.003917953465133905,0.003917953465133905
8988,0.0038714574184268713,0.0038714574184268713
8989,0.003845909843221307,0.003845909843221307
8990,0.003777659498155117,0.003777659498155117
8991,0.0036777344066649675,0.0036777344066649675
8992,0.00395435094833374,0.00395435094833374
8993,0.003886074759066105,0.003886074759066105
8994,0.003956575877964497,0.003956575877964497
8995,0.003979262430220842,0.003979262430220842
8996,0.00381894176825881,0.00381894176825881
8997,0.0037471423856914043,0.0037471423856914043
8998,0.003811465809121728,0.003811465809121728
8999,0.003701580222696066,0.003701580222696066
