,top,bottom,left,right,core,total
0,6.641581058502197,0.7220901846885681,11929.1845703125,11720.8896484375,67.82299041748047,23725.259765625
1,174.30386352539062,0.8082650899887085,1326.7108154296875,684.3794555664062,66.73928833007812,2252.941650390625
2,457.02001953125,0.9122670292854309,3196.601806640625,3254.51220703125,67.18099975585938,6976.2275390625
3,513.48291015625,0.8016667366027832,4402.1123046875,5386.99072265625,66.96076202392578,10370.3486328125
4,406.37994384765625,0.6178615093231201,2574.32470703125,3103.800048828125,66.23277282714844,6151.35546875
5,271.88360595703125,0.44142550230026245,976.5386352539062,659.6480102539062,65.73019409179688,1974.241943359375
6,169.39443969726562,0.3146641254425049,725.8663940429688,45.783775329589844,65.71395111083984,1007.0731811523438
7,108.921875,0.25214412808418274,1260.6492919921875,891.1884765625,66.0342788696289,2327.0458984375
8,80.84927368164062,0.23450663685798645,1741.439453125,1909.23681640625,66.36734008789062,3798.12744140625
9,73.72406005859375,0.22812506556510925,1787.5169677734375,2215.6572265625,66.49081420898438,4143.6171875
10,80.67318725585938,0.2153114378452301,1445.669677734375,1752.7261962890625,66.38130187988281,3345.665771484375
11,98.53953552246094,0.19607479870319366,940.819580078125,940.1600341796875,66.12911987304688,2045.8443603515625
12,125.25550079345703,0.17724177241325378,507.2942199707031,262.602294921875,65.84640502929688,961.1756591796875
13,157.7603302001953,0.1644023060798645,303.6554260253906,19.87896156311035,65.61797332763672,547.0770874023438
14,190.69174194335938,0.15841220319271088,363.1792907714844,212.14968872070312,65.48163604736328,831.6607055664062
15,216.4464569091797,0.15604262053966522,572.783203125,573.194580078125,65.42869567871094,1428.009033203125
16,227.77467346191406,0.15319043397903442,731.6429443359375,780.6978759765625,65.42398071289062,1805.692626953125
17,221.76205444335938,0.14732234179973602,700.0013427734375,699.7926025390625,65.43582916259766,1687.13916015625
18,201.29769897460938,0.13782824575901031,502.0135498046875,428.0374755859375,65.4532470703125,1196.9398193359375
19,172.9009246826172,0.12566158175468445,277.9197082519531,154.9429931640625,65.48127746582031,671.3705444335938
20,143.41151428222656,0.11279843747615814,158.6434326171875,15.902636528015137,65.52838134765625,383.5987548828125
21,117.78112030029297,0.10129573941230774,180.5066375732422,38.01580810546875,65.59746551513672,402.0023193359375
22,98.47472381591797,0.09241914749145508,285.6356201171875,163.09640502929688,65.68305206298828,612.9822387695312
23,85.97227478027344,0.08641909807920456,381.805419921875,298.56365966796875,65.7727279663086,832.200439453125
24,79.63805389404297,0.0827748253941536,405.5135192871094,364.94598388671875,65.85179138183594,916.0321044921875
25,78.42169189453125,0.08056764304637909,348.08404541015625,328.655029296875,65.90919494628906,821.1505126953125
26,81.1898193359375,0.07901972532272339,243.46380615234375,213.1439208984375,65.94231414794922,603.8189086914062
27,86.7562484741211,0.07800847291946411,140.20843505859375,83.52175903320312,65.9581527709961,376.5226135253906
28,93.77375030517578,0.07794250547885895,77.1429443359375,8.662548065185547,65.97026824951172,245.62744140625
29,100.63882446289062,0.07893399149179459,69.1376724243164,18.79534912109375,65.9925308227539,254.643310546875
30,105.54621124267578,0.08022541552782059,102.76454162597656,86.42912292480469,66.0329360961914,360.85302734375
31,106.8088150024414,0.08070299029350281,143.2816162109375,149.2129364013672,66.09115600585938,465.4752502441406
32,103.41529083251953,0.07988682389259338,154.8397979736328,159.1166229248047,66.1610336303711,483.6126403808594
33,95.52362060546875,0.07819819450378418,125.11476135253906,114.65818786621094,66.2358627319336,401.6106262207031
34,84.49068450927734,0.07650560885667801,74.01638793945312,51.64710998535156,66.312255859375,276.54296875
35,72.34996795654297,0.07563519477844238,36.147727966308594,10.19183349609375,66.3904800415039,185.1556396484375
36,61.061012268066406,0.07608413696289062,32.195682525634766,8.93188762664795,66.47161865234375,168.7362823486328
37,51.95467758178711,0.07798035442829132,54.95375442504883,39.44215393066406,66.5540771484375,212.98263549804688
38,45.57859802246094,0.08138182014226913,79.8040771484375,76.0330581665039,66.63185119628906,268.12896728515625
39,41.86495590209961,0.0866643413901329,86.16963195800781,92.34552001953125,66.69644927978516,287.1632080078125
40,40.39981460571289,0.09461252391338348,70.27961730957031,77.28791809082031,66.74166107177734,254.80361938476562
41,40.61909484863281,0.10608992725610733,42.914825439453125,41.86262893676758,66.76805114746094,192.27069091796875
42,41.88434982299805,0.12133514881134033,19.404251098632812,10.693044662475586,66.78374481201172,138.88671875
43,43.4827880859375,0.13926935195922852,10.362242698669434,2.7737722396850586,66.8004150390625,123.55848693847656
44,44.63268280029297,0.15768983960151672,16.428760528564453,17.05363655090332,66.82718658447266,145.09994506835938
45,44.58126449584961,0.17461907863616943,28.18160629272461,35.826778411865234,66.86669921875,175.63096618652344
46,42.827903747558594,0.18954680860042572,32.81226348876953,41.71772766113281,66.91590881347656,184.46334838867188
47,39.36670684814453,0.2032073736190796,24.852279663085938,31.17221450805664,66.97040557861328,162.5648193359375
48,34.74052047729492,0.21631789207458496,11.10151195526123,13.961692810058594,67.02816009521484,127.04820251464844
49,29.809425354003906,0.22878451645374298,3.3304994106292725,3.1414318084716797,67.0895767211914,103.59971618652344
50,25.38022804260254,0.24014770984649658,6.48234224319458,5.182345867156982,67.15422058105469,104.43928527832031
51,21.94506072998047,0.2506757378578186,15.309718132019043,16.116256713867188,67.2177505493164,120.83946228027344
52,19.643938064575195,0.26178112626075745,21.102996826171875,25.28525161743164,67.27252960205078,133.56649780273438
53,18.37807273864746,0.2751613259315491,19.381790161132812,24.413305282592773,67.3118667602539,129.76019287109375
54,17.935802459716797,0.2914378046989441,11.94802188873291,14.754837989807129,67.33472442626953,112.26482391357422
55,18.051607131958008,0.30948585271835327,4.287199020385742,5.150472640991211,67.34652709960938,95.14529418945312
56,18.40508270263672,0.3271043002605438,1.42855966091156,2.9250736236572266,67.35533142089844,90.44115447998047
57,18.623638153076172,0.3425997495651245,4.216380596160889,7.524284839630127,67.366943359375,98.07384490966797
58,18.356975555419922,0.355817049741745,8.531696319580078,12.716680526733398,67.38282012939453,107.343994140625
59,17.420047760009766,0.36753523349761963,9.374055862426758,13.241439819335938,67.4019775390625,107.8050537109375
60,15.896783828735352,0.37809035181999207,6.180628776550293,8.933573722839355,67.42373657226562,98.81281280517578
61,14.09317398071289,0.38695666193962097,2.8590965270996094,3.922102928161621,67.44824981689453,88.70957946777344
62,12.367128372192383,0.3937673568725586,2.8063833713531494,2.573777675628662,67.47425079345703,85.61531066894531
63,10.974778175354004,0.3994239568710327,5.611618518829346,5.428709983825684,67.49716186523438,89.91169738769531
64,10.025808334350586,0.40578266978263855,8.414639472961426,8.79558277130127,67.51053619384766,95.15234375
65,9.522526741027832,0.4141053855419159,8.884032249450684,8.838127136230469,67.51016998291016,95.16896057128906
66,9.406758308410645,0.4239080250263214,6.88049840927124,5.635488986968994,67.49714660644531,89.84379577636719
67,9.572026252746582,0.4333861470222473,4.316385746002197,2.470045566558838,67.47664642333984,84.26849365234375
68,9.85482120513916,0.4409635663032532,3.4016385078430176,1.8941580057144165,67.45417785644531,83.04576110839844
69,10.051660537719727,0.44631004333496094,4.415441989898682,3.5135929584503174,67.43280792236328,85.85981750488281
70,9.989397048950195,0.44979020953178406,5.553135395050049,5.062469482421875,67.41366577148438,88.46846008300781
71,9.609442710876465,0.4512866139411926,5.324783802032471,4.779431343078613,67.39771270751953,87.56265258789062
72,8.988898277282715,0.4500967264175415,4.229038238525391,2.949479103088379,67.38607788085938,84.00358581542969
73,8.279521942138672,0.4460800886154175,3.686603546142578,1.4627841711044312,67.37816619873047,81.25315856933594
74,7.626430034637451,0.440463662147522,4.2805891036987305,1.6684414148330688,67.37042236328125,81.38634490966797
75,7.127167224884033,0.4350900650024414,5.38909912109375,2.868417501449585,67.35780334472656,83.17758178710938
76,6.830992221832275,0.43092766404151917,5.936588764190674,3.3894827365875244,67.33708190917969,83.9250717163086
77,6.745352268218994,0.42754316329956055,5.376838207244873,2.654994487762451,67.3087387084961,82.51346588134766
78,6.831763744354248,0.4239857792854309,4.236624717712402,1.5355902910232544,67.27560424804688,80.3035659790039
79,7.002928733825684,0.419904887676239,3.5493264198303223,1.0863590240478516,67.24053955078125,79.29905700683594
80,7.144054412841797,0.41557836532592773,3.642061710357666,1.5001689195632935,67.2054672241211,79.90733337402344
81,7.160688877105713,0.41104868054389954,3.906813144683838,2.0962915420532227,67.17224884033203,80.7470932006836
82,7.0203375816345215,0.40571922063827515,3.775635004043579,2.096043109893799,67.14300537109375,80.44074249267578
83,6.754426002502441,0.3990490138530731,3.357355833053589,1.4860830307006836,67.11880493164062,79.11572265625
84,6.428314208984375,0.39140400290489197,3.105091094970703,0.9911097884178162,67.09815979003906,78.01407623291016
85,6.112161159515381,0.3838618993759155,3.2583742141723633,1.098980188369751,67.07754516601562,77.93092346191406
86,5.866232395172119,0.37718525528907776,3.614187717437744,1.4964710474014282,67.05380249023438,78.40788269042969
87,5.730546474456787,0.3712499737739563,3.717806577682495,1.6176643371582031,67.02597045898438,78.46324157714844
88,5.712098598480225,0.3655124008655548,3.3631114959716797,1.3366851806640625,66.99492645263672,77.77233123779297
89,5.777975559234619,0.3597598969936371,2.8425886631011963,0.9775331616401672,66.96198272705078,76.91983795166016
90,5.8661417961120605,0.35414403676986694,2.546886444091797,0.8913933038711548,66.92835998535156,76.58692932128906
91,5.913054943084717,0.34860533475875854,2.505618095397949,1.0945839881896973,66.89585876464844,76.75772094726562
92,5.880167484283447,0.34263765811920166,2.495962142944336,1.2694636583328247,66.86677551269531,76.8550033569336
93,5.761911392211914,0.33581429719924927,2.3889756202697754,1.1677621603012085,66.842529296875,76.49699401855469
94,5.57823371887207,0.3283556401729584,2.2545809745788574,0.9246647357940674,66.82247924804688,75.90831756591797
95,5.3653059005737305,0.3209393620491028,2.2363028526306152,0.8271644115447998,66.80426025390625,75.55397033691406
96,5.167217254638672,0.3140227496623993,2.360321044921875,0.925379753112793,66.78557586669922,75.55252075195312
97,5.022444725036621,0.307569295167923,2.4644055366516113,1.038162350654602,66.76531219482422,75.59789276123047
98,4.947783946990967,0.3014147877693176,2.3854081630706787,1.01366126537323,66.7432632446289,75.39153289794922
99,4.931388854980469,0.2956366539001465,2.169806718826294,0.8789547085762024,66.71945190429688,74.9952392578125
100,4.941285133361816,0.2903852164745331,1.9847930669784546,0.7837117314338684,66.69435119628906,74.69452667236328
101,4.942426681518555,0.2855073809623718,1.9053186178207397,0.8154162168502808,66.66947174072266,74.6181411743164
102,4.909630298614502,0.2805868983268738,1.8828957080841064,0.8890051245689392,66.64679718017578,74.60891723632812
103,4.83129358291626,0.2753870487213135,1.8494575023651123,0.878025233745575,66.62741088867188,74.46157836914062
104,4.709977626800537,0.2700791358947754,1.7989939451217651,0.7924928665161133,66.61078643798828,74.18232727050781
105,4.563148021697998,0.26496222615242004,1.7856950759887695,0.7346779704093933,66.59552764892578,73.94400787353516
106,4.418757915496826,0.2601076662540436,1.835490345954895,0.7498869299888611,66.58039855957031,73.84464263916016
107,4.3025102615356445,0.2554112672805786,1.885067343711853,0.7907677292823792,66.56468200683594,73.7984390258789
108,4.2251996994018555,0.2508780062198639,1.8605372905731201,0.7893823385238647,66.54779815673828,73.67379760742188
109,4.180257797241211,0.24664391577243805,1.771620750427246,0.7375977039337158,66.52940368652344,73.46552276611328
110,4.1511921882629395,0.24271859228610992,1.6805883646011353,0.6944870352745056,66.5099868774414,73.27897644042969
111,4.120125770568848,0.23886997997760773,1.6269186735153198,0.7014738917350769,66.4909439086914,73.17832946777344
112,4.071992874145508,0.23486581444740295,1.6051925420761108,0.7255921959877014,66.47364044189453,73.11128234863281
113,3.99726939201355,0.2307155728340149,1.5903183221817017,0.7191395163536072,66.4584732055664,72.99591827392578
114,3.8964967727661133,0.22658631205558777,1.5766348838806152,0.6860642433166504,66.44490051269531,72.83068084716797
115,3.7821006774902344,0.2225559502840042,1.583204746246338,0.6625624895095825,66.43224334716797,72.68267059326172
116,3.6722545623779297,0.2185928076505661,1.6109193563461304,0.6668869256973267,66.41984558105469,72.5885009765625
117,3.5806078910827637,0.21472999453544617,1.6285096406936646,0.6808458566665649,66.40695190429688,72.51164245605469
118,3.5110113620758057,0.21110188961029053,1.6125004291534424,0.6753548383712769,66.39280700683594,72.40277862548828
119,3.459390163421631,0.20776528120040894,1.5707918405532837,0.6513120532035828,66.37731170654297,72.26657104492188
120,3.4176344871520996,0.20459593832492828,1.5271368026733398,0.6356028318405151,66.3612289428711,72.14620208740234
121,3.3755316734313965,0.20143383741378784,1.4984691143035889,0.6380753517150879,66.3456039428711,72.05911254882812
122,3.3230433464050293,0.1982509046792984,1.4835448265075684,0.6422090530395508,66.33102416992188,71.97807312011719
123,3.2550556659698486,0.19510388374328613,1.473546028137207,0.6341009736061096,66.31752014160156,71.87532806396484
124,3.1749203205108643,0.19199290871620178,1.4698179960250854,0.618432879447937,66.30494689941406,71.7601089477539
125,3.0920522212982178,0.1888720542192459,1.4767072200775146,0.6090380549430847,66.29302978515625,71.65969848632812
126,3.015665292739868,0.18576835095882416,1.4864375591278076,0.609904944896698,66.28115844726562,71.57893371582031
127,2.9508109092712402,0.18278108537197113,1.4855514764785767,0.609786331653595,66.26863861083984,71.49756622314453
128,2.898383378982544,0.1799449622631073,1.4679845571517944,0.6006244421005249,66.25520324707031,71.40213775634766
129,2.855910539627075,0.17718356847763062,1.4396519660949707,0.5894831418991089,66.24127960205078,71.30351257324219
130,2.8176300525665283,0.17441979050636292,1.4129464626312256,0.5848537087440491,66.22747039794922,71.21732330322266
131,2.776235580444336,0.1716577708721161,1.3946611881256104,0.584717869758606,66.21420288085938,71.14147186279297
132,2.7269134521484375,0.1689222753047943,1.382778525352478,0.5817140936851501,66.20166015625,71.0619888305664
133,2.670156717300415,0.16618940234184265,1.3752199411392212,0.5732364058494568,66.18994140625,70.97474670410156
134,2.610417604446411,0.16343866288661957,1.3723371028900146,0.5644086599349976,66.1789321899414,70.88953399658203
135,2.552785873413086,0.16072063148021698,1.3718860149383545,0.5601754188537598,66.16810607910156,70.81367492675781
136,2.501157760620117,0.15810847282409668,1.3680651187896729,0.557762086391449,66.15689086914062,70.74198150634766
137,2.4577107429504395,0.15560802817344666,1.355370283126831,0.5524789690971375,66.14508056640625,70.66624450683594
138,2.4220452308654785,0.15317177772521973,1.3340249061584473,0.5453915596008301,66.1329116821289,70.5875473022461
139,2.39066219329834,0.15077751874923706,1.3107256889343262,0.5401386022567749,66.12069702148438,70.51300048828125
140,2.3587024211883545,0.1484351009130478,1.2910873889923096,0.5374419689178467,66.1086654663086,70.4443359375
141,2.3229563236236572,0.1461278200149536,1.2757370471954346,0.5343704223632812,66.09712219238281,70.37631225585938
142,2.283188819885254,0.14381591975688934,1.2636892795562744,0.5285701751708984,66.08628845214844,70.30554962158203
143,2.2411715984344482,0.14149899780750275,1.2545502185821533,0.5218207836151123,66.07605743408203,70.23509979248047
144,2.1994853019714355,0.13922131061553955,1.247253179550171,0.5167924165725708,66.0660400390625,70.16879272460938
145,2.1609103679656982,0.13701041042804718,1.2386139631271362,0.5129585862159729,66.0558853149414,70.10537719726562
146,2.1274306774139404,0.13485132157802582,1.2249171733856201,0.5085111856460571,66.0455322265625,70.04124450683594
147,2.098862648010254,0.13273122906684875,1.206076741218567,0.5034179091453552,66.03504180908203,69.97612762451172
148,2.072866439819336,0.13066096603870392,1.1858618259429932,0.4989983141422272,66.02452087402344,69.91291046142578
149,2.046645164489746,0.1286403089761734,1.1675715446472168,0.4957016110420227,66.01416778564453,69.85272979736328
150,2.018538236618042,0.1266416758298874,1.151904821395874,0.49211007356643677,66.00425720214844,69.79344940185547
151,1.988191843032837,0.12465222179889679,1.1386439800262451,0.4871675968170166,65.99491119384766,69.73356628417969
152,1.9563024044036865,0.12269474565982819,1.1275099515914917,0.4817531108856201,65.98595428466797,69.6742172241211
153,1.924559235572815,0.12079249322414398,1.1175143718719482,0.4770473539829254,65.97713470458984,69.61705017089844
154,1.8950406312942505,0.11894433945417404,1.1063249111175537,0.4728873372077942,65.96830749511719,69.56150817871094
155,1.8688678741455078,0.11714406311511993,1.0920413732528687,0.46865710616111755,65.9593734741211,69.5060806274414
156,1.845537543296814,0.11540131270885468,1.075222134590149,0.4642523527145386,65.95032501220703,69.45073699951172
157,1.8235995769500732,0.11371669918298721,1.0578701496124268,0.46029022336006165,65.94125366210938,69.396728515625
158,1.801614761352539,0.11206943541765213,1.04153311252594,0.4567447006702423,65.932373046875,69.3443374633789
159,1.7785662412643433,0.11044290661811829,1.02688467502594,0.45286521315574646,65.92389678955078,69.29265594482422
160,1.7540454864501953,0.10884378850460052,1.0141093730926514,0.44833850860595703,65.915771484375,69.2411117553711
161,1.728625774383545,0.10728289932012558,1.0028741359710693,0.4436562657356262,65.90792083740234,69.19036102294922
162,1.7036616802215576,0.10575760900974274,0.9920437932014465,0.4392525553703308,65.90021514892578,69.14093017578125
163,1.6803454160690308,0.10426782071590424,0.9801679849624634,0.4351296126842499,65.89256286621094,69.09247589111328
164,1.6589829921722412,0.10282362252473831,0.9666751027107239,0.43104320764541626,65.88484191894531,69.04436492919922
165,1.6391385793685913,0.10142840445041656,0.9521104693412781,0.4270433485507965,65.87705993652344,68.99678039550781
166,1.6200635433197021,0.10006995499134064,0.9374274015426636,0.42331182956695557,65.86935424804688,68.95022583007812
167,1.6008769273757935,0.09873853623867035,0.9235427379608154,0.41961243748664856,65.86186981201172,68.9046401977539
168,1.5808701515197754,0.09743852913379669,0.9110065698623657,0.41566702723503113,65.85462951660156,68.85961151123047
169,1.560045838356018,0.09617233276367188,0.899762749671936,0.4114358425140381,65.84759521484375,68.81501007080078
170,1.5391076803207397,0.09493657946586609,0.8892455697059631,0.40719079971313477,65.84074401855469,68.77122497558594
171,1.5188689231872559,0.09373313188552856,0.8786181807518005,0.40313124656677246,65.83397674560547,68.72832489013672
172,1.4997743368148804,0.09256993234157562,0.8673120737075806,0.3992258608341217,65.82716369628906,68.68604278564453
173,1.4818891286849976,0.09144721925258636,0.8551716208457947,0.3954210877418518,65.82029724121094,68.64422607421875
174,1.464932918548584,0.0903562605381012,0.8425579071044922,0.3917628824710846,65.81343078613281,68.60304260253906
175,1.448276400566101,0.08929230272769928,0.8301780223846436,0.3882087469100952,65.80669403076172,68.56265258789062
176,1.431291937828064,0.0882560983300209,0.8186550736427307,0.3845965266227722,65.80008697509766,68.52288818359375
177,1.4137930870056152,0.08724454045295715,0.808107852935791,0.3808024823665619,65.79366302490234,68.48361206054688
178,1.396061658859253,0.08625410497188568,0.798268735408783,0.37689077854156494,65.78741455078125,68.44489288330078
179,1.3785361051559448,0.0852876603603363,0.7887240052223206,0.3730270266532898,65.7812728881836,68.40684509277344
180,1.3616023063659668,0.08435104787349701,0.779035210609436,0.3692995011806488,65.77513885498047,68.36943054199219
181,1.3455032110214233,0.0834430679678917,0.7688682675361633,0.3656805455684662,65.76898956298828,68.33248138427734
182,1.3301916122436523,0.08255966007709503,0.7582849264144897,0.3621625304222107,65.7628402709961,68.29603576660156
183,1.3152750730514526,0.08170056343078613,0.7477440237998962,0.35872867703437805,65.75675201416016,68.26020050048828
184,1.3003257513046265,0.08086585253477097,0.737691342830658,0.35531526803970337,65.75074005126953,68.22493743896484
185,1.2851639986038208,0.0800512358546257,0.7282707691192627,0.35180896520614624,65.74486541748047,68.1901626586914
186,1.269850492477417,0.0792548730969429,0.719420313835144,0.3481973111629486,65.73912048339844,68.15584564208984
187,1.254594087600708,0.07847970724105835,0.7109375596046448,0.34460532665252686,65.73346710205078,68.12208557128906
188,1.239679217338562,0.0777277946472168,0.7025022506713867,0.3410837650299072,65.72782897949219,68.08882141113281
189,1.2253501415252686,0.07699703425168991,0.6938291788101196,0.3376602232456207,65.72220611572266,68.05604553222656
190,1.2116140127182007,0.0762862116098404,0.6848846077919006,0.33433493971824646,65.71659088134766,68.02371215820312
191,1.1982311010360718,0.07559576630592346,0.6759476661682129,0.3310737609863281,65.71100616455078,67.99185180664062
192,1.1849499940872192,0.07492344081401825,0.6672945022583008,0.32783734798431396,65.70547485351562,67.96047973632812
193,1.1716225147247314,0.07426562160253525,0.6590575575828552,0.3245534896850586,65.70006561279297,67.9295654296875
194,1.1582077741622925,0.07362224161624908,0.6512748599052429,0.3212040960788727,65.69475555419922,67.89906311035156
195,1.1448016166687012,0.07299541682004929,0.6438426375389099,0.3178369998931885,65.68952178955078,67.8689956665039
196,1.1316347122192383,0.07238414883613586,0.6365067958831787,0.314526230096817,65.68433380126953,67.83938598632812
197,1.1188803911209106,0.07178806513547897,0.6290680170059204,0.311276912689209,65.67918395996094,67.81019592285156
198,1.1065293550491333,0.07120853662490845,0.6215262413024902,0.3081091344356537,65.67402648925781,67.78140258789062
199,1.0944769382476807,0.07064494490623474,0.613991379737854,0.30500054359436035,65.66888427734375,67.75299835205078
200,1.0825903415679932,0.07009436935186386,0.6066109538078308,0.30192330479621887,65.66380310058594,67.72502136230469
201,1.0707266330718994,0.06955626606941223,0.5995293855667114,0.29882001876831055,65.65879821777344,67.69743347167969
202,1.0588291883468628,0.06903116405010223,0.5928037166595459,0.29568856954574585,65.65386199951172,67.67021179199219
203,1.0469844341278076,0.06851830333471298,0.5863444209098816,0.29255783557891846,65.64897918701172,67.64338684082031
204,1.035338044166565,0.06801705807447433,0.5799642205238342,0.289454847574234,65.64415740966797,67.61692810058594
205,1.0239715576171875,0.06752859801054001,0.5735912919044495,0.28640973567962646,65.63933563232422,67.59083557128906
206,1.012902021408081,0.06705297529697418,0.5671781301498413,0.28342974185943604,65.634521484375,67.5650863647461
207,1.0020828247070312,0.06658826768398285,0.5607905387878418,0.28050658106803894,65.6297378540039,67.53970336914062
208,0.9914044141769409,0.0661337822675705,0.5545311570167542,0.2775990962982178,65.625,67.5146713256836
209,0.9807612895965576,0.06568939983844757,0.5485183596611023,0.2746903896331787,65.62030029296875,67.48995971679688
210,0.970140278339386,0.0652543306350708,0.5427548885345459,0.27175813913345337,65.61566925048828,67.465576171875
211,0.9595955610275269,0.06482807546854019,0.5371888279914856,0.26882630586624146,65.61109161376953,67.4415283203125
212,0.9491990208625793,0.06441137194633484,0.5317394733428955,0.2659362852573395,65.60653686523438,67.4178237915039
213,0.9390138387680054,0.06400422751903534,0.526306688785553,0.26308172941207886,65.60199737548828,67.39440155029297
214,0.9290646314620972,0.0636063665151596,0.520878255367279,0.26027801632881165,65.59746551513672,67.37129211425781
215,0.9193102717399597,0.06321755051612854,0.5154950022697449,0.2575378119945526,65.59295654296875,67.34851837158203
216,0.9096636772155762,0.06283719092607498,0.5102325677871704,0.25479602813720703,65.58847045898438,67.32599639892578
217,0.9000813364982605,0.062464628368616104,0.5051616430282593,0.2520744204521179,65.58403015136719,67.3038101196289
218,0.8905535936355591,0.06209932640194893,0.5002708435058594,0.2493472844362259,65.57962799072266,67.28189849853516
219,0.8811023831367493,0.061741746962070465,0.49553659558296204,0.24662551283836365,65.57525634765625,67.26026153564453
220,0.8717869520187378,0.0613914392888546,0.49088627099990845,0.24394071102142334,65.5708999633789,67.23890686035156
221,0.8626425266265869,0.061048492789268494,0.4862791895866394,0.24129560589790344,65.56655883789062,67.21782684326172
222,0.8536831140518188,0.06071249395608902,0.48169177770614624,0.23868967592716217,65.5622329711914,67.19700622558594
223,0.8448593020439148,0.06038346141576767,0.4771707057952881,0.23612144589424133,65.55791473388672,67.17645263671875
224,0.8361308574676514,0.060060471296310425,0.47276726365089417,0.23357155919075012,65.55362701416016,67.15615844726562
225,0.8274722695350647,0.05974345654249191,0.46851250529289246,0.2310282289981842,65.54936218261719,67.13611602783203
226,0.8188697099685669,0.05943216010928154,0.46440279483795166,0.22849150002002716,65.54512786865234,67.11632537841797
227,0.8103488683700562,0.05912686139345169,0.46041345596313477,0.22597205638885498,65.54092407226562,67.09678649902344
228,0.80195552110672,0.058827076107263565,0.456487774848938,0.2234785258769989,65.5367202758789,67.07746887207031
229,0.7937098145484924,0.05853286758065224,0.45259714126586914,0.22102347016334534,65.53253936767578,67.05840301513672
230,0.78559410572052,0.058244407176971436,0.4487580955028534,0.21861214935779572,65.52835083007812,67.03955841064453
231,0.7775908708572388,0.057961031794548035,0.4449889659881592,0.21622596681118011,65.52418518066406,67.02095031738281
232,0.7696750164031982,0.05768227204680443,0.4413175582885742,0.2138528972864151,65.52003479003906,67.0025634765625
233,0.7618210911750793,0.05740837752819061,0.43775835633277893,0.21149511635303497,65.51589965820312,66.98438262939453
234,0.754030168056488,0.057139210402965546,0.4343259930610657,0.2091456949710846,65.51179504394531,66.96643829345703
235,0.7463363409042358,0.056874167174100876,0.4309593737125397,0.2068202793598175,65.50770568847656,66.94869232177734
236,0.7387467622756958,0.05661364272236824,0.42765387892723083,0.2045249491930008,65.50361633300781,66.93115234375
237,0.7312725186347961,0.0563574843108654,0.4243977963924408,0.20226086676120758,65.4995346069336,66.91382598876953
238,0.7239108681678772,0.056105293333530426,0.4211912453174591,0.20002777874469757,65.4954605102539,66.89669799804688
239,0.716639518737793,0.0558570921421051,0.41804805397987366,0.1978156864643097,65.49140167236328,66.8797607421875
240,0.7094348073005676,0.05561257153749466,0.41500356793403625,0.19561617076396942,65.48735809326172,66.86302185058594
241,0.7022918462753296,0.0553717240691185,0.4120388627052307,0.1934346854686737,65.48332214355469,66.8464584350586
242,0.6952261328697205,0.05513406917452812,0.4091677963733673,0.19127151370048523,65.47931671142578,66.83011627197266
243,0.6882428526878357,0.054900046437978745,0.4063448905944824,0.18912142515182495,65.47531127929688,66.81391906738281
244,0.6813582181930542,0.054669540375471115,0.4035766124725342,0.18701408803462982,65.47130584716797,66.79792785644531
245,0.6745744347572327,0.05444236844778061,0.4008435308933258,0.18493032455444336,65.4673080444336,66.78209686279297
246,0.6678788065910339,0.05421824753284454,0.3981631398200989,0.18285802006721497,65.46332550048828,66.76644134521484
247,0.6612560749053955,0.05399726703763008,0.3955448269844055,0.18081234395503998,65.4593505859375,66.75096130371094
248,0.6546987891197205,0.053779155015945435,0.3929973542690277,0.17878907918930054,65.45538330078125,66.73564910888672
249,0.6482059955596924,0.05356385558843613,0.39052316546440125,0.1767808198928833,65.45143127441406,66.72050476074219
250,0.6417841911315918,0.053351324051618576,0.38810840249061584,0.17478778958320618,65.4474868774414,66.70552062988281
251,0.6354439854621887,0.05314142629504204,0.38573235273361206,0.1728135049343109,65.44355010986328,66.69068145751953
252,0.6291933059692383,0.05293416604399681,0.38339799642562866,0.17086848616600037,65.43961334228516,66.67601013183594
253,0.6230212450027466,0.052729468792676926,0.381101131439209,0.16894030570983887,65.4356918334961,66.66148376464844
254,0.6169227957725525,0.052527278661727905,0.37884920835494995,0.1670456826686859,65.4317626953125,66.64710998535156
255,0.6108919978141785,0.05232737213373184,0.37665995955467224,0.16515955328941345,65.4278564453125,66.63289642333984
256,0.6049191355705261,0.05212980508804321,0.37451881170272827,0.16328617930412292,65.4239501953125,66.61880493164062
257,0.5990098714828491,0.05193449184298515,0.3724448084831238,0.16143636405467987,65.42005920410156,66.6048812866211
258,0.5931738018989563,0.051741428673267365,0.3703955411911011,0.15960343182086945,65.41616821289062,66.59107971191406
259,0.5874117016792297,0.05155053734779358,0.36838117241859436,0.15779495239257812,65.41229248046875,66.57743072509766
260,0.5817255973815918,0.05136173963546753,0.3664005398750305,0.15600892901420593,65.40840148925781,66.56389617919922
261,0.5761106014251709,0.05117500200867653,0.3644644021987915,0.15423625707626343,65.40452575683594,66.5505142211914
262,0.5705539584159851,0.0509902760386467,0.36256468296051025,0.15249213576316833,65.4006576538086,66.53726196289062
263,0.5650615692138672,0.050807349383831024,0.36070555448532104,0.15075966715812683,65.39678955078125,66.52412414550781
264,0.5596249103546143,0.050626274198293686,0.3588925898075104,0.1490381956100464,65.3929443359375,66.51112365722656
265,0.5542486906051636,0.0504470020532608,0.3571166396141052,0.14734117686748505,65.38908386230469,66.49823760986328
266,0.5489414930343628,0.05026969686150551,0.35537096858024597,0.145653635263443,65.3852310180664,66.48546600341797
267,0.5437032580375671,0.050094038248062134,0.3536495864391327,0.1439972221851349,65.38139343261719,66.47283935546875
268,0.5385254621505737,0.04992007091641426,0.3519595265388489,0.14235852658748627,65.37754821777344,66.46031188964844
269,0.5334084630012512,0.049747757613658905,0.3502999544143677,0.1407284140586853,65.37371063232422,66.4478988647461
270,0.5283499956130981,0.049577001482248306,0.3486698269844055,0.13912475109100342,65.36988067626953,66.43560028076172
271,0.523341178894043,0.049407958984375,0.3470885753631592,0.13753744959831238,65.36605072021484,66.42342376708984
272,0.5183902382850647,0.04924047738313675,0.34552955627441406,0.13596059381961823,65.36223602294922,66.4113540649414
273,0.5135042071342468,0.04907441511750221,0.3439949154853821,0.13440105319023132,65.35841369628906,66.3993911743164
274,0.5086693167686462,0.04891004040837288,0.3424918055534363,0.13285963237285614,65.35459899902344,66.38752746582031
275,0.503896951675415,0.04874717816710472,0.3410074710845947,0.13134294748306274,65.35078430175781,66.37577819824219
276,0.49918344616889954,0.048585496842861176,0.3395390510559082,0.12983864545822144,65.34697723388672,66.36412048339844
277,0.49451780319213867,0.04842542111873627,0.3381059169769287,0.12834805250167847,65.3431625366211,66.3525619506836
278,0.4898998439311981,0.04826665669679642,0.3367125391960144,0.12686912715435028,65.33935546875,66.34110260009766
279,0.48534095287323,0.04810924455523491,0.33532461524009705,0.12542015314102173,65.33556365966797,66.32975769042969
280,0.4808291792869568,0.04795318469405174,0.33396679162979126,0.12397152185440063,65.33177185058594,66.31848907470703
281,0.4763703942298889,0.04779832065105438,0.3326278328895569,0.12255322933197021,65.32797241210938,66.30731964111328
282,0.47197023034095764,0.04764489457011223,0.3313044011592865,0.121148481965065,65.32418060302734,66.29624938964844
283,0.4676169455051422,0.047492630779743195,0.3300110697746277,0.11975668370723724,65.32039642333984,66.28527069091797
284,0.4633122682571411,0.04734160006046295,0.32873162627220154,0.1183779165148735,65.31660461425781,66.27436828613281
285,0.4590543210506439,0.04719177633523941,0.327478289604187,0.11701508611440659,65.31282043457031,66.26355743408203
286,0.4548439383506775,0.04704318940639496,0.3262369632720947,0.11567404121160507,65.30904388427734,66.25284576416016
287,0.45068004727363586,0.04689590632915497,0.32502686977386475,0.11433560401201248,65.30526733398438,66.24220275878906
288,0.44656601548194885,0.046749670058488846,0.32382461428642273,0.1130194142460823,65.30149841308594,66.23165893554688
289,0.4425010681152344,0.046604596078395844,0.3226383626461029,0.11171606183052063,65.29772186279297,66.22118377685547
290,0.43848171830177307,0.04646070674061775,0.32146990299224854,0.11043685674667358,65.29395294189453,66.21080017089844
291,0.4345065653324127,0.046317990869283676,0.3203187584877014,0.10916052758693695,65.29019165039062,66.20049285888672
292,0.43057483434677124,0.046176373958587646,0.31918150186538696,0.10790049284696579,65.28643035888672,66.19026184082031
293,0.42668426036834717,0.046035680919885635,0.3180631399154663,0.10665804892778397,65.28266906738281,66.18010711669922
294,0.4228399991989136,0.04589623212814331,0.31696367263793945,0.10542717576026917,65.2789077758789,66.17003631591797
295,0.41903918981552124,0.04575783386826515,0.31586891412734985,0.10421156138181686,65.275146484375,66.16002655029297
296,0.4152836203575134,0.04562067985534668,0.31478986144065857,0.10301502048969269,65.2713851928711,66.15009307861328
297,0.4115672707557678,0.045484401285648346,0.3137235939502716,0.10182739794254303,65.26763916015625,66.14024353027344
298,0.40789270401000977,0.04534916952252388,0.3126707375049591,0.1006486788392067,65.2638931274414,66.13045501708984
299,0.4042574167251587,0.04521503672003746,0.311633825302124,0.09948801249265671,65.26013946533203,66.12073516845703
300,0.40066349506378174,0.04508189111948013,0.3106082081794739,0.09834355860948563,65.25640106201172,66.11109924316406
301,0.39711058139801025,0.044949814677238464,0.3095892667770386,0.09720360487699509,65.25264739990234,66.10150146484375
302,0.39359739422798157,0.044818777590990067,0.30858296155929565,0.09608429670333862,65.24890899658203,66.09199523925781
303,0.3901216685771942,0.04468877241015434,0.307588666677475,0.09497641026973724,65.24517822265625,66.08255004882812
304,0.3866845369338989,0.04455979913473129,0.3066070079803467,0.09387962520122528,65.24143981933594,66.07317352294922
305,0.3832859694957733,0.044431764632463455,0.30562910437583923,0.09279905259609222,65.23770141601562,66.06385040283203
306,0.3799232840538025,0.04430478811264038,0.3046676218509674,0.09172791242599487,65.23397064208984,66.05459594726562
307,0.37659794092178345,0.0441787913441658,0.3037131130695343,0.09066689759492874,65.2302474975586,66.04540252685547
308,0.373311311006546,0.044053733348846436,0.30276575684547424,0.0896245613694191,65.22651672363281,66.03627014160156
309,0.37005847692489624,0.043929725885391235,0.3018347918987274,0.08859091997146606,65.22279357910156,66.02720642089844
310,0.3668419122695923,0.04380668327212334,0.3009073734283447,0.08756780624389648,65.21907043457031,66.01819610595703
311,0.3636603355407715,0.043684571981430054,0.29998448491096497,0.0865597054362297,65.21533966064453,66.00923156738281
312,0.3605121672153473,0.043563395738601685,0.2990749478340149,0.08556371182203293,65.21162414550781,66.00033569335938
313,0.3574013113975525,0.04344329237937927,0.2981712818145752,0.08457455784082413,65.20790100097656,65.99149322509766
314,0.3543219268321991,0.04332409054040909,0.29726818203926086,0.08360031247138977,65.20419311523438,65.98270416259766
315,0.351278156042099,0.04320583865046501,0.2963804304599762,0.08263834565877914,65.20047760009766,65.97398376464844
316,0.34826382994651794,0.04308859258890152,0.29549869894981384,0.0816865786910057,65.19676208496094,65.96530151367188
317,0.34528815746307373,0.04297231510281563,0.29461222887039185,0.08074568212032318,65.19305419921875,65.95667266845703
318,0.34233686327934265,0.04285696893930435,0.29374629259109497,0.07982102036476135,65.18934631347656,65.94810485839844
319,0.3394174873828888,0.04274267703294754,0.29288697242736816,0.07890023291110992,65.1856460571289,65.93959045410156
320,0.3365374803543091,0.042629268020391464,0.2920222580432892,0.0779927670955658,65.18194580078125,65.9311294555664
321,0.333681583404541,0.04251702129840851,0.29116979241371155,0.07709451019763947,65.17823791503906,65.92269897460938
322,0.3308613896369934,0.04240557551383972,0.29032036662101746,0.07621216773986816,65.17454528808594,65.91434478759766
323,0.328070729970932,0.042295146733522415,0.289472371339798,0.0753355473279953,65.17084503173828,65.90602111816406
324,0.3253025710582733,0.04218566417694092,0.28864118456840515,0.07447093725204468,65.16715240478516,65.89775085449219
325,0.3225691020488739,0.04207707941532135,0.28780844807624817,0.07361485809087753,65.16345977783203,65.8895263671875
326,0.3198666274547577,0.0419696569442749,0.2869791090488434,0.07277467846870422,65.15977478027344,65.88136291503906
327,0.3171878457069397,0.04186314716935158,0.2861561179161072,0.07193782925605774,65.15608215332031,65.87322998046875
328,0.3145432770252228,0.04175744205713272,0.2853328287601471,0.07111481577157974,65.15239715576172,65.86514282226562
329,0.311922550201416,0.04165282100439072,0.28451859951019287,0.07030250877141953,65.14871978759766,65.85711669921875
330,0.30932730436325073,0.0415491908788681,0.28371039032936096,0.06949448585510254,65.14502716064453,65.84910583496094
331,0.306767076253891,0.04144640639424324,0.2828966975212097,0.06870202720165253,65.141357421875,65.84117126464844
332,0.30422306060791016,0.041344642639160156,0.2821007966995239,0.0679209902882576,65.13768005371094,65.83326721191406
333,0.3017127811908722,0.04124396666884422,0.2812967002391815,0.06714420020580292,65.1340103149414,65.82540893554688
334,0.29922932386398315,0.041144274175167084,0.2804983854293823,0.0663757175207138,65.13033294677734,65.81758117675781
335,0.29676634073257446,0.041045352816581726,0.27970537543296814,0.06562142074108124,65.12666320800781,65.80979919433594
336,0.2943357229232788,0.04094764590263367,0.2789161801338196,0.06487501412630081,65.12299346923828,65.80207061767578
337,0.2919255495071411,0.040850747376680374,0.27813130617141724,0.06413639336824417,65.11932373046875,65.79436492919922
338,0.2895413935184479,0.040754955261945724,0.27734994888305664,0.06340685486793518,65.11566925048828,65.7867202758789
339,0.2871849238872528,0.040660157799720764,0.2765658497810364,0.06268877536058426,65.11200714111328,65.77910614013672
340,0.2848454713821411,0.04056631773710251,0.27578991651535034,0.06197420135140419,65.10834503173828,65.77152252197266
341,0.2825360894203186,0.04047346115112305,0.27501237392425537,0.06127597764134407,65.10469055175781,65.76398468017578
342,0.2802499830722809,0.04038156196475029,0.2742392420768738,0.06057962030172348,65.10102844238281,65.75647735595703
343,0.27798524498939514,0.04029063135385513,0.27346980571746826,0.059894904494285583,65.09738159179688,65.7490234375
344,0.2757461667060852,0.04020090773701668,0.27270203828811646,0.05921851843595505,65.09373474121094,65.7416000366211
345,0.27352675795555115,0.04011204466223717,0.27193552255630493,0.05855034291744232,65.090087890625,65.73421478271484
346,0.27133262157440186,0.04002426564693451,0.2711730897426605,0.05788905918598175,65.08643341064453,65.72685241699219
347,0.26915913820266724,0.03993748873472214,0.2704128623008728,0.05723806843161583,65.08280181884766,65.71955108642578
348,0.2670080363750458,0.03985169157385826,0.26965102553367615,0.05659611523151398,65.07915496826172,65.71226501464844
349,0.2648799419403076,0.03976703807711601,0.2688961923122406,0.0559576041996479,65.07552337646484,65.70502471923828
350,0.26277294754981995,0.03968329727649689,0.2681369483470917,0.05533290654420853,65.07188415527344,65.69780731201172
351,0.2606833875179291,0.03960054740309715,0.26738518476486206,0.05471065640449524,65.06825256347656,65.69063568115234
352,0.2586222290992737,0.039518922567367554,0.26663738489151,0.05410078912973404,65.06462097167969,65.68350219726562
353,0.25657376646995544,0.03943818807601929,0.2658916711807251,0.05349612981081009,65.06098937988281,65.6763916015625
354,0.25455114245414734,0.039358559995889664,0.2651432454586029,0.05289723351597786,65.05736541748047,65.66931915283203
355,0.25254830718040466,0.03927997127175331,0.2643917500972748,0.052312083542346954,65.05374145507812,65.66227722167969
356,0.25056037306785583,0.03920241817831993,0.26365113258361816,0.05173337459564209,65.05011749267578,65.65526580810547
357,0.24859920144081116,0.039125967770814896,0.26290184259414673,0.051154978573322296,65.04650115966797,65.64828491210938
358,0.24665118753910065,0.03905049338936806,0.26216503977775574,0.05059036612510681,65.04288482666016,65.64134216308594
359,0.2447252869606018,0.0389760360121727,0.26142656803131104,0.05003293976187706,65.03926849365234,65.63442993164062
360,0.24282072484493256,0.038902685046195984,0.26068639755249023,0.04947836697101593,65.03565979003906,65.62754821777344
361,0.24092920124530792,0.038830358535051346,0.2599605321884155,0.048933785408735275,65.03204345703125,65.62069702148438
362,0.23906438052654266,0.03875923901796341,0.25921568274497986,0.04839401692152023,65.0284423828125,65.61387634277344
363,0.23720991611480713,0.03868900239467621,0.2584843933582306,0.04786170646548271,65.02483367919922,65.6070785522461
364,0.23537753522396088,0.038619935512542725,0.2577543258666992,0.04734038561582565,65.02123260498047,65.60032653808594
365,0.23356515169143677,0.03855202719569206,0.25701582431793213,0.04682313650846481,65.01763916015625,65.59359741210938
366,0.2317620813846588,0.038484975695610046,0.2562970519065857,0.04631108418107033,65.0140380859375,65.5868911743164
367,0.22998808324337006,0.0384192168712616,0.2555611729621887,0.045806191861629486,65.01044464111328,65.58021545410156
368,0.22822356224060059,0.03835427761077881,0.25483494997024536,0.04531086981296539,65.0068588256836,65.5735855102539
369,0.22647696733474731,0.03829056769609451,0.2541099488735199,0.04481794312596321,65.00326538085938,65.56696319580078
370,0.22474941611289978,0.038227979093790054,0.25338390469551086,0.04433257132768631,64.99967956542969,65.56037139892578
371,0.22303682565689087,0.0381663553416729,0.25266051292419434,0.04385461285710335,64.99609375,65.5538101196289
372,0.2213415801525116,0.038105838000774384,0.2519378662109375,0.043384309858083725,64.99250793457031,65.54727935791016
373,0.21966223418712616,0.03804643824696541,0.25122061371803284,0.04291690140962601,64.98893737792969,65.54078674316406
374,0.2179969847202301,0.03798801079392433,0.2504979968070984,0.042458854615688324,64.98535919189453,65.5343017578125
375,0.21635127067565918,0.03793087974190712,0.24978171288967133,0.04200422018766403,64.9817886352539,65.5278549194336
376,0.21471981704235077,0.037874650210142136,0.24906431138515472,0.04155680909752846,64.97821044921875,65.52142333984375
377,0.21310457587242126,0.03781960532069206,0.2483450025320053,0.04111830145120621,64.97463989257812,65.51502990722656
378,0.21150436997413635,0.037765663117170334,0.2476310431957245,0.04068281129002571,64.97107696533203,65.50865936279297
379,0.2099161148071289,0.03771278262138367,0.24692274630069733,0.04025077074766159,64.96751403808594,65.5023193359375
380,0.20834766328334808,0.037661079317331314,0.24620386958122253,0.03982727602124214,64.96395111083984,65.4959945678711
381,0.20679011940956116,0.037610381841659546,0.24549441039562225,0.03940902277827263,64.96039581298828,65.48970031738281
382,0.20525069534778595,0.03756082430481911,0.24477994441986084,0.03899593651294708,64.95684051513672,65.48342895507812
383,0.2037261426448822,0.03751252591609955,0.24406716227531433,0.03859333321452141,64.95328521728516,65.47718811035156
384,0.2022106796503067,0.03746514022350311,0.2433663159608841,0.03819214180111885,64.9497299194336,65.47096252441406
385,0.20071424543857574,0.03741911053657532,0.24265284836292267,0.03779217600822449,64.94618225097656,65.46475982666016
386,0.19922864437103271,0.03737407922744751,0.24195002019405365,0.03740363568067551,64.94264221191406,65.4585952758789
387,0.19775772094726562,0.03733017295598984,0.24124763906002045,0.03701786696910858,64.93910217285156,65.45245361328125
388,0.19630379974842072,0.037287432700395584,0.2405383437871933,0.03663542866706848,64.93556213378906,65.44632720947266
389,0.19485758244991302,0.03724556043744087,0.23984280228614807,0.036264631897211075,64.93201446533203,65.44022369384766
390,0.1934335082769394,0.03720536828041077,0.23912908136844635,0.035893287509679794,64.9284896850586,65.43415069580078
391,0.19201180338859558,0.03716568648815155,0.23843389749526978,0.03553073853254318,64.92494201660156,65.42808532714844
392,0.19061115384101868,0.03712744265794754,0.23773548007011414,0.03516816347837448,64.92141723632812,65.42205810546875
393,0.1892191469669342,0.037090204656124115,0.23703676462173462,0.0348147451877594,64.91789245605469,65.41605377197266
394,0.18784168362617493,0.0370541512966156,0.23633728921413422,0.03446744382381439,64.91436767578125,65.41006469726562
395,0.18647772073745728,0.03701942414045334,0.23563817143440247,0.034126151353120804,64.91084289550781,65.40410614013672
396,0.18512339890003204,0.03698548674583435,0.234950453042984,0.033786509186029434,64.9073257446289,65.3981704711914
397,0.1837841421365738,0.03695297613739967,0.2342558354139328,0.033448122441768646,64.90381622314453,65.39225769042969
398,0.18245676159858704,0.03692147135734558,0.23356100916862488,0.03312162309885025,64.90029907226562,65.38636016845703
399,0.18113690614700317,0.03689098358154297,0.23287466168403625,0.03279761224985123,64.89678192138672,65.38048553466797
400,0.17984093725681305,0.036862052977085114,0.23217283189296722,0.03247346356511116,64.89328002929688,65.37462615966797
401,0.1785414218902588,0.03683365508913994,0.2315002977848053,0.0321611724793911,64.88976287841797,65.3687973022461
402,0.17726680636405945,0.03680715337395668,0.2307969331741333,0.03184432536363602,64.88626861572266,65.36298370361328
403,0.1759931892156601,0.03678099811077118,0.23011904954910278,0.03153837472200394,64.88275909423828,65.35719299316406
404,0.17473676800727844,0.03675650432705879,0.2294318675994873,0.031236469745635986,64.87926483154297,65.35142517089844
405,0.1734941303730011,0.036733128130435944,0.2287415862083435,0.030939225107431412,64.87577819824219,65.34568786621094
406,0.17225348949432373,0.03671052306890488,0.2280701994895935,0.03064747527241707,64.87226867675781,65.33995056152344
407,0.1710357815027237,0.036689773201942444,0.2273799628019333,0.03035363368690014,64.86878967285156,65.3342514038086
408,0.16981744766235352,0.03666943311691284,0.22670534253120422,0.03006984479725361,64.86529541015625,65.32855987548828
409,0.1686183363199234,0.036650631576776505,0.22601696848869324,0.029788706451654434,64.86182403564453,65.3228988647461
410,0.16742970049381256,0.03663301095366478,0.22534330189228058,0.02951153926551342,64.85833740234375,65.31725311279297
411,0.16624422371387482,0.03661622479557991,0.22466911375522614,0.029242010787129402,64.85485076904297,65.3116226196289
412,0.1650780439376831,0.03660111874341965,0.2239922136068344,0.02897157520055771,64.85137176513672,65.30601501464844
413,0.1639132797718048,0.03658657521009445,0.2233220338821411,0.028708428144454956,64.847900390625,65.30043029785156
414,0.16276802122592926,0.03657369688153267,0.22264468669891357,0.02844657562673092,64.84442901611328,65.29486083984375
415,0.1616261899471283,0.036561593413352966,0.2219793051481247,0.028190433979034424,64.84095764160156,65.28931427001953
416,0.16049915552139282,0.036550939083099365,0.22130654752254486,0.02793947234749794,64.83749389648438,65.2837905883789
417,0.15937861800193787,0.03654121980071068,0.22063380479812622,0.027688344940543175,64.83403015136719,65.27827453613281
418,0.15826822817325592,0.03653276711702347,0.21997268497943878,0.027445370331406593,64.83057403564453,65.27279663085938
419,0.15716905891895294,0.03652546554803848,0.21930955350399017,0.027202794328331947,64.82711029052734,65.26731872558594
420,0.15607790648937225,0.03651928901672363,0.21864086389541626,0.026965083554387093,64.82365417480469,65.26185607910156
421,0.15499889850616455,0.036514461040496826,0.21797776222229004,0.026730934157967567,64.82019805908203,65.25641632080078
422,0.1539253294467926,0.03651047870516777,0.21731653809547424,0.026503266766667366,64.81674194335938,65.2509994506836
423,0.15286606550216675,0.036508116871118546,0.21664869785308838,0.02627566084265709,64.81330108642578,65.24559783935547
424,0.1518094837665558,0.03650625795125961,0.21600234508514404,0.02605128474533558,64.80985260009766,65.24021911621094
425,0.15076977014541626,0.03650636970996857,0.21533848345279694,0.0258291345089674,64.8064193725586,65.23486328125
426,0.14972949028015137,0.03650679066777229,0.21469217538833618,0.025618214160203934,64.80297088623047,65.2295150756836
427,0.1487097144126892,0.0365091897547245,0.21403171122074127,0.025401439517736435,64.7995376586914,65.22418975830078
428,0.14768923819065094,0.03651192784309387,0.21338848769664764,0.025195742025971413,64.79608917236328,65.2188720703125
429,0.14668545126914978,0.036516591906547546,0.21272386610507965,0.02499021589756012,64.79266357421875,65.21357727050781
430,0.1456829160451889,0.03652176260948181,0.2120840698480606,0.0247888695448637,64.78923034667969,65.20830535888672
431,0.14469236135482788,0.03652864694595337,0.2114364504814148,0.024587105959653854,64.78580474853516,65.20304870605469
432,0.14370858669281006,0.03653635084629059,0.2107929140329361,0.024390896782279015,64.78237915039062,65.19780731201172
433,0.14273490011692047,0.036545250564813614,0.21014705300331116,0.024198481813073158,64.77896118164062,65.19258880615234
434,0.14177139103412628,0.03655548766255379,0.20950593054294586,0.024011051282286644,64.7755355834961,65.1873779296875
435,0.14081256091594696,0.03656657785177231,0.20886093378067017,0.023825213313102722,64.77212524414062,65.18218994140625
436,0.1398674100637436,0.03657924383878708,0.20821474492549896,0.023640066385269165,64.76870727539062,65.17700958251953
437,0.13892021775245667,0.036592304706573486,0.2075885832309723,0.023461611941456795,64.76529693603516,65.17185974121094
438,0.13799123466014862,0.036607544869184494,0.20694899559020996,0.023279663175344467,64.76188659667969,65.16671752929688
439,0.13706223666667938,0.0366230309009552,0.20631688833236694,0.023109231144189835,64.75847625732422,65.16159057617188
440,0.1361515074968338,0.03664050251245499,0.205673485994339,0.022936731576919556,64.75508117675781,65.15648651123047
441,0.13523654639720917,0.036658164113759995,0.20504990220069885,0.022774383425712585,64.75167846679688,65.15139770507812
442,0.1343400478363037,0.036678094416856766,0.20441320538520813,0.022604770958423615,64.74828338623047,65.14631652832031
443,0.13343855738639832,0.03669792786240578,0.20379827916622162,0.022444287315011024,64.74488067626953,65.1412582397461
444,0.13255910575389862,0.03672017902135849,0.20315992832183838,0.022281907498836517,64.74148559570312,65.1362075805664
445,0.1316726803779602,0.03674226626753807,0.20254656672477722,0.022129343822598457,64.73809051513672,65.13117980957031
446,0.1308097392320633,0.036766912788152695,0.20191213488578796,0.021971318870782852,64.73471069335938,65.12616729736328
447,0.12993860244750977,0.036791302263736725,0.2013022005558014,0.021824801340699196,64.73131561279297,65.12117004394531
448,0.12908710539340973,0.03681822121143341,0.2006709724664688,0.02167356386780739,64.72793579101562,65.1161880493164
449,0.12822924554347992,0.036844927817583084,0.20006650686264038,0.021531283855438232,64.72454833984375,65.11122131347656
450,0.12739141285419464,0.036874160170555115,0.19943997263908386,0.021383345127105713,64.72117614746094,65.10626220703125
451,0.1265500783920288,0.03690318763256073,0.19883690774440765,0.021245164796710014,64.7177963256836,65.10133361816406
452,0.12572741508483887,0.03693456947803497,0.19821405410766602,0.021106144413352013,64.71443176269531,65.0964126586914
453,0.12490108609199524,0.036966077983379364,0.19761377573013306,0.020972728729248047,64.71105194091797,65.09150695800781
454,0.12409019470214844,0.0369996577501297,0.196993887424469,0.020839273929595947,64.70768737792969,65.08660888671875
455,0.12327634543180466,0.03703334927558899,0.19640164077281952,0.020711971446871758,64.70431518554688,65.08174133300781
456,0.12247803807258606,0.03706920146942139,0.19578483700752258,0.020579922944307327,64.70095825195312,65.07687377929688
457,0.12168007344007492,0.037105292081832886,0.19518622756004333,0.020459940657019615,64.69759368896484,65.072021484375
458,0.12089642882347107,0.037143442779779434,0.194580078125,0.020333563908934593,64.6942367553711,65.06719207763672
459,0.12010937929153442,0.037181559950113297,0.19399383664131165,0.020216431468725204,64.69087982177734,65.0623779296875
460,0.11934174597263336,0.03722243010997772,0.19337736070156097,0.02009432762861252,64.68753814697266,65.05757141113281
461,0.11855839192867279,0.03726186230778694,0.19280412793159485,0.01998412422835827,64.68416595458984,65.05277252197266
462,0.11781542748212814,0.03730626404285431,0.19217924773693085,0.019863221794366837,64.68084716796875,65.04801177978516
463,0.11703000217676163,0.037346161901950836,0.19163905084133148,0.019764872267842293,64.67745971679688,65.04324340820312
464,0.11632392555475235,0.037395622581243515,0.19097232818603516,0.019638128578662872,64.6741714477539,65.03849792480469
465,0.1155138909816742,0.0374334380030632,0.1905016154050827,0.019561754539608955,64.67074584960938,65.03376007080078
466,0.11487458646297455,0.03749176487326622,0.18973247706890106,0.019413532689213753,64.66752624511719,65.02903747558594
467,0.11399389803409576,0.037521809339523315,0.18942666053771973,0.01938469707965851,64.66401672363281,65.02434539794922
468,0.11348965018987656,0.03759763017296791,0.18844850361347198,0.019185414537787437,64.66094207763672,65.01966094970703
469,0.11243423819541931,0.0376066192984581,0.1884940266609192,0.019260473549365997,64.6572265625,65.01502227783203
470,0.11223064363002777,0.03772062808275223,0.1870293766260147,0.018960731104016304,64.65448760986328,65.01042938232422
471,0.11074323952198029,0.037675973027944565,0.18797162175178528,0.019320929422974586,64.6502456665039,65.0059585571289
472,0.11124161630868912,0.03787991404533386,0.1854388266801834,0.018866686150431633,64.64834594726562,65.00177001953125
473,0.10868804156780243,0.03769923001527786,0.18886421620845795,0.020168986171483994,64.64280700683594,64.99822998046875
474,0.11090439558029175,0.03812608867883682,0.18440689146518707,0.019959263503551483,64.6429443359375,64.996337890625
475,0.10568767040967941,0.03759758919477463,0.1958618313074112,0.025228073820471764,64.63420104980469,64.99857330322266
476,0.1122506633400917,0.038596078753471375,0.1913045048713684,0.029754992574453354,64.63948822021484,65.01139068603516
477,0.10027890652418137,0.037166617810726166,0.23578399419784546,0.05600424110889435,64.6224594116211,65.05169677734375
478,0.11823080480098724,0.03968114033341408,0.2635555863380432,0.1012287586927414,64.64119720458984,65.16389465332031
479,0.08912434428930283,0.03590666502714157,0.4805307984352112,0.2571525573730469,64.60249328613281,65.4652099609375
480,0.13809341192245483,0.04255741834640503,0.8168520927429199,0.6043521165847778,64.65664672851562,66.25849914550781
481,0.0676954910159111,0.03292979300022125,2.0424606800079346,1.583039402961731,64.5617904663086,68.28791809082031
482,0.2010701596736908,0.050569117069244385,4.372535705566406,3.757711172103882,64.70488739013672,73.08677673339844
483,0.04787987470626831,0.028790170326828957,9.84290599822998,8.271829605102539,64.48472595214844,82.67613220214844
484,0.34128907322883606,0.06590253114700317,16.180665969848633,14.169934272766113,64.7863998413086,95.544189453125
485,0.05256326124072075,0.0276859812438488,19.669742584228516,16.61859130859375,64.42861938476562,100.79720306396484
486,0.3138051927089691,0.059812288731336594,11.38786506652832,9.98890495300293,64.75025939941406,86.50064849853516
487,0.08391024172306061,0.033392395824193954,1.6421293020248413,1.2229559421539307,64.55081176757812,67.533203125
488,0.08433517068624496,0.03272470831871033,2.0572805404663086,1.6072109937667847,64.54107666015625,68.3226318359375
489,0.3230171799659729,0.05603023245930672,8.822892189025879,7.602353096008301,64.72250366210938,81.52679443359375
490,0.05601806193590164,0.028613537549972534,9.156513214111328,7.650509834289551,64.4710693359375,81.36272430419922
491,0.22779595851898193,0.04455117508769035,1.8212029933929443,1.5552654266357422,64.64580535888672,68.29462432861328
492,0.2081950306892395,0.041875120252370834,0.8730789422988892,0.7060979604721069,64.62467193603516,66.45391845703125
493,0.07453416287899017,0.029409948736429214,5.968724250793457,4.898839950561523,64.48837280273438,75.45988464355469
494,0.3148321509361267,0.049812011420726776,5.096491813659668,4.385549068450928,64.67964935302734,74.52633666992188
495,0.13524022698402405,0.03388716280460358,0.7793257236480713,0.5234967470169067,64.55074310302734,66.02268981933594
496,0.12170692533254623,0.032545607537031174,1.4293460845947266,1.0539637804031372,64.53594970703125,67.17351531982422
497,0.30383989214897156,0.04767150431871414,4.105035305023193,3.5838465690612793,64.66632843017578,72.70672607421875
498,0.10287776589393616,0.03079031966626644,2.686960458755493,2.103095293045044,64.51551055908203,69.4392318725586
499,0.17408350110054016,0.03650198131799698,0.14493723213672638,0.02112158015370369,64.58109283447266,64.9577407836914
500,0.24550336599349976,0.04249785840511322,1.7555633783340454,1.4662964344024658,64.63250732421875,68.14236450195312
501,0.09280440956354141,0.029934991151094437,3.026851177215576,2.4257023334503174,64.50907897949219,70.0843734741211
502,0.2050834447145462,0.03941041976213455,0.7676682472229004,0.6059256792068481,64.6113510131836,66.22943878173828
503,0.179343581199646,0.03744641691446304,0.33825430274009705,0.21654704213142395,64.5963363647461,65.36792755126953
504,0.09302281588315964,0.030240347608923912,2.0465638637542725,1.5741478204727173,64.52076721191406,68.26473999023438
505,0.2069290578365326,0.04042182117700577,1.431203842163086,1.1808720827102661,64.62415313720703,67.48358154296875
506,0.12866145372390747,0.03374667838215828,0.2042142152786255,0.0556705966591835,64.56588745117188,64.9881820678711
507,0.09949035197496414,0.03133993595838547,0.8618634343147278,0.593420147895813,64.54051208496094,66.12662506103516
508,0.18601608276367188,0.03970033675432205,1.401163935661316,1.153141736984253,64.62142181396484,67.40144348144531
509,0.09662718325853348,0.031526342034339905,0.6425203680992126,0.4006861746311188,64.54466247558594,65.71601867675781
510,0.10859524458646774,0.032930098474025726,0.23352015018463135,0.07046083360910416,64.56036376953125,65.00586700439453
511,0.15610384941101074,0.03790268674492836,0.8951779007911682,0.6847383975982666,64.60620880126953,66.38013458251953
512,0.0812883973121643,0.030538760125637054,0.9429211020469666,0.6610318422317505,64.531982421875,66.24776458740234
513,0.11778870970010757,0.034601908177137375,0.19514092803001404,0.053611867129802704,64.57421112060547,64.97535705566406
514,0.12690342962741852,0.03581562638282776,0.37644949555397034,0.22321559488773346,64.58343505859375,65.34581756591797
515,0.07697207480669022,0.030567394569516182,0.8681551218032837,0.584972083568573,64.52699279785156,66.08766174316406
516,0.12379102408885956,0.03595288097858429,0.40292373299598694,0.24335047602653503,64.57909393310547,65.3851089477539
517,0.10470984876155853,0.034051474183797836,0.16615095734596252,0.020670928061008453,64.55807495117188,64.88365936279297
518,0.08063729852437973,0.03144131973385811,0.5393329858779907,0.3183887302875519,64.52732849121094,65.49713134765625
519,0.12460482865571976,0.03669680655002594,0.5150127410888672,0.34431323409080505,64.57424926757812,65.59487915039062
520,0.09041611850261688,0.03293703496456146,0.23771126568317413,0.06929466128349304,64.53494262695312,64.96530151367188
521,0.08911672234535217,0.03293512016534805,0.2541924715042114,0.08339285850524902,64.53035736083984,64.98999786376953
522,0.11996548622846603,0.03675446659326553,0.42684951424598694,0.26669439673423767,64.56095123291016,65.41121673583984
523,0.08377714455127716,0.03256367892026901,0.3733956813812256,0.1845734864473343,64.51692199707031,65.19123077392578
524,0.09959268569946289,0.034688208252191544,0.1590154767036438,0.01791638508439064,64.53276062011719,64.8439712524414
525,0.11132079362869263,0.03630044683814049,0.2541924715042114,0.11446288228034973,64.54224395751953,65.05851745605469
526,0.08280876278877258,0.03291713073849678,0.3990466594696045,0.20476017892360687,64.50576782226562,65.22530364990234
527,0.10788050293922424,0.036276400089263916,0.20656980574131012,0.07184022665023804,64.53214263916016,64.9547119140625
528,0.10146236419677734,0.03567615523934364,0.15864892303943634,0.023893775418400764,64.52200317382812,64.84168243408203
529,0.08616826683282852,0.03389839082956314,0.29778778553009033,0.12765875458717346,64.50084686279297,65.04635620117188
530,0.11104084551334381,0.03734284266829491,0.2551099956035614,0.11908286809921265,64.52679443359375,65.04936981201172
531,0.09282998740673065,0.0352274589240551,0.17958496510982513,0.034555062651634216,64.50389862060547,64.84609985351562
532,0.09161926060914993,0.03530016168951988,0.18753188848495483,0.040780846029520035,64.50000762939453,64.85523986816406
533,0.10815507918596268,0.037746500223875046,0.22907061874866486,0.09635847806930542,64.51644897460938,64.98777770996094
534,0.08736329525709152,0.035192396491765976,0.2340591847896576,0.07856608927249908,64.49011993408203,64.92530059814453
535,0.09704519063234329,0.03679409623146057,0.15112805366516113,0.018763110041618347,64.4997329711914,64.803466796875
536,0.10105673968791962,0.03762482851743698,0.17045080661773682,0.04087241739034653,64.50233459472656,64.85234069824219
537,0.08532559126615524,0.03567815199494362,0.23741699755191803,0.08065328747034073,64.48151397705078,64.92058563232422
538,0.09978167712688446,0.038026221096515656,0.17165108025074005,0.0425114743411541,64.4970474243164,64.84901428222656
539,0.09279514104127884,0.03731478378176689,0.15060701966285706,0.017260631546378136,64.48697662353516,64.78495788574219
540,0.08627302944660187,0.03663359954953194,0.1895502209663391,0.044432997703552246,64.47702026367188,64.83390808105469
541,0.09856894612312317,0.038745976984500885,0.1824873685836792,0.052881643176078796,64.49005126953125,64.86273193359375
542,0.0860561951994896,0.03717299923300743,0.17452916502952576,0.032822348177433014,64.47311401367188,64.80369567871094
543,0.08851085603237152,0.03783976659178734,0.15277433395385742,0.01802881807088852,64.4743423461914,64.77149963378906
544,0.09374736994504929,0.03893304988741875,0.16302058100700378,0.0338897742331028,64.47880554199219,64.80839538574219
545,0.08235013484954834,0.03742983937263489,0.19047041237354279,0.04547007381916046,64.46249389648438,64.8182144165039
546,0.0901700034737587,0.038959912955760956,0.15258872509002686,0.022708291187882423,64.47048950195312,64.77491760253906
547,0.08742775022983551,0.0388103649020195,0.14878390729427338,0.01737789250910282,64.46507263183594,64.7574691772461
548,0.08156607300043106,0.03812790289521217,0.17397159337997437,0.032972946763038635,64.45540618896484,64.78204345703125
549,0.08945369720458984,0.0397038534283638,0.160241961479187,0.03166913613677025,64.46346282958984,64.78453063964844
550,0.0819288119673729,0.03872626647353172,0.159081369638443,0.022751204669475555,64.4516372680664,64.7541275024414
551,0.0826035588979721,0.039107948541641235,0.1519356667995453,0.018417663872241974,64.45036315917969,64.742431640625
552,0.0862073302268982,0.03999094292521477,0.15355300903320312,0.024920539930462837,64.452880859375,64.75755310058594
553,0.07873322814702988,0.0389624759554863,0.16918863356113434,0.030450519174337387,64.44078063964844,64.75811767578125
554,0.0835433304309845,0.04007069766521454,0.14871875941753387,0.019652722403407097,64.44503021240234,64.73701477050781
555,0.0816737562417984,0.04000099003314972,0.14771945774555206,0.01749282330274582,64.44027709960938,64.72716522216797
556,0.07802671939134598,0.03959668427705765,0.16013896465301514,0.024771584197878838,64.43299865722656,64.73553466796875
557,0.08292916417121887,0.0407356321811676,0.1512596756219864,0.023842252790927887,64.43732452392578,64.73609161376953
558,0.077796570956707,0.0400533601641655,0.15434874594211578,0.021326813846826553,64.42805480957031,64.7215805053711
559,0.07873566448688507,0.04047742858529091,0.14808239042758942,0.017972111701965332,64.42703247070312,64.7123031616211
560,0.08039875328540802,0.04103497788310051,0.14722837507724762,0.0201877411454916,64.42695617675781,64.71580505371094
561,0.0757627859711647,0.04040657728910446,0.15780659019947052,0.024479886516928673,64.41815948486328,64.71661376953125
562,0.07924934476613998,0.041316185146570206,0.1461300253868103,0.01956300064921379,64.42066192626953,64.70691680908203
563,0.07709980756044388,0.041154298931360245,0.14642591774463654,0.018075404688715935,64.41534423828125,64.6980972290039
564,0.07554423809051514,0.0410991907119751,0.15024778246879578,0.02026345767080784,64.41082000732422,64.6979751586914
565,0.07827439159154892,0.04187868535518646,0.1456347554922104,0.020511776208877563,64.41230773925781,64.6986083984375
566,0.07450047880411148,0.041383277624845505,0.15081481635570526,0.02109955996274948,64.4046630859375,64.69245910644531
567,0.07603563368320465,0.041934192180633545,0.1440313160419464,0.01799081824719906,64.40452575683594,64.68451690673828
568,0.07591929286718369,0.04215826094150543,0.14346300065517426,0.01815544068813324,64.40204620361328,64.6817398071289
569,0.07340161502361298,0.04189671576023102,0.14928299188613892,0.02083529904484749,64.39616394042969,64.68157958984375
570,0.07578324526548386,0.04262921214103699,0.14299729466438293,0.019179625436663628,64.39730072021484,64.67788696289062
571,0.07331499457359314,0.04237283393740654,0.14527171850204468,0.018838252872228622,64.39151000976562,64.67131042480469
572,0.07337623089551926,0.042632412165403366,0.14342723786830902,0.018123837187886238,64.38935089111328,64.66690826416016
573,0.07416804879903793,0.04304546117782593,0.14163009822368622,0.01833421178162098,64.38825988769531,64.66543579101562
574,0.0716433972120285,0.04276391118764877,0.14630043506622314,0.0199800506234169,64.38237762451172,64.6630630493164
575,0.07323157787322998,0.04334976524114609,0.14092420041561127,0.018114551901817322,64.38249969482422,64.65811920166016
576,0.07181359082460403,0.043297093361616135,0.1418760120868683,0.017924737185239792,64.37824249267578,64.65315246582031
577,0.07107333093881607,0.04338473081588745,0.14253079891204834,0.018333883956074715,64.37495422363281,64.65027618408203
578,0.07205747812986374,0.0438443161547184,0.1399293690919876,0.018104590475559235,64.37419891357422,64.64813232421875
579,0.06991910189390182,0.043623991310596466,0.1431945562362671,0.019014695659279823,64.36885070800781,64.64459991455078
580,0.07080414891242981,0.044064804911613464,0.13947242498397827,0.017687415704131126,64.36798095703125,64.64000701904297
581,0.07003753632307053,0.04414026439189911,0.13967056572437286,0.01766803488135338,64.36463928222656,64.63615417480469
582,0.06901079416275024,0.0441536046564579,0.14107918739318848,0.018348312005400658,64.36087799072266,64.63346862792969
583,0.06987179815769196,0.04458998888731003,0.13837197422981262,0.01788450963795185,64.35995483398438,64.63067626953125
584,0.06817711889743805,0.04444732517004013,0.14064081013202667,0.018460899591445923,64.35517883300781,64.62690734863281
585,0.06860112398862839,0.04478584602475166,0.13820138573646545,0.017659680917859077,64.35358428955078,64.62283325195312
586,0.06815892457962036,0.04492516815662384,0.13799317181110382,0.01767967827618122,64.35067749023438,64.61943817138672
587,0.06713198125362396,0.044926002621650696,0.13936826586723328,0.018308503553271294,64.34685516357422,64.61659240722656
588,0.06778249889612198,0.04531707242131233,0.13696035742759705,0.017830105498433113,64.34558868408203,64.61347961425781
589,0.06644301116466522,0.04523972421884537,0.13859066367149353,0.0182785801589489,64.34126281738281,64.60981750488281
590,0.06662158668041229,0.0455198734998703,0.1368948221206665,0.01779748499393463,64.33927154541016,64.6061019897461
591,0.06629156321287155,0.04567888379096985,0.13654425740242004,0.017823586240410805,64.33648681640625,64.60282135009766
592,0.0653878003358841,0.04569808766245842,0.13761267066001892,0.018323799595236778,64.33279418945312,64.59981536865234
593,0.06582862883806229,0.04604227468371391,0.13562585413455963,0.017930589616298676,64.33120727539062,64.59663391113281
594,0.06473810970783234,0.046012505888938904,0.13684730231761932,0.01831778883934021,64.32720947265625,64.59312438964844
595,0.06480200588703156,0.04626540467143059,0.13551244139671326,0.017993096262216568,64.32503509521484,64.58960723876953
596,0.0644664615392685,0.046420224010944366,0.13519848883152008,0.01802380569279194,64.32223510742188,64.58634185791016
597,0.06371892243623734,0.04647134989500046,0.13589432835578918,0.018382370471954346,64.31877899169922,64.58324432373047
598,0.0639769434928894,0.046774424612522125,0.1343090981245041,0.018086811527609825,64.31692504882812,64.58007049560547
599,0.06305226683616638,0.04677816480398178,0.13526034355163574,0.018432579934597015,64.31317138671875,64.57669830322266
600,0.06307830661535263,0.04702321067452431,0.13407371938228607,0.01817147806286812,64.31095123291016,64.57329559326172
601,0.06268587708473206,0.04716143757104874,0.13389557600021362,0.018226008862257004,64.30805969238281,64.57003021240234
602,0.062105052173137665,0.0472501777112484,0.13421201705932617,0.018453478813171387,64.30486297607422,64.56688690185547
603,0.062205784022808075,0.04751560837030411,0.13298934698104858,0.01825176365673542,64.3027572631836,64.563720703125
604,0.06141217425465584,0.04754669591784477,0.13373059034347534,0.0185595341026783,64.2992172241211,64.56046295166016
605,0.06143324077129364,0.04779181256890297,0.13260836899280548,0.018330946564674377,64.29698181152344,64.55714416503906
606,0.06097418814897537,0.04790963977575302,0.1326024979352951,0.018424615263938904,64.29397583007812,64.55388641357422
607,0.060559239238500595,0.04803839325904846,0.1325484812259674,0.018527641892433167,64.29102325439453,64.55069732666016
608,0.06051667407155037,0.048266973346471786,0.13167211413383484,0.018412742763757706,64.28868865966797,64.54755401611328
609,0.05985235422849655,0.04832640290260315,0.13219523429870605,0.018678288906812668,64.28532409667969,64.54437255859375
610,0.05986521765589714,0.04857000336050987,0.13114935159683228,0.018482651561498642,64.28307342529297,64.5411376953125
611,0.05935551971197128,0.048669882118701935,0.13130588829517365,0.0186237134039402,64.27995300292969,64.53791046142578
612,0.059094611555337906,0.04883718490600586,0.13092023134231567,0.01862681657075882,64.27723693847656,64.53471374511719
613,0.058914147317409515,0.04902641847729683,0.1303776502609253,0.018598342314362526,64.27464294433594,64.53156280517578
614,0.05839384347200394,0.0491194948554039,0.13062898814678192,0.01879640482366085,64.27147674560547,64.52841186523438
615,0.05836552754044533,0.04935132712125778,0.1297299712896347,0.01866251789033413,64.26914978027344,64.52526092529297
616,0.057847246527671814,0.04944334551692009,0.1299659013748169,0.01883804239332676,64.26597595214844,64.5220718383789
617,0.05770022049546242,0.0496407225728035,0.12934885919094086,0.018774833530187607,64.263427734375,64.51889038085938
618,0.057393986731767654,0.049791786819696426,0.12911877036094666,0.01882869563996792,64.26060485839844,64.51573944091797
619,0.05702906474471092,0.04992513731122017,0.12904077768325806,0.01893380470573902,64.25767517089844,64.51260375976562
620,0.056913845241069794,0.05013082176446915,0.12838618457317352,0.018877413123846054,64.25518035888672,64.50949096679688
621,0.05644415691494942,0.050232257694005966,0.12856319546699524,0.019052334129810333,64.25205993652344,64.50635528564453
622,0.05634813383221626,0.05044354125857353,0.1278621256351471,0.018972864374518394,64.24959564208984,64.50321960449219
623,0.055954333394765854,0.05056591331958771,0.12786492705345154,0.019095923751592636,64.2466049194336,64.50008392333984
624,0.05573248490691185,0.05073884502053261,0.12747541069984436,0.019110584631562233,64.24390411376953,64.49696350097656
625,0.05549916625022888,0.05090820789337158,0.12712225317955017,0.01914011873304844,64.24118041992188,64.49385070800781
626,0.05513998493552208,0.05103891342878342,0.12707579135894775,0.019258815795183182,64.23823547363281,64.4907455444336
627,0.055009618401527405,0.05123939365148544,0.12649056315422058,0.01922164112329483,64.23570251464844,64.48766326904297
628,0.05461159721016884,0.051357489079236984,0.1265450119972229,0.01936536282300949,64.23267364501953,64.48455047607422
629,0.054469093680381775,0.05155405029654503,0.12599414587020874,0.019333362579345703,64.2301025390625,64.48145294189453
630,0.05414196848869324,0.051693033427000046,0.12588852643966675,0.01943301223218441,64.22721862792969,64.47837829589844
631,0.053906675428152084,0.0518602691590786,0.12557029724121094,0.019473036751151085,64.22447204589844,64.47528076171875
632,0.05368724837899208,0.05203266441822052,0.12522324919700623,0.019503986462950706,64.22175598144531,64.47220611572266
633,0.05336427688598633,0.05217190086841583,0.12513622641563416,0.019608432427048683,64.21886444091797,64.46914672851562
634,0.053213611245155334,0.052365582436323166,0.12462897598743439,0.019596172496676445,64.21627044677734,64.46607208251953
635,0.05286619812250137,0.052496157586574554,0.12460876256227493,0.01972198486328125,64.21332550048828,64.46302032470703
636,0.052712488919496536,0.05268874764442444,0.1241178959608078,0.019711686298251152,64.2107162475586,64.45994567871094
637,0.05240602791309357,0.05283196642994881,0.1240057498216629,0.01980953849852085,64.20784759521484,64.45690155029297
638,0.05219658836722374,0.05300658941268921,0.12366311997175217,0.01984284445643425,64.20513916015625,64.45384979248047
639,0.05196274816989899,0.05317304655909538,0.12338605523109436,0.019893383607268333,64.202392578125,64.4508056640625
640,0.05169214680790901,0.05332693085074425,0.12320433557033539,0.019975712522864342,64.19956970214844,64.44776916503906
641,0.051516253501176834,0.05351199954748154,0.12280082702636719,0.01998959109187126,64.19691467285156,64.44473266601562
642,0.05121472105383873,0.053655125200748444,0.12270499020814896,0.02009671926498413,64.19403076171875,64.44170379638672
643,0.05105510354042053,0.0538458488881588,0.12226597219705582,0.020101822912693024,64.19140625,64.43867492675781
644,0.05076323822140694,0.05399159714579582,0.12215853482484818,0.02020261250436306,64.18853759765625,64.43565368652344
645,0.050585612654685974,0.05417581647634506,0.12177229672670364,0.020225757732987404,64.18587493896484,64.43263244628906
646,0.050332583487033844,0.05433366820216179,0.12158001214265823,0.020302800461649895,64.18307495117188,64.42962646484375
647,0.05012001469731331,0.05450525879859924,0.12129152566194534,0.020355522632598877,64.18033599853516,64.42660522460938
648,0.04990948364138603,0.054677609354257584,0.12100851535797119,0.020406881347298622,64.1776123046875,64.42361450195312
649,0.0496656559407711,0.05483809858560562,0.12081415206193924,0.020483678206801414,64.17481994628906,64.42062377929688
650,0.04948579892516136,0.055020906031131744,0.12045954167842865,0.02051738277077675,64.1721420288086,64.4176254272461
651,0.04922886937856674,0.05517581105232239,0.12030522525310516,0.020609214901924133,64.16931915283203,64.41463470458984
652,0.04906172677874565,0.05536268651485443,0.11992910504341125,0.02063676528632641,64.16665649414062,64.4116439819336
653,0.04880807176232338,0.05551842972636223,0.1197822317481041,0.020729919895529747,64.16383361816406,64.4086685180664
654,0.04863674193620682,0.055703405290842056,0.11942556500434875,0.020762816071510315,64.16116333007812,64.40569305419922
655,0.04840069264173508,0.05586458742618561,0.11923758685588837,0.020846547558903694,64.15836334228516,64.4027099609375
656,0.048216406255960464,0.05604417994618416,0.11892983317375183,0.020895935595035553,64.15567016601562,64.3997573852539
657,0.04800282418727875,0.056213147938251495,0.11869833618402481,0.020968105643987656,64.15290069580078,64.39678192138672
658,0.04780222102999687,0.05638660863041878,0.118442103266716,0.021030327305197716,64.1501693725586,64.39382934570312
659,0.04760877043008804,0.05656273663043976,0.11816775053739548,0.021087871864438057,64.14744567871094,64.390869140625
660,0.047396257519721985,0.05673133581876755,0.11794589459896088,0.02116469293832779,64.1446762084961,64.3879165649414
661,0.04721963405609131,0.05691317841410637,0.11764068156480789,0.021214943379163742,64.14197540283203,64.38496398925781
662,0.0470004603266716,0.05707874521613121,0.11745240539312363,0.02129972167313099,64.13919067382812,64.38201904296875
663,0.04683313146233559,0.057264141738414764,0.11713015288114548,0.021344052627682686,64.13652038574219,64.37908935546875
664,0.04661202430725098,0.05742862820625305,0.11695326119661331,0.021431371569633484,64.13373565673828,64.37615966796875
665,0.04645011946558952,0.05761576071381569,0.11662295460700989,0.021476756781339645,64.13105010986328,64.37321472167969
666,0.046231817454099655,0.057780671864748,0.11644932627677917,0.021568577736616135,64.12826538085938,64.37029266357422
667,0.04607287049293518,0.057968463748693466,0.11612528562545776,0.02161353826522827,64.1255874633789,64.36737060546875
668,0.045858435332775116,0.05813434347510338,0.11594629287719727,0.021703097969293594,64.122802734375,64.36444854736328
669,0.045700766146183014,0.05832276493310928,0.11562922596931458,0.021750085055828094,64.12013244628906,64.36153411865234
670,0.04548945277929306,0.0584898442029953,0.11545272916555405,0.021839791908860207,64.11735534667969,64.35862731933594
671,0.04533359035849571,0.05867860093712807,0.11513455212116241,0.021889526396989822,64.11467742919922,64.355712890625
672,0.04512711241841316,0.05884699523448944,0.11495596170425415,0.02197812683880329,64.11190032958984,64.3528060913086
673,0.04497293755412102,0.05903618782758713,0.11464498937129974,0.022027887403964996,64.1092300415039,64.34991455078125
674,0.044769492000341415,0.059205297380685806,0.11446648836135864,0.022118061780929565,64.10646057128906,64.3470230102539
675,0.044618312269449234,0.05939539149403572,0.11415456235408783,0.022168021649122238,64.10379028320312,64.34412384033203
676,0.044417206197977066,0.05956476554274559,0.11397986114025116,0.022260233759880066,64.10101318359375,64.34123229980469
677,0.04427015036344528,0.05975639447569847,0.11366451531648636,0.02230932004749775,64.09835052490234,64.33834838867188
678,0.044069286435842514,0.05992523953318596,0.11350126564502716,0.022405080497264862,64.09556579589844,64.33546447753906
679,0.043929729610681534,0.060119979083538055,0.11316893249750137,0.02245074324309826,64.0929183959961,64.33258819580078
680,0.043724074959754944,0.060286425054073334,0.11303091794252396,0.02255302481353283,64.09011840820312,64.3297119140625
681,0.043597761541604996,0.06048639491200447,0.11267071962356567,0.0225919671356678,64.08749389648438,64.32684326171875
682,0.04338179528713226,0.060647740960121155,0.11256963759660721,0.02270636521279812,64.08467102050781,64.323974609375
683,0.04327460750937462,0.06085597351193428,0.11217059195041656,0.022729026153683662,64.08208465576172,64.32111358642578
684,0.04303969442844391,0.06100870296359062,0.11212879419326782,0.02286207675933838,64.07921600341797,64.31825256347656
685,0.042962606996297836,0.061229512095451355,0.1116555705666542,0.02286715619266033,64.07669067382812,64.3154067993164
686,0.04269629344344139,0.06136757507920265,0.11171256750822067,0.02303328365087509,64.0737533569336,64.31256103515625
687,0.04266653582453728,0.06160914525389671,0.11111775785684586,0.02300277352333069,64.07131958007812,64.3097152709961
688,0.0423431396484375,0.061721451580524445,0.11135050654411316,0.02322383224964142,64.06825256347656,64.30689239501953
689,0.04239339753985405,0.061998624354600906,0.11054788529872894,0.02313750423491001,64.06600189208984,64.3040771484375
690,0.041972026228904724,0.06206584721803665,0.11108081042766571,0.023459626361727715,64.06271362304688,64.3012924194336
691,0.0421583466231823,0.06240477412939072,0.10993294417858124,0.023282581940293312,64.06075286865234,64.29853057861328
692,0.04156189411878586,0.06239108741283417,0.11102175712585449,0.02380562573671341,64.05706787109375,64.29584503173828
693,0.04198829457163811,0.06284067779779434,0.10929912328720093,0.02350316382944584,64.05565643310547,64.29328918457031
694,0.04107559472322464,0.0626789778470993,0.11147231608629227,0.02445267140865326,64.0512466430664,64.29092407226562
695,0.04194195568561554,0.06333225220441818,0.10881415009498596,0.024044835940003395,64.0508041381836,64.2889404296875
696,0.0404399074614048,0.06289312988519669,0.11327975988388062,0.02602268010377884,64.04505920410156,64.2876968383789
697,0.04212997108697891,0.06393186748027802,0.10941057652235031,0.025867756456136703,64.0464859008789,64.28782653808594
698,0.039515554904937744,0.06296046078205109,0.11926796287298203,0.030685342848300934,64.03816223144531,64.29058837890625
699,0.04280008375644684,0.06474855542182922,0.11505177617073059,0.03275693207979202,64.04317474365234,64.29853057861328
700,0.03804146125912666,0.06273173540830612,0.13946829736232758,0.046620771288871765,64.02983093261719,64.31669616699219
701,0.04450897127389908,0.06601355224847794,0.1426878720521927,0.06008271500468254,64.04194641113281,64.35523986816406
702,0.035570912063121796,0.06190059334039688,0.2127947211265564,0.1062731146812439,64.01853942871094,64.4350814819336
703,0.04864225909113884,0.06823670119047165,0.26492589712142944,0.17211365699768066,64.04508972167969,64.59900665283203
704,0.03159298002719879,0.05985182151198387,0.4987879693508148,0.3449972867965698,64.0010986328125,64.93632507324219
705,0.05906993895769119,0.07257930934429169,0.796970784664154,0.6446489691734314,64.05746459960938,65.6307373046875
706,0.026905585080385208,0.0554601214826107,1.671717882156372,1.3384066820144653,63.97100830078125,67.0634994506836
707,0.08781727403402328,0.0817149356007576,3.0771684646606445,2.6426336765289307,64.08918762207031,69.97852325439453
708,0.03049217350780964,0.047379255294799805,6.399061679840088,5.366667747497559,63.91710662841797,75.76071166992188
709,0.16968780755996704,0.10065028071403503,11.708701133728027,10.170768737792969,64.15560913085938,86.305419921875
710,0.0700850635766983,0.037221651524305344,21.016525268554688,17.797901153564453,63.83589553833008,102.75762939453125
711,0.32859355211257935,0.12602317333221436,29.37761688232422,25.573657989501953,64.2391357421875,119.64502716064453
712,0.0915989950299263,0.033659808337688446,31.588655471801758,26.576499938964844,63.7974853515625,122.08789825439453
713,0.29010048508644104,0.1089417040348053,17.95974349975586,15.621713638305664,64.18424987792969,98.16474914550781
714,0.04004065692424774,0.051961373537778854,2.965939998626709,2.3813939094543457,63.942134857177734,69.3814697265625
715,0.05396242439746857,0.053654592484235764,1.9937152862548828,1.598984718322754,63.953800201416016,67.65411376953125
716,0.3134572505950928,0.09695138037204742,11.835264205932617,10.134310722351074,64.14733123779297,86.52731323242188
717,0.03367500752210617,0.039131589233875275,14.800373077392578,12.245141983032227,63.8621940612793,90.98051452636719
718,0.2588368058204651,0.08174879848957062,4.675976276397705,4.124451637268066,64.09484100341797,73.23585510253906
719,0.16322115063667297,0.06486973166465759,0.2775025963783264,0.1780501902103424,64.02398681640625,64.70763397216797
720,0.05774238705635071,0.04426240175962448,6.631289482116699,5.500361442565918,63.91178512573242,76.14543914794922
721,0.35541653633117676,0.08737236261367798,8.586475372314453,7.343551158905029,64.12940979003906,80.50222778320312
722,0.08757889270782471,0.0488998144865036,2.7430267333984375,2.121962308883667,63.951778411865234,68.9532470703125
723,0.12387658655643463,0.054514914751052856,0.5900302529335022,0.3713914752006531,63.989933013916016,65.12974548339844
724,0.29514840245246887,0.07767204940319061,4.843841075897217,4.18623685836792,64.10617065429688,73.50907135009766
725,0.06185657158493996,0.04374215751886368,5.128638744354248,4.24489164352417,63.93471908569336,73.41384887695312
726,0.18042419850826263,0.0630168616771698,0.5853724479675293,0.47662314772605896,64.05168151855469,65.35711669921875
727,0.18929548561573029,0.06503556668758392,1.1414464712142944,1.0022237300872803,64.06788635253906,66.46588897705078
728,0.05223187431693077,0.04352611303329468,4.195791244506836,3.353006601333618,63.95207595825195,71.59663391113281
729,0.1878851354122162,0.06668375432491302,2.0429351329803467,1.7596380710601807,64.08778381347656,68.14492797851562
730,0.10543812811374664,0.05512432008981705,0.08014728128910065,0.02122274413704872,64.0348129272461,64.29674530029297
731,0.05087948217988014,0.045702651143074036,1.979715347290039,1.5846563577651978,63.98362350463867,67.64457702636719
732,0.15824593603610992,0.06598962098360062,2.4423813819885254,2.1096384525299072,64.10005950927734,68.87631225585938
733,0.05689479410648346,0.048973362892866135,0.5876518487930298,0.4052336513996124,64.01311492919922,65.11186981201172
734,0.05344359576702118,0.048958756029605865,0.507642924785614,0.35345736145973206,64.0159912109375,64.9794921875
735,0.11884162575006485,0.06268897652626038,1.8149244785308838,1.500432014465332,64.09300231933594,67.58988952636719
736,0.03711879253387451,0.04588184878230095,1.2187857627868652,0.9477036595344543,63.99990463256836,66.24939727783203
737,0.05886925756931305,0.052325889468193054,0.09914878755807877,0.02010233886539936,64.03973388671875,64.27017974853516
738,0.08493101596832275,0.058583568781614304,0.8677961230278015,0.7112380266189575,64.07321166992188,65.79576110839844
739,0.031504519283771515,0.04512043297290802,1.3540074825286865,1.0478990077972412,63.993160247802734,66.47169494628906
740,0.06581292301416397,0.055213116109371185,0.3044356107711792,0.19830849766731262,64.05119323730469,64.67496490478516
741,0.06326782703399658,0.05494518578052521,0.26595497131347656,0.16843120753765106,64.0466537475586,64.59925079345703
742,0.03257336840033531,0.04615623876452446,1.0221072435379028,0.7601484060287476,63.990943908691406,65.8519287109375
743,0.07116446644067764,0.057324886322021484,0.5663365721702576,0.44385039806365967,64.05142974853516,65.19010925292969
744,0.05103268474340439,0.05240517854690552,0.10492898523807526,0.024594714865088463,64.01970672607422,64.25267028808594
745,0.03808942437171936,0.04848036915063858,0.5374882221221924,0.38027238845825195,63.991458892822266,64.99578857421875
746,0.07417155802249908,0.058471906930208206,0.6281189322471619,0.49435579776763916,64.04219818115234,65.29731750488281
747,0.04528617113828659,0.05109286680817604,0.22201165556907654,0.1170150637626648,63.9964714050293,64.43187713623047
748,0.04635297507047653,0.05154895409941673,0.20752400159835815,0.10750588029623032,63.99368667602539,64.4066162109375
749,0.07299400866031647,0.058738935738801956,0.4743725657463074,0.3698670268058777,64.0273208618164,65.0032958984375
750,0.04353735223412514,0.05096113681793213,0.3646961748600006,0.24442175030708313,63.979530334472656,64.68314361572266
751,0.05541697144508362,0.0547979511320591,0.09418544918298721,0.029990803450345993,63.99602127075195,64.23041534423828
752,0.06788381934165955,0.05842060223221779,0.2576221227645874,0.18755662441253662,64.01029968261719,64.58177947998047
753,0.04358319193124771,0.05188188701868057,0.4010103940963745,0.2697431445121765,63.969993591308594,64.73621368408203
754,0.06204686313867569,0.05771379545331001,0.13280896842479706,0.07194378972053528,63.99713134765625,64.32164764404297
755,0.060854148119688034,0.05784805119037628,0.11899219453334808,0.05839390307664871,63.993316650390625,64.2894058227539
756,0.04497137665748596,0.05359247326850891,0.31289759278297424,0.20265313982963562,63.966102600097656,64.58021545410156
757,0.06447239965200424,0.059887636452913284,0.1960740089416504,0.1314595639705658,63.995216369628906,64.44711303710938
758,0.053541313856840134,0.05734821408987045,0.09333004802465439,0.02935967966914177,63.977928161621094,64.21150970458984
759,0.047010183334350586,0.05580310896039009,0.18888549506664276,0.10253344476222992,63.96553421020508,64.3597640991211
760,0.06292613595724106,0.061165034770965576,0.2087300419807434,0.1380508989095688,63.989097595214844,64.45996856689453
761,0.04785235598683357,0.05720924586057663,0.1381717473268509,0.06137765944004059,63.96473693847656,64.26934814453125
762,0.04910317435860634,0.0582176074385643,0.10763499140739441,0.037584949284791946,63.965858459472656,64.21839904785156
763,0.05821367725729942,0.06166498363018036,0.16264300048351288,0.09793105721473694,63.9791145324707,64.35956573486328
764,0.044225551187992096,0.057626500725746155,0.1785842776298523,0.09359471499919891,63.95429992675781,64.32833099365234
765,0.05078114569187164,0.060492970049381256,0.09204187989234924,0.029565928503870964,63.96470642089844,64.19758605957031
766,0.05245831236243248,0.06163256987929344,0.11025169491767883,0.04823942482471466,63.9660758972168,64.23865509033203
767,0.04256168380379677,0.0586266815662384,0.1746576875448227,0.08872516453266144,63.94652557373047,64.31109619140625
768,0.05118225887417793,0.06230925768613815,0.11252352595329285,0.050369489938020706,63.960636138916016,64.23702239990234
769,0.047198355197906494,0.06140502542257309,0.09153418242931366,0.027899086475372314,63.951725006103516,64.17976379394531
770,0.042576227337121964,0.06010054424405098,0.13505682349205017,0.05925027281045914,63.94075012207031,64.23773193359375
771,0.0501629076898098,0.06348597258329391,0.12471237778663635,0.06190488114953041,63.953060150146484,64.25332641601562
772,0.043310683220624924,0.06134740263223648,0.10702578723430634,0.03753557801246643,63.93815231323242,64.18737030029297
773,0.043454669415950775,0.06184745952486992,0.10102387517690659,0.03375282511115074,63.936187744140625,64.17626953125
774,0.04793625324964523,0.06405799835920334,0.11347473412752151,0.05125533044338226,63.942527770996094,64.21925354003906
775,0.041199300438165665,0.06172260642051697,0.12473682314157486,0.052156686782836914,63.9267578125,64.20657348632812
776,0.04453105479478836,0.0635773167014122,0.09254717081785202,0.030598055571317673,63.93145751953125,64.16271209716797
777,0.04513518512248993,0.06423865258693695,0.09595918655395508,0.03522846847772598,63.93029022216797,64.17085266113281
778,0.04056809842586517,0.0626271665096283,0.12231982499361038,0.05096914619207382,63.91814422607422,64.19462585449219
779,0.04512637481093407,0.06501714885234833,0.0993286520242691,0.03915417566895485,63.92532730102539,64.1739501953125
780,0.042666975408792496,0.06434796750545502,0.09310059994459152,0.030978430062532425,63.9178466796875,64.14894104003906
781,0.04102305322885513,0.06398379057645798,0.1051732674241066,0.03897653892636299,63.91183090209961,64.1609878540039
782,0.04474896192550659,0.06603725254535675,0.1008647084236145,0.0420895591378212,63.917320251464844,64.17105865478516
783,0.04095304012298584,0.06470704823732376,0.10194776207208633,0.03738759830594063,63.906795501708984,64.15179443359375
784,0.041978608816862106,0.06557127833366394,0.09256930649280548,0.031654927879571915,63.90668869018555,64.13846588134766
785,0.04354076087474823,0.0666777491569519,0.09437242150306702,0.036051299422979355,63.90769577026367,64.1483383178711
786,0.04016260430216789,0.06549321115016937,0.10626313090324402,0.040948536247015,63.89800262451172,64.15087127685547
787,0.042685285210609436,0.0670890361070633,0.0914120152592659,0.033112965524196625,63.90135955810547,64.13565826416016
788,0.04190723970532417,0.06712161749601364,0.09046687185764313,0.03143444284796715,63.89742660522461,64.12835693359375
789,0.04017338529229164,0.0666821300983429,0.09974032640457153,0.036909766495227814,63.89133834838867,64.13484191894531
790,0.042665090411901474,0.06828749179840088,0.09283965826034546,0.0354185551404953,63.894771575927734,64.13397979736328
791,0.04039905220270157,0.06761263310909271,0.0939221903681755,0.0330018624663353,63.88772201538086,64.1226577758789
792,0.04053754359483719,0.06808855384588242,0.09167222678661346,0.03175339102745056,63.8859977722168,64.11804962158203
793,0.04177453741431236,0.06909738481044769,0.09073099493980408,0.03333248570561409,63.8867301940918,64.12166595458984
794,0.03941984474658966,0.06834001839160919,0.09708845615386963,0.03534102439880371,63.87944030761719,64.11962890625
795,0.04078546166419983,0.06944162398576736,0.08911441266536713,0.03121236339211464,63.88066482543945,64.11122131347656
796,0.04035913944244385,0.06963792443275452,0.08899796009063721,0.03084169328212738,63.87779235839844,64.10762786865234
797,0.03900778666138649,0.06934469938278198,0.09446355700492859,0.033663373440504074,63.87269973754883,64.10917663574219
798,0.040522702038288116,0.07051467895507812,0.08937452733516693,0.032265469431877136,63.874244689941406,64.10691833496094
799,0.03901263326406479,0.07013200223445892,0.09095265716314316,0.03163238614797592,63.86880111694336,64.10053253173828
800,0.03898388892412186,0.07050461322069168,0.08985651284456253,0.031097395345568657,63.86677551269531,64.09722137451172
801,0.03967614099383354,0.07124484330415726,0.08849836140871048,0.03157324343919754,63.86637878417969,64.09737396240234
802,0.0381125770509243,0.07078477740287781,0.09270856529474258,0.03300578147172928,63.860626220703125,64.0952377319336
803,0.03897809982299805,0.07161561399698257,0.08803757280111313,0.030969984829425812,63.860618591308594,64.09021759033203
804,0.03856056183576584,0.07175525277853012,0.08819228410720825,0.03088309057056904,63.85753631591797,64.08692932128906
805,0.03774041309952736,0.07166315615177155,0.09097177535295486,0.03230714052915573,63.85343551635742,64.08612060546875
806,0.038643039762973785,0.07250851392745972,0.08783746510744095,0.03167669475078583,63.85347366333008,64.08413696289062
807,0.03756954148411751,0.07226069271564484,0.08968102186918259,0.03189859539270401,63.84868621826172,64.08009338378906
808,0.03768374025821686,0.07266633212566376,0.08828762173652649,0.03139156103134155,63.84678649902344,64.07681274414062
809,0.03793735429644585,0.07314953953027725,0.08742628991603851,0.03156358748674393,63.84522247314453,64.07530212402344
810,0.036950405687093735,0.0729265883564949,0.09025177359580994,0.03271181508898735,63.840579986572266,64.07341766357422
811,0.037562206387519836,0.07361280918121338,0.08724763244390488,0.031729456037282944,63.83993148803711,64.07008361816406
812,0.037066321820020676,0.07366207242012024,0.08780178427696228,0.031822364777326584,63.83650207519531,64.06685638427734
813,0.03668851777911186,0.07377663999795914,0.08864910155534744,0.032354868948459625,63.83338165283203,64.06484985351562
814,0.03713303431868553,0.0743747428059578,0.08692704886198044,0.032148897647857666,63.83237838745117,64.0629653930664
815,0.03631464019417763,0.07422918826341629,0.08872956037521362,0.03269200772047043,63.828163146972656,64.06012725830078
816,0.036529622972011566,0.07469423860311508,0.08705747127532959,0.03215016797184944,63.82660675048828,64.05703735351562
817,0.03641986846923828,0.07496549934148788,0.08683054149150848,0.03223792463541031,63.8242301940918,64.0546875
818,0.03584851324558258,0.07495740056037903,0.08829014003276825,0.03293084353208542,63.82065963745117,64.05268859863281
819,0.03621576726436615,0.07552224397659302,0.08641871809959412,0.03247250244021416,63.819576263427734,64.05020904541016
820,0.03566098213195801,0.0755198672413826,0.08735182881355286,0.03273003175854683,63.81605911254883,64.04732513427734
821,0.03558709844946861,0.07580997794866562,0.08688115328550339,0.032669588923454285,63.81380081176758,64.04474639892578
822,0.035661935806274414,0.07619369775056839,0.08614533394575119,0.0326354093849659,63.81195068359375,64.04258728027344
823,0.03510122373700142,0.07617778331041336,0.08743768185377121,0.03316638618707657,63.808406829833984,64.04029083251953
824,0.03532319888472557,0.07665449380874634,0.08594195544719696,0.032753441482782364,63.80695724487305,64.03762817382812
825,0.034997835755348206,0.0767795741558075,0.08629404008388519,0.032902199774980545,63.804019927978516,64.03499603271484
826,0.03477920591831207,0.07696810364723206,0.08646775782108307,0.03309024125337601,63.80134963989258,64.03265380859375
827,0.03491085395216942,0.07738186419010162,0.08551503717899323,0.03295781463384628,63.79963302612305,64.0303955078125
828,0.03444935008883476,0.07740772515535355,0.0864620953798294,0.03333745151758194,63.79627990722656,64.02793884277344
829,0.034547485411167145,0.07779563963413239,0.08545120060443878,0.033095672726631165,63.794456481933594,64.02534484863281
830,0.034373629838228226,0.07800083607435226,0.08544819802045822,0.03319552540779114,63.7918701171875,64.02288818359375
831,0.03411243483424187,0.07814402878284454,0.08583857119083405,0.033470816910266876,63.78902053833008,64.02058410644531
832,0.034233786165714264,0.07854091376066208,0.08489884436130524,0.033323489129543304,63.78723907470703,64.01823425292969
833,0.033878177404403687,0.07861556112766266,0.08553406596183777,0.033614400774240494,63.784114837646484,64.01575469970703
834,0.03388972580432892,0.07893456518650055,0.08490174263715744,0.03352696821093559,63.782005310058594,64.01325988769531
835,0.03379540145397186,0.07917866110801697,0.08470135927200317,0.033603910356760025,63.779598236083984,64.01087951660156
836,0.03353842720389366,0.0793093591928482,0.08510182797908783,0.033881619572639465,63.77671813964844,64.00855255126953
837,0.03362145274877548,0.0796734020113945,0.08428789675235748,0.03376908600330353,63.774810791015625,64.00616455078125
838,0.03334622085094452,0.07978706061840057,0.08469745516777039,0.03401229903101921,63.77186584472656,64.00370788574219
839,0.03330625966191292,0.08006154745817184,0.08429080992937088,0.03402199596166611,63.76960372924805,64.00128173828125
840,0.0332413986325264,0.08031720668077469,0.08401551842689514,0.03408798947930336,63.76726150512695,63.998924255371094
841,0.03300812840461731,0.08045268058776855,0.08434328436851501,0.03434540331363678,63.76442337036133,63.99657440185547
842,0.03305087238550186,0.08078424632549286,0.08367138355970383,0.034277111291885376,63.76240158081055,63.99418640136719
843,0.032829076051712036,0.08092492818832397,0.08392533659934998,0.0344894677400589,63.75960159301758,63.99177169799805
844,0.03276432678103447,0.08117638528347015,0.0836377963423729,0.034540921449661255,63.75725173950195,63.98937225341797
845,0.032703302800655365,0.08143025636672974,0.08335739374160767,0.034606631845235825,63.754920959472656,63.98701858520508
846,0.03249829262495041,0.08157842606306076,0.08359850943088531,0.0348302461206913,63.752166748046875,63.98467254638672
847,0.032509516924619675,0.0818852111697197,0.08304499089717865,0.03479708731174469,63.75005340576172,63.9822883605957
848,0.03232176974415779,0.0820431262254715,0.08320783823728561,0.03498544916510582,63.747344970703125,63.97990417480469
849,0.032249193638563156,0.08228524029254913,0.08296143263578415,0.035051681101322174,63.74497985839844,63.9775276184082
850,0.03218192607164383,0.08253150433301926,0.08270708471536636,0.035118468105793,63.742637634277344,63.97517776489258
851,0.032004453241825104,0.08269398659467697,0.08286432921886444,0.03530767187476158,63.739959716796875,63.97283172607422
852,0.03199315443634987,0.08298227190971375,0.08239443600177765,0.0353037491440773,63.737796783447266,63.9704704284668
853,0.031826384365558624,0.08314971625804901,0.08250410854816437,0.03547418862581253,63.73515319824219,63.968109130859375
854,0.03175721317529678,0.08339094370603561,0.08225765824317932,0.03553982824087143,63.732791900634766,63.965736389160156
855,0.03167936950922012,0.0836256667971611,0.08204987645149231,0.03561517223715782,63.73042297363281,63.96339416503906
856,0.03152886778116226,0.0838032066822052,0.082119882106781,0.03577602654695511,63.72782516479492,63.96105194091797
857,0.03150127828121185,0.08407539129257202,0.08172479271888733,0.035793736577034,63.725616455078125,63.95871353149414
858,0.03135216236114502,0.08424963057041168,0.08179585635662079,0.03595619276165962,63.72300338745117,63.956356048583984
859,0.031289298087358475,0.0844918042421341,0.08153815567493439,0.03601565212011337,63.720680236816406,63.95401382446289
860,0.0312031377106905,0.08471442759037018,0.08137811720371246,0.036105453968048096,63.71826934814453,63.9516716003418
861,0.031079385429620743,0.0849059522151947,0.08136709779500961,0.03624005615711212,63.71574401855469,63.949337005615234
862,0.031040141358971596,0.08516378700733185,0.0810374915599823,0.036285802721977234,63.713478088378906,63.94700622558594
863,0.030906585976481438,0.08534324914216995,0.08107203245162964,0.03643808513879776,63.71091079711914,63.944671630859375
864,0.030852675437927246,0.0855870470404625,0.08080128580331802,0.03650025650858879,63.70859909057617,63.94234085083008
865,0.030760185793042183,0.08579826354980469,0.08068814873695374,0.03660338371992111,63.706146240234375,63.93999481201172
866,0.030661804601550102,0.08600249886512756,0.08060435205698013,0.03672441095113754,63.70368576049805,63.937679290771484
867,0.030612587928771973,0.08624643087387085,0.0803319662809372,0.036785662174224854,63.701377868652344,63.93535614013672
868,0.03049515001475811,0.08643204718828201,0.08033277094364166,0.03693157806992531,63.6988410949707,63.93303298950195
869,0.0304470993578434,0.08667480200529099,0.08006545156240463,0.03699207678437233,63.69652557373047,63.93070602416992
870,0.030351556837558746,0.08687698841094971,0.07998687028884888,0.03711214289069176,63.694053649902344,63.928382873535156
871,0.03027375414967537,0.08709237724542618,0.07984243333339691,0.03721589222550392,63.691646575927734,63.92607116699219
872,0.0302137341350317,0.0873219296336174,0.07963291555643082,0.037298668175935745,63.689292907714844,63.92375946044922
873,0.030112354084849358,0.08751551061868668,0.07959030568599701,0.03743104636669159,63.68678665161133,63.92143630981445
874,0.03006339818239212,0.08775384724140167,0.07933572679758072,0.03750169277191162,63.684471130371094,63.919124603271484
875,0.029968703165650368,0.08795054256916046,0.07927357405424118,0.03763158619403839,63.6819953918457,63.91682052612305
876,0.029905006289482117,0.08817417174577713,0.07908760011196136,0.037721652537584305,63.679622650146484,63.914512634277344
877,0.02983332797884941,0.08839040994644165,0.07893192768096924,0.0378175750374794,63.67722702026367,63.912200927734375
878,0.029748139902949333,0.08859364688396454,0.07884030044078827,0.0379360131919384,63.674781799316406,63.9099006652832
879,0.029694601893424988,0.088824063539505,0.07861900329589844,0.03801540285348892,63.672447204589844,63.90760040283203
880,0.029603496193885803,0.08902039378881454,0.0785544216632843,0.0381433442234993,63.669979095458984,63.90530014038086
881,0.02954794093966484,0.08924783766269684,0.07834558188915253,0.03822418674826622,63.667633056640625,63.90299987792969
882,0.029469028115272522,0.08945350348949432,0.0782359167933464,0.03833762928843498,63.66520690917969,63.90070343017578
883,0.029399046674370766,0.08966686576604843,0.0780901089310646,0.03843605890870094,63.66280746459961,63.898399353027344
884,0.029337292537093163,0.08988642692565918,0.07791706174612045,0.03853189945220947,63.660438537597656,63.89611053466797
885,0.02925685979425907,0.09008795768022537,0.07782036811113358,0.03864847868680954,63.657997131347656,63.8938102722168
886,0.029203101992607117,0.09031364321708679,0.07761850953102112,0.03873384743928909,63.655662536621094,63.89153289794922
887,0.02912277914583683,0.09051435440778732,0.07752518355846405,0.038850560784339905,63.65322494506836,63.88923645019531
888,0.029065130278468132,0.0907348245382309,0.07734672725200653,0.03893863782286644,63.65086364746094,63.88694763183594
889,0.028996530920267105,0.09094388782978058,0.07721687108278275,0.039046067744493484,63.648460388183594,63.88466262817383
890,0.028929544612765312,0.09115374833345413,0.07708058506250381,0.03915026783943176,63.64606475830078,63.88237762451172
891,0.028872396796941757,0.09137224406003952,0.07690703123807907,0.039241936057806015,63.643707275390625,63.88010025024414
892,0.02879897505044937,0.09157472848892212,0.0768023133277893,0.03935862332582474,63.64128494262695,63.8778190612793
893,0.028746912255883217,0.09179625660181046,0.0766143798828125,0.03944554924964905,63.638938903808594,63.87554168701172
894,0.028676459565758705,0.09199931472539902,0.07650898396968842,0.03955633565783501,63.63652420043945,63.87326431274414
895,0.028620535507798195,0.09221617877483368,0.07633884251117706,0.03965247794985771,63.6341552734375,63.8709831237793
896,0.028557997196912766,0.0924253836274147,0.07620272040367126,0.03975341469049454,63.63177490234375,63.86871337890625
897,0.02849654294550419,0.0926349014043808,0.07606540620326996,0.03986099362373352,63.6293830871582,63.86643981933594
898,0.028441719710826874,0.09285013377666473,0.07590293139219284,0.039954882115125656,63.62702178955078,63.86417007446289
899,0.02837739884853363,0.09305484592914581,0.07578525692224503,0.04006552696228027,63.62461853027344,63.861900329589844
900,0.028326058760285378,0.09327229857444763,0.07560929656028748,0.04015801101922989,63.62227249145508,63.85963821411133
901,0.028262265026569366,0.09347636252641678,0.0754946619272232,0.04026617854833603,63.619869232177734,63.85736846923828
902,0.028210071846842766,0.09369144588708878,0.07532738894224167,0.04036026448011398,63.617515563964844,63.855106353759766
903,0.02815161645412445,0.0938991829752922,0.07519277930259705,0.040466681122779846,63.6151237487793,63.85283279418945
904,0.028095850721001625,0.09410923719406128,0.07505062222480774,0.04056926071643829,63.612754821777344,63.85057830810547
905,0.02804272249341011,0.09432126581668854,0.07489625364542007,0.040668755769729614,63.61039352416992,63.848323822021484
906,0.027984464541077614,0.09452681243419647,0.07476846128702164,0.040771547704935074,63.608001708984375,63.84605407714844
907,0.027935225516557693,0.0947413370013237,0.07460366189479828,0.040866728872060776,63.605655670166016,63.84380340576172
908,0.027877172455191612,0.09494565427303314,0.07448061555624008,0.040977396070957184,63.60326385498047,63.84154510498047
909,0.02782771736383438,0.0951593890786171,0.07431992888450623,0.041070763021707535,63.60091018676758,63.83928680419922
910,0.0277722105383873,0.09536521136760712,0.07419117540121078,0.0411737896502018,63.59853744506836,63.837039947509766
911,0.02772200107574463,0.09557605534791946,0.07403530180454254,0.04127441346645355,63.59617614746094,63.83478546142578
912,0.02767019532620907,0.09578444808721542,0.07389435172080994,0.04137449339032173,63.59381103515625,63.83253479003906
913,0.02761797048151493,0.0959920734167099,0.07375749945640564,0.0414760559797287,63.59143829345703,63.83028030395508
914,0.02756960690021515,0.09620283544063568,0.07360459864139557,0.041574783623218536,63.589088439941406,63.828041076660156
915,0.027515975758433342,0.09640767425298691,0.07347509264945984,0.04167621210217476,63.58671188354492,63.82578659057617
916,0.027470925822854042,0.09662014245986938,0.07331553846597672,0.041772808879613876,63.58436965942383,63.82354736328125
917,0.02741738222539425,0.09682324528694153,0.07319093495607376,0.041880883276462555,63.581993103027344,63.82130432128906
918,0.027373220771551132,0.09703638404607773,0.07302679121494293,0.041972771286964417,63.579647064208984,63.81905746459961
919,0.02732015959918499,0.09723911434412003,0.07290637493133545,0.042080339044332504,63.5772705078125,63.81681823730469
920,0.027276521548628807,0.09745116531848907,0.07274112850427628,0.04217296093702316,63.57493591308594,63.814579010009766
921,0.02722696214914322,0.09765537828207016,0.07261546701192856,0.042278584092855453,63.57256317138672,63.812339782714844
922,0.02718140184879303,0.09786461293697357,0.07246594876050949,0.04237522929906845,63.570213317871094,63.81010055541992
923,0.027134941890835762,0.09807142615318298,0.07232481241226196,0.04247409850358963,63.5678596496582,63.807865142822266
924,0.027088750153779984,0.09827761352062225,0.07218468934297562,0.04257562756538391,63.56549835205078,63.805625915527344
925,0.027045395225286484,0.09848634153604507,0.07203468680381775,0.04267158731818199,63.563148498535156,63.80338668823242
926,0.026998024433851242,0.09868993610143661,0.07190772145986557,0.04277441278100014,63.560794830322266,63.80116653442383
927,0.026957307010889053,0.09890089184045792,0.07174660265445709,0.04286910220980644,63.5584602355957,63.79893493652344
928,0.026909081265330315,0.09910240024328232,0.07162707298994064,0.04297523945569992,63.55609130859375,63.79670333862305
929,0.026870500296354294,0.0993143618106842,0.07146099209785461,0.04306657984852791,63.55376434326172,63.79447555541992
930,0.026823125779628754,0.09951497614383698,0.0713425874710083,0.04317278042435646,63.551395416259766,63.7922477722168
931,0.026784569025039673,0.09972647577524185,0.07118280977010727,0.04326425492763519,63.549072265625,63.79003143310547
932,0.026738783344626427,0.09992764890193939,0.07105740904808044,0.04336950555443764,63.54670715332031,63.78779983520508
933,0.02670115791261196,0.10013765096664429,0.07089582085609436,0.04346467927098274,63.544376373291016,63.78557586669922
934,0.026656499132514,0.10033959150314331,0.070771723985672,0.04356532171368599,63.542015075683594,63.783348083496094
935,0.026618503034114838,0.10054834932088852,0.070618636906147,0.04366013780236244,63.5396842956543,63.781131744384766
936,0.02657606452703476,0.1007508635520935,0.07048933207988739,0.04376007989048958,63.53733444213867,63.77891159057617
937,0.02653825655579567,0.10095838457345963,0.07033565640449524,0.04385852441191673,63.53499221801758,63.77668380737305
938,0.02649647369980812,0.10116160660982132,0.07020368427038193,0.04395584762096405,63.532649993896484,63.77446746826172
939,0.026458417996764183,0.10136829316616058,0.07005806267261505,0.04405079409480095,63.53031539916992,63.77225112915039
940,0.026418954133987427,0.10157182812690735,0.0699220597743988,0.044150903820991516,63.527976989746094,63.770042419433594
941,0.026381980627775192,0.1017775610089302,0.06977535784244537,0.04425148665904999,63.52564239501953,63.76782989501953
942,0.026342367753386497,0.10198092460632324,0.06964109092950821,0.04434625804424286,63.52330017089844,63.76560974121094
943,0.02630516141653061,0.10218659043312073,0.06949780136346817,0.04444173723459244,63.52096939086914,63.76340103149414
944,0.026267513632774353,0.10238920152187347,0.06936246901750565,0.04454072564840317,63.51862716674805,63.76118850708008
945,0.02623196318745613,0.10259486734867096,0.06921228021383286,0.04463941603899002,63.51629638671875,63.758975982666016
946,0.026193486526608467,0.1027970165014267,0.06908121705055237,0.04473666101694107,63.51395797729492,63.75676727294922
947,0.026158470660448074,0.10300318896770477,0.06893453001976013,0.04482625052332878,63.511634826660156,63.75455856323242
948,0.026120932772755623,0.10320406407117844,0.06880464404821396,0.044928714632987976,63.50928497314453,63.752342224121094
949,0.02608862891793251,0.10341118276119232,0.06864563375711441,0.04502231627702713,63.50697708129883,63.750144958496094
950,0.02604937180876732,0.10361013561487198,0.068526990711689,0.04512447491288185,63.50463104248047,63.74794387817383
951,0.026018235832452774,0.1038190945982933,0.06836733967065811,0.04520870000123978,63.5023193359375,63.745731353759766
952,0.025979168713092804,0.10401502996683121,0.06825517117977142,0.04531427100300789,63.499969482421875,63.743534088134766
953,0.02595187909901142,0.10422661155462265,0.06808117777109146,0.04540387541055679,63.49766159057617,63.74132537841797
954,0.025909896939992905,0.10441847145557404,0.0679851621389389,0.04551370069384575,63.49530029296875,63.73912811279297
955,0.025885261595249176,0.10463447868824005,0.06779570877552032,0.04558835178613663,63.493019104003906,63.73692321777344
956,0.025840912014245987,0.10482080280780792,0.06771876662969589,0.04570605233311653,63.49063491821289,63.73472213745117
957,0.02582315169274807,0.10504311323165894,0.06750163435935974,0.045779500156641006,63.488380432128906,63.73252868652344
958,0.025772789493203163,0.10522045195102692,0.06746021658182144,0.04590493068099022,63.4859733581543,63.73033142089844
959,0.02576177567243576,0.10545355826616287,0.06720376014709473,0.04596070200204849,63.48375701904297,63.7281379699707
960,0.02570292353630066,0.10561667382717133,0.06721903383731842,0.046104006469249725,63.481300354003906,63.72594451904297
961,0.025706330314278603,0.10586732625961304,0.06688787788152695,0.046144187450408936,63.479148864746094,63.7237548828125
962,0.02563166804611683,0.10600651800632477,0.066999651491642,0.04632149264216423,63.47660827636719,63.7215690612793
963,0.025655465200543404,0.10628809034824371,0.06655824184417725,0.0463164746761322,63.474571228027344,63.719390869140625
964,0.025554077699780464,0.10638600587844849,0.06683246791362762,0.0465521402657032,63.47189712524414,63.717220306396484
965,0.0256161168217659,0.10672134160995483,0.06619298458099365,0.04649408906698227,63.47003173828125,63.715057373046875
966,0.025467408820986748,0.10674674063920975,0.06676436215639114,0.04684264957904816,63.46711349487305,63.71293640136719
967,0.025592949241399765,0.1071794182062149,0.0658007338643074,0.04669377952814102,63.46559524536133,63.71086120605469
968,0.0253581739962101,0.1070726290345192,0.06695887446403503,0.0472678542137146,63.462223052978516,63.70888137817383
969,0.025604918599128723,0.1076841875910759,0.06544321775436401,0.04701750725507736,63.4613151550293,63.70706558227539
970,0.02521185390651226,0.10733155161142349,0.06779491901397705,0.04813013970851898,63.45709991455078,63.705570220947266
971,0.025680439546704292,0.10828159749507904,0.0654996857047081,0.047869086265563965,63.457359313964844,63.704689025878906
972,0.024990249425172806,0.10746056586503983,0.07059168070554733,0.05037104710936546,63.45155334472656,63.7049674987793
973,0.025889238342642784,0.10906332731246948,0.06765472888946533,0.05085405707359314,63.45402526855469,63.70748519897461
974,0.02463858760893345,0.10733095556497574,0.07978846877813339,0.05755504593253136,63.44511413574219,63.71442794799805
975,0.026393383741378784,0.11022036522626877,0.0791056752204895,0.06241721659898758,63.45196533203125,63.7301025390625
976,0.024076640605926514,0.10667923837900162,0.11224225163459778,0.08333670347929001,63.4369010925293,63.76323699951172
977,0.0276141669601202,0.11215931177139282,0.1302480250597,0.10910293459892273,63.45249938964844,63.83162307739258
978,0.023325636982917786,0.10496402531862259,0.23509986698627472,0.18358728289604187,63.42500305175781,63.971981048583984
979,0.030833112075924873,0.11577315628528595,0.35173124074935913,0.30315348505973816,63.4585075378418,64.26000213623047
980,0.023194346576929092,0.10109604150056839,0.7304011583328247,0.5940573215484619,63.40546417236328,64.85420989990234
981,0.04048194736242294,0.12308628112077713,1.3112406730651855,1.1296136379241943,63.476200103759766,66.08061981201172
982,0.028657032176852226,0.09309253096580505,2.799372434616089,2.3237688541412354,63.370365142822266,68.6152572631836
983,0.0732569545507431,0.13867008686065674,5.401656150817871,4.628256320953369,63.51838684082031,73.76022338867188
984,0.06125211343169212,0.07864397764205933,11.139032363891602,9.305057525634766,63.3070182800293,83.89100646972656
985,0.18435126543045044,0.17041191458702087,20.49463653564453,17.51205825805664,63.60389709472656,101.9653549194336
986,0.16174538433551788,0.060907844454050064,35.682533264160156,29.70644187927246,63.216827392578125,128.82846069335938
987,0.41126391291618347,0.20755082368850708,47.53255844116211,40.54377365112305,63.702552795410156,152.397705078125
988,0.16076229512691498,0.056196290999650955,45.83827209472656,37.62602996826172,63.197845458984375,146.8791046142578
989,0.3177628517150879,0.16434034705162048,20.44747543334961,17.283220291137695,63.60906982421875,101.82186889648438
990,0.06700419634580612,0.09571249783039093,0.9613034129142761,0.6903035640716553,63.40690994262695,65.22123718261719
991,0.043705426156520844,0.07713720947504044,8.24984073638916,6.70098876953125,63.34219741821289,78.41387176513672
992,0.4996699392795563,0.15967880189418793,21.902055740356445,18.419876098632812,63.62722396850586,104.60850524902344
993,0.04652658477425575,0.0670333206653595,15.673954010009766,12.330402374267578,63.31658935546875,91.43450927734375
994,0.24570097029209137,0.10613751411437988,0.8108415007591248,0.6123068332672119,63.48808288574219,65.26306915283203
995,0.3949706554412842,0.12270679324865341,5.9242777824401855,4.841652870178223,63.55453109741211,74.838134765625
996,0.06313610076904297,0.06459391862154007,14.377830505371094,11.544554710388184,63.340354919433594,89.39047241210938
997,0.39895352721214294,0.11736764013767242,5.096097469329834,4.409629821777344,63.56398010253906,73.58602905273438
998,0.26516973972320557,0.09785007685422897,0.4897686541080475,0.409868061542511,63.51044845581055,64.77310180664062
999,0.0811222493648529,0.06743200868368149,8.146721839904785,6.584305286407471,63.395076751708984,78.274658203125
1000,0.3961331248283386,0.11513107270002365,6.5346879959106445,5.4004106521606445,63.597965240478516,76.04432678222656
1001,0.16220344603061676,0.08386301249265671,0.25459206104278564,0.1425451934337616,63.4979248046875,64.14112854003906
1002,0.07785865664482117,0.07020571082830429,3.972604274749756,3.0392096042633057,63.45046615600586,70.61034393310547
1003,0.3023639917373657,0.10780725628137589,5.630357265472412,4.679014682769775,63.61513137817383,74.33467102050781
1004,0.08952607214450836,0.0760309174656868,0.8185779452323914,0.648768961429596,63.50355911254883,65.13645935058594
1005,0.06093132495880127,0.07188870757818222,1.7347811460494995,1.338560938835144,63.49635696411133,66.70252227783203
1006,0.19876302778720856,0.10014672577381134,4.182125568389893,3.578885316848755,63.62452697753906,71.6844482421875
1007,0.04667999595403671,0.07173463702201843,1.1929196119308472,0.9350801706314087,63.515968322753906,65.76238250732422
1008,0.04511895403265953,0.0727149248123169,0.7218338251113892,0.5856432318687439,63.52867889404297,64.95398712158203
1009,0.12841299176216125,0.09366940706968307,3.0331766605377197,2.498415946960449,63.6247444152832,69.37841796875
